Watch,strike,open_interest.yt,open_interest.td,OI_Dollar.yt,OI_Dollar.td,Date.td,expiry,stkClose,diff_oi,diff_oi_d,totalOI,totalOIdiff,OI_pct,cum_sep_OI,pct
768.16,400,13714,13705,504894624,504563280,2026-09-30,2026-12-18,767.206,-9,-331343.99999994,3397936134,74902415,14.8491101687081,14.8491101687081,-0.00065669463699368
786,750,29814,29793,99459504,107254800,2026-09-30,2026-12-18,767.206,-21,7795296,3397936134,74902415,3.15646897911943,18.0055791478275,0.0726801597690733
771.11,570,5213,5213,110359210,104838643,2026-09-30,2026-12-18,767.206,0,-5520566.99999999,3397936134,74902415,3.08536237485387,21.0909415226814,-0.0526577494903285
775.67,500,3699,3699,101970333,101970333,2026-09-30,2026-12-18,767.206,0,0,3397936134,74902415,3.00094907551903,24.0918905982004,0
773.36,550,3962,3962,87025330,88495232,2026-09-30,2026-12-18,767.206,0,1469902,3397936134,74902415,2.60438185151599,26.6962724497164,0.0166099570200573
770.59,540,3483,3482,80568756,80291438,2026-09-30,2026-12-18,767.206,-1,-277318,3397936134,74902415,2.36294723719489,29.0592196869113,-0.00345389255576666
778.86,700,10096,10095,75911824,79609170,2026-09-30,2026-12-18,767.206,-1,3697346,3397936134,74902415,2.34286834303402,31.4020880299453,0.046443719988539
771.91,600,4502,4502,78217748,77393882,2026-09-30,2026-12-18,767.206,0,-823866.000000015,3397936134,74902415,2.27767323892851,33.6797612688738,-0.0106451049968008
771.83,520,3019,3019,76027477,76027477,2026-09-30,2026-12-18,767.206,0,0,3397936134,74902415,2.23746044663004,35.9172217155039,0
770.49,635,4349,4349,58924601,58924601,2026-09-30,2026-10-16,767.206,0,0,450820741,44945749,13.0705168686993,13.0705168686993,0
780.34,535,2370,2370,58145580,58145580,2026-09-30,2026-12-18,767.206,0,0,3397936134,74902415,1.71120285099508,37.6284245664989,0
807.93,800,70700,71056,47793200,56347408,2026-09-30,2026-12-18,767.206,356,8554207.99999999,3397936134,74902415,1.6582833160454,39.2867078825443,0.151811916530393
774.93,495,1960,1960,54866280,54866280,2026-09-30,2026-12-18,767.206,0,0,3397936134,74902415,1.61469426841205,40.9014021509564,0
770.92,515,2045,2042,52335640,52258864,2026-09-30,2026-12-18,767.206,-3,-76776.0000000075,3397936134,74902415,1.53795898272172,42.4393611336781,-0.00146914789422149
779.11,710,7392,7393,48979392,51093023,2026-09-30,2026-12-18,767.206,1,2113630.99999999,3397936134,74902415,1.50364871454644,43.9430098482245,0.0413682901479521
770.78,530,2121,2119,51069438,51021282,2026-09-30,2026-12-18,767.206,-2,-48156,3397936134,74902415,1.5015374035279,45.4445472517524,-0.000943841434638981
769.38,510,1963,1962,52245245,50890356,2026-09-30,2026-12-18,767.206,-1,-1354888.99999999,3397936134,74902415,1.49768429991333,46.9422315516658,-0.0266236887790683
796.33,780,29975,30319,43553675,49510927,2026-09-30,2026-12-18,767.206,344,5957251.99999999,3397936134,74902415,1.45708821612596,48.3993197677917,0.120321964482709
773.95,605,2746,2746,46393670,46393670,2026-09-30,2026-12-18,767.206,0,0,3397936134,74902415,1.36534849892502,49.7646682667168,0
778.24,680,4708,4707,44226952,46241568,2026-09-30,2026-12-18,767.206,-1,2014616.00000001,3397936134,74902415,1.36087219348544,51.1255404602022,0.0435672077555849
774.86,590,2434,2434,44994924,44994924,2026-09-30,2026-12-18,767.206,0,0,3397936134,74902415,1.32418392299306,52.4497243831953,0
776.8,650,3525,3524,42680700,44684320,2026-09-30,2026-12-18,767.206,-1,2003620,3397936134,74902415,1.31504296248789,53.7647673456831,0.0448394425606119
789.15,760,15303,15301,40124466,44602415,2026-09-30,2026-12-18,767.206,-2,4477949,3397936134,74902415,1.31263252871956,55.0773998744027,0.100397007650819
782.75,730,8449,8449,41442345,44568475,2026-09-30,2026-12-18,767.206,0,3126130.00000001,3397936134,74902415,1.3116336871092,56.3890335615119,0.0701421800947869
778.61,620,2731,2731,43316391,43316391,2026-09-30,2026-12-18,767.206,0,0,3397936134,74902415,1.27478531943473,57.6638188809466,0
775.47,675,4289,4290,43091583,43101630,2026-09-30,2026-12-18,767.206,1,10047,3397936134,74902415,1.26846498286774,58.9322838638144,0.000233100233100233
770.2,200,754,754,42993080,42993080,2026-09-30,2026-12-18,767.206,0,0,3397936134,74902415,1.26527039663306,60.1975542604474,0
774.63,700,5685,5684,40659120,42419692,2026-09-30,2026-11-20,767.206,-1,1760572.00000001,385506742,26921533,11.0036187123285,11.0036187123285,0.0415036488242302
773.84,560,1917,1917,40745835,40993128,2026-09-30,2026-12-18,767.206,0,247293,3397936134,74902415,1.20641255113125,61.4039668115787,0.00603254769921437
762.67,641,3239,3239,39408913,39408913,2026-09-30,2026-10-30,767.206,0,0,364015151,24713100,10.8261738259351,10.8261738259351,0
776.09,505,1432,1432,38820088,38820088,2026-09-30,2026-12-18,767.206,0,0,3397936134,74902415,1.14246078999435,62.5464276015731,0
774.93,580,1988,1988,38752084,38752084,2026-09-30,2026-12-18,767.206,0,0,3397936134,74902415,1.14045945749962,63.6868870590727,0
774.39,545,1686,1686,38488008,38675154,2026-09-30,2026-12-18,767.206,0,187146,3397936134,74902415,1.13819543613588,64.8250824952086,0.00483892061554558
792.17,770,16300,16354,32551100,36256818,2026-09-30,2026-12-18,767.206,54,3705718.00000001,3397936134,74902415,1.06702470470859,65.8921071999171,0.102207479983489
770,555,1649,1649,35453500,35453500,2026-09-30,2026-12-18,767.206,0,0,3397936134,74902415,1.04338335394976,66.9354905538669,0
770.78,565,1684,1684,35567764,34653352,2026-09-30,2026-12-18,767.206,0,-914412,3397936134,74902415,1.01983529511506,67.955325848982,-0.0263874040237147
787.24,755,10558,10557,31029962,34035768,2026-09-30,2026-12-18,767.206,-1,3005806,3397936134,74902415,1.00166002708043,68.9569858760624,0.0883131533861672
786.16,745,8246,8249,30938992,33952884,2026-09-30,2026-12-18,767.206,3,3013892,3397936134,74902415,0.999220781705251,69.9562066577676,0.0887668923794514
790.15,765,13278,13310,30539400,33474650,2026-09-30,2026-12-18,767.206,32,2935250,3397936134,74902415,0.985146532480413,70.9413531902481,0.0876857562364356
778.89,475,1084,1084,32941676,32941676,2026-09-30,2026-12-18,767.206,0,0,3397936134,74902415,0.96946130536072,71.9108144956088,0
781.65,640,2240,2240,31729600,31729600,2026-09-30,2026-12-18,767.206,0,0,3397936134,74902415,0.933790358285763,72.8446048538945,0
779.06,690,3473,3472,29996301,30921632,2026-09-30,2026-12-18,767.206,-1,925331,3397936134,74902415,0.910012159751794,73.7546170136463,0.0299250375918063
777.67,689,3379,3379,29961593,29961593,2026-09-30,2026-10-30,767.206,0,0,364015151,24713100,8.23086426971277,19.0570380956478,0
782.65,725,5045,5045,29084425,29084425,2026-09-30,2026-12-18,767.206,0,0,3397936134,74902415,0.855943839231676,74.610560852878,0
768.41,688,3503,3558,27684209,28609878,2026-09-30,2026-10-30,767.206,55,925668.999999993,364015151,24713100,7.85952945128924,26.9165675469371,0.0323548740753104
781.43,740,6887,6887,28525954,28532841,2026-09-30,2026-12-18,767.206,0,6886.99999999255,3397936134,74902415,0.83971092671514,75.4502717795931,0.000241370987207077
775.4,595,1512,1512,27276480,27276480,2026-09-30,2026-12-18,767.206,0,0,3397936134,74902415,0.802736688517171,76.2530084681103,0
780.81,705,3574,3575,25493342,27102075,2026-09-30,2026-12-18,767.206,1,1608733,3397936134,74902415,0.797604014060613,77.0506124821709,0.0593582963666066
772.59,600,1555,1555,26500310,26837745,2026-09-30,2026-11-20,767.206,0,337435.000000004,385506742,26921533,6.96167980377371,17.9652985161022,0.0125731502404544
776.89,650,2072,2072,26291608,26291608,2026-09-30,2026-11-20,767.206,0,0,385506742,26921533,6.82001250188252,24.7853110179847,0
777.06,685,2825,2825,25707500,26006950,2026-09-30,2026-12-18,767.206,0,299450,3397936134,74902415,0.765374891534086,77.815987373705,0.0115142298500978
777.18,720,4486,4485,25650948,25645230,2026-09-30,2026-12-18,767.206,-1,-5718,3397936134,74902415,0.754729606109778,78.5707169798148,-0.000222965440356745
798.85,785,18108,18131,21729600,25111435,2026-09-30,2026-12-18,767.206,23,3381835,3397936134,74902415,0.739020217264625,79.3097371970794,0.134673108088009
770.68,485,877,878,25054136,25082704,2026-09-30,2026-12-18,767.206,1,28568,3397936134,74902415,0.738174674592045,80.0479118716715,0.00113895216400911
776.08,670,2360,2360,25034880,25034880,2026-09-30,2026-12-18,767.206,0,0,3397936134,74902415,0.736767232011783,80.7846791036832,0
774.37,625,1624,1624,24257688,24257688,2026-09-30,2026-12-18,767.206,0,0,3397936134,74902415,0.713894759741826,81.4985738634251,0
771.09,635,1766,1765,24033494,24019885,2026-09-30,2026-12-18,767.206,-1,-13609,3397936134,74902415,0.706896305661994,82.2054701690871,-0.00056657223796034
775.27,615,1467,1467,23567355,23511609,2026-09-30,2026-12-18,767.206,0,-55745.9999999963,3397936134,74902415,0.691937931520875,82.8974081006079,-0.00237099893928979
758.4,570,1235,1235,23267400,23267400,2026-09-30,2026-10-30,767.206,0,0,364015151,24713100,6.39187680405094,33.308444350988,0
793.91,775,12209,12241,20572165,23147731,2026-09-30,2026-12-18,767.206,32,2575566,3397936134,74902415,0.681229136957052,83.578637237565,0.111266456310556
769.6,490,820,820,23177300,22927200,2026-09-30,2026-12-18,767.206,0,-250099.999999993,3397936134,74902415,0.674738991430379,84.2533762289954,-0.0109084406294703
786.78,770,13334,13520,19654316,22686560,2026-09-30,2026-11-20,767.206,186,3032244,385506742,26921533,5.88486724831391,30.6701782662987,0.133658165892052
767.93,450,701,701,22286893,22286893,2026-09-30,2026-10-16,767.206,0,0,450820741,44945749,4.94362636256791,18.0141432312672,0
772.05,610,1357,1357,21435172,21990185,2026-09-30,2026-12-18,767.206,0,555013,3397936134,74902415,0.647162987554845,84.9005392165502,0.0252391237272447
770.36,680,2415,2414,21536970,21812904,2026-09-30,2026-10-16,767.206,-1,275934,450820741,44945749,4.83848723366523,22.8526304649324,0.012650035043477
761.8,210,382,382,21078760,21078760,2026-09-30,2026-12-18,767.206,0,0,3397936134,74902415,0.620340087887008,85.5208793044372,0
781.07,735,4548,4550,22089636,20961850,2026-09-30,2026-12-18,767.206,2,-1127786,3397936134,74902415,0.616899469953369,86.1377787743906,-0.053801835238779
764.78,525,853,853,20453234,20453234,2026-09-30,2026-12-18,767.206,0,0,3397936134,74902415,0.601931089738369,86.739709864129,0
771.95,750,8859,8833,16832100,19388435,2026-09-30,2026-10-16,767.206,-26,2556335,450820741,44945749,4.30069720328151,27.1533276682139,0.131848444704279
780.88,665,1647,1647,19085436,19085436,2026-09-30,2026-12-18,767.206,0,0,3397936134,74902415,0.561677301966618,87.3013871660956,0
771.45,740,4944,5689,13551504,17891905,2026-09-30,2026-10-16,767.206,745,4340401,450820741,44945749,3.96874042669656,31.1220680949105,0.242590210489045
776.66,695,2166,2166,17687556,17687556,2026-09-30,2026-12-18,767.206,0,0,3397936134,74902415,0.520538212093424,87.821925378189,0
769.86,585,942,941,17413812,17395326,2026-09-30,2026-12-18,767.206,-1,-18486.0000000037,3397936134,74902415,0.511937991592634,88.3338633697816,-0.00106269925611073
777.78,575,845,845,17134910,17134910,2026-09-30,2026-12-18,767.206,0,0,3397936134,74902415,0.504274045310823,88.8381374150925,0
769.1,693,2175,2176,16551750,16559360,2026-09-30,2026-10-30,767.206,1,7609.99999999814,364015151,24713100,4.5490853758447,37.8575297268327,0.000459558823529299
768.07,695,2243,2241,16750724,16374987,2026-09-30,2026-10-30,767.206,-2,-375737.000000002,364015151,24713100,4.49843556099675,42.3559652878295,-0.0229457892088709
801.64,790,13803,13940,13761591,16226160,2026-09-30,2026-12-18,767.206,137,2464569,3397936134,74902415,0.477529869900727,89.3156672849932,0.151888616900117
776.69,660,1385,1385,16161565,16161565,2026-09-30,2026-12-18,767.206,0,0,3397936134,74902415,0.475628863011467,89.7912961480047,0
778.23,715,2504,2504,16208392,15832792,2026-09-30,2026-12-18,767.206,0,-375600.000000004,3397936134,74902415,0.465953195575865,90.2572493435805,-0.023722916337182
777.44,770,20394,20377,11787732,15160488,2026-09-30,2026-10-16,767.206,-17,3372756,450820741,44945749,3.36286391046946,34.4849320053799,0.222470147398949
783.09,760,6496,6475,13570144,14950775,2026-09-30,2026-11-20,767.206,-21,1380631,385506742,26921533,3.87821362667634,34.548391892975,0.092345112544333
769.85,450,465,462,14873025,14777070,2026-09-30,2026-12-18,767.206,-3,-95954.9999999981,3397936134,74902415,0.434883688723268,90.6921330323038,-0.00649350649350637
772.75,645,1155,1155,14755125,14755125,2026-09-30,2026-12-18,767.206,0,0,3397936134,74902415,0.434237855513502,91.1263708878173,0
774.08,760,10414,10404,11976100,14648832,2026-09-30,2026-10-16,767.206,-10,2672732,450820741,44945749,3.24936957592197,37.7343015813019,0.182453590839188
788.89,775,9989,10149,12076701,14096961,2026-09-30,2026-11-20,767.206,160,2020260,385506742,26921533,3.65673526923687,38.2051271622119,0.143311739317432
791.35,780,11898,12387,11529162,14059245,2026-09-30,2026-11-20,767.206,489,2530083,385506742,26921533,3.64695178275248,41.8520789449643,0.179958667766299
781.35,750,4285,4282,11998000,13424070,2026-09-30,2026-11-20,767.206,-3,1426070,385506742,26921533,3.48218812733501,45.3342670722994,0.106232312554985
832.26,830,57183,57449,9263646,12983474,2026-09-30,2026-12-18,767.206,266,3719828,3397936134,74902415,0.382098823756174,91.5084697115735,0.28650482913895
771.1,630,904,907,12755440,12797770,2026-09-30,2026-12-18,767.206,3,42330,3397936134,74902415,0.376633623920843,91.8851033354943,0.00330760749724366
772.39,655,1090,1078,12795510,12654642,2026-09-30,2026-12-18,767.206,-12,-140868,3397936134,74902415,0.372421419972457,92.2575247554668,-0.0111317254174397
784.8,765,6317,6365,11155822,12602700,2026-09-30,2026-11-20,767.206,48,1446878,385506742,26921533,3.26912570571853,48.6033927780179,0.114806985804629
767.34,685,1499,1510,12342766,12433340,2026-09-30,2026-10-16,767.206,11,90574,450820741,44945749,2.7579343338154,40.4922359151173,0.00728476821192053
815.22,810,23483,23523,10168139,12279006,2026-09-30,2026-12-18,767.206,40,2110867,3397936134,74902415,0.361366591830122,92.6188913472969,0.171908621919396
788.43,783,22297,22359,9721492,12140937,2026-09-30,2026-10-30,767.206,62,2419445,364015151,24713100,3.33528342615607,45.6912487139855,0.19927992378183
777.92,698,1494,1494,11940048,11940048,2026-09-30,2026-10-30,767.206,0,0,364015151,24713100,3.28009643752438,48.9713451515099,0
771.22,700,1656,1661,11138256,11829642,2026-09-30,2026-10-30,767.206,5,691385.999999998,364015151,24713100,3.24976638128999,52.2211115327999,0.0584452175306741
765.57,415,329,329,11533753,11533753,2026-09-30,2026-12-18,767.206,0,0,3397936134,74902415,0.339434072482776,92.9583254197797,0
771.45,690,1477,1414,11802707,11517030,2026-09-30,2026-11-20,767.206,-63,-285677,385506742,26921533,2.98750417184662,51.5908969498645,-0.024804745667937
773.92,630,783,783,11268936,11268936,2026-09-30,2026-11-20,767.206,0,0,385506742,26921533,2.92314887712132,54.5140458269858,0
768.41,300,240,240,11241840,11241840,2026-09-30,2026-12-18,767.206,0,0,3397936134,74902415,0.330843181174399,93.2891686009541,0
768.34,680,1257,1258,10548744,11113172,2026-09-30,2026-10-09,767.206,1,564428,117657460,21866105,9.445361135622,9.445361135622,0.0507890996377992
769.36,440,336,336,11066496,11066496,2026-09-30,2026-12-18,767.206,0,0,3397936134,74902415,0.325682872296151,93.6148514732502,0
811.45,805,16336,16268,8772432,10492860,2026-09-30,2026-12-18,767.206,-68,1720428,3397936134,74902415,0.30880097759954,93.9236524508497,0.163961779724498
773.78,720,1911,1916,10042305,10304248,2026-09-30,2026-11-20,767.206,5,261943.000000002,385506742,26921533,2.67290993318088,57.1869557601667,0.0254208749634133
804.56,795,10524,10544,8682300,10080064,2026-09-30,2026-12-18,767.206,20,1397764,3397936134,74902415,0.296652544441261,94.220304995291,0.138666183071854
777.69,745,3010,3008,9586850,9833152,2026-09-30,2026-11-20,767.206,-2,246301.999999998,385506742,26921533,2.55070817931376,59.7376639394805,0.0250481229213174
772.12,425,280,280,9719360,9719360,2026-09-30,2026-12-18,767.206,0,0,3397936134,74902415,0.286037159520079,94.5063421548111,0
770,690,1195,1193,8918285,9544000,2026-09-30,2026-10-16,767.206,-2,625715,450820741,44945749,2.11702770791551,42.6092636230328,0.0655610854987427
769.46,735,2693,2694,8706469,9283524,2026-09-30,2026-10-16,767.206,1,577055,450820741,44945749,2.05924953217714,44.66851315521,0.0621590465000144
767.09,405,254,254,9197086,9197086,2026-09-30,2026-12-18,767.206,0,0,3397936134,74902415,0.27066682943135,94.7770089842424,0
796.96,790,13106,13189,7863600,9179544,2026-09-30,2026-11-20,767.206,83,1315944,385506742,26921533,2.38116302515923,62.1188269646397,0.14335614056646
794.09,785,9843,9868,7569267,8970012,2026-09-30,2026-11-20,767.206,25,1400745,385506742,26921533,2.32681066833327,64.445637632973,0.156158653968356
777.58,735,2058,2059,9129288,8767222,2026-09-30,2026-11-20,767.206,1,-362066,385506742,26921533,2.27420717845708,66.71984481143,-0.0412976881388426
786.84,785,46029,46041,6167886,8471544,2026-09-30,2026-10-16,767.206,12,2303658,450820741,44945749,1.87913803193895,46.5476511871489,0.271928942351005
769.43,695,1112,1114,7622760,8291502,2026-09-30,2026-10-09,767.206,2,668742.000000001,117657460,21866105,7.04715366114482,16.4925147967668,0.0806539032373147
779.98,775,15610,16202,5853750,8068596,2026-09-30,2026-10-16,767.206,592,2214846,450820741,44945749,1.78975705112911,48.337408238278,0.274502032323839
779.58,740,2020,2038,7241700,8066404,2026-09-30,2026-11-20,767.206,18,824703.999999999,385506742,26921533,2.09241580527274,68.8122606167028,0.102239362174272
775.3,765,7507,7658,6328401,7887740,2026-09-30,2026-10-16,767.206,151,1559339,450820741,44945749,1.74963999715355,50.0870482354316,0.197691480702965
766.68,640,622,622,7879496,7879496,2026-09-30,2026-10-16,767.206,0,0,450820741,44945749,1.7478113323983,51.8348595678299,0
773.41,725,1618,1620,7827884,7842420,2026-09-30,2026-11-20,767.206,2,14535.9999999991,385506742,26921533,2.03431461647433,70.8465752331771,0.00185350950344397
774.1,730,1772,1773,7814520,7818930,2026-09-30,2026-11-20,767.206,1,4410,385506742,26921533,2.02822133782553,72.8747965710027,0.000564015792442188
781.6,770,6966,6669,6805782,7736040,2026-09-30,2026-10-30,767.206,-297,930258,364015151,24713100,2.12519725586917,54.3463087886691,0.120249895295267
770.47,250,147,147,7650909,7650909,2026-09-30,2026-12-18,767.206,0,0,3397936134,74902415,0.225163413857148,95.0021723980996,0
770.2,695,991,991,7199615,7452320,2026-09-30,2026-10-16,767.206,0,252704.999999999,450820741,44945749,1.6530561534213,53.4879157212512,0.033909574468085
819.19,815,17614,17770,6182514,7445630,2026-09-30,2026-12-18,767.206,156,1263116,3397936134,74902415,0.219122129032929,95.2212945271325,0.169645281863321
772.25,430,216,216,7347888,7392600,2026-09-30,2026-12-18,767.206,0,44712,3397936134,74902415,0.217561475803771,95.4388560029363,0.0060482103725347
775,740,2066,2095,6359148,7332500,2026-09-30,2026-10-30,767.206,29,973352,364015151,24713100,2.01433923281946,56.3606480214885,0.132744902829867
776.15,767,7968,8007,5816640,7326405,2026-09-30,2026-10-16,767.206,39,1509765,450820741,44945749,1.62512598327857,55.1130417045297,0.206071736410968
772.33,745,2640,2640,6111600,7215120,2026-09-30,2026-10-16,767.206,0,1103520,450820741,44945749,1.60044100544167,56.7134827099714,0.152945481156239
773.16,755,3891,3965,5809263,7200440,2026-09-30,2026-10-16,767.206,74,1391177,450820741,44945749,1.59718472225305,58.3106674322245,0.193207220669848
762.17,470,246,246,7187382,7187382,2026-09-30,2026-12-18,767.206,0,0,3397936134,74902415,0.211521986186925,95.6503779891232,0
773.65,720,1317,1317,6972198,7065705,2026-09-30,2026-10-30,767.206,0,93507,364015151,24713100,1.94104695383957,58.3016949753281,0.0132339235787512
804.14,800,16770,17048,5869500,7057872,2026-09-30,2026-11-20,767.206,278,1188372,385506742,26921533,1.8308037787832,74.7056003497858,0.168375397003516
776.29,750,2663,2674,6071640,7029946,2026-09-30,2026-10-30,767.206,11,958305.999999999,364015151,24713100,1.93122346163003,60.2329184369581,0.13631769006476
767.57,600,418,418,7004426,7004426,2026-09-30,2026-10-16,767.206,0,0,450820741,44945749,1.55370535624935,59.8643727884738,0
770.16,460,224,224,6947584,6947584,2026-09-30,2026-12-18,767.206,0,0,3397936134,74902415,0.204464819997114,95.8548428091203,0
769.8,700,965,963,6251270,6721740,2026-09-30,2026-10-16,767.206,-2,470469.999999999,450820741,44945749,1.49100061037343,61.3553733988472,0.0699922936620576
785.64,785,75860,104817,3717140,6708288,2026-09-30,2026-10-09,767.206,28957,2991148,117657460,21866105,5.70154072678435,22.1940555235512,0.445888429357833
764.87,315,147,147,6613089,6613089,2026-09-30,2026-12-18,767.206,0,0,3397936134,74902415,0.194620756224019,96.0494635653443,0
775.73,766,6538,6766,5106178,6583318,2026-09-30,2026-10-16,767.206,228,1477140,450820741,44945749,1.46029616680835,62.8156695656556,0.224376218800307
767.69,410,183,183,6545727,6545727,2026-09-30,2026-12-18,767.206,0,0,3397936134,74902415,0.192638317551144,96.2421018828955,0
812.37,810,27472,27603,5247152,6541911,2026-09-30,2026-11-20,767.206,131,1294759,385506742,26921533,1.69696409615581,76.4025644459417,0.197917550391621
766.86,710,1139,1138,6294114,6470668,2026-09-30,2026-10-16,767.206,-1,176554,450820741,44945749,1.43530840787115,64.2509779735267,0.0272852818287076
777.66,760,3593,3628,5655382,6407048,2026-09-30,2026-10-30,767.206,35,751666,364015151,24713100,1.76010476003511,61.9930231969932,0.117318615374818
774.77,690,727,727,6162779,6162779,2026-09-30,2026-10-30,767.206,0,0,364015151,24713100,1.69300068501819,63.6860238820114,0
783.12,780,17546,19501,4035580,6084312,2026-09-30,2026-10-16,767.206,1955,2048732,450820741,44945749,1.34960782560801,65.6005857991347,0.336723692013164
765.09,275,124,124,6077116,6077116,2026-09-30,2026-12-18,767.206,0,0,3397936134,74902415,0.17884726964677,96.4209491525423,0
781.39,780,7994,43624,815388,6063736,2026-09-30,2026-10-09,767.206,35630,5248348,117657460,21866105,5.15371995961837,27.3477754831695,0.865530425467072
768.95,420,173,173,6036835,6036835,2026-09-30,2026-12-18,767.206,0,0,3397936134,74902415,0.177661814758523,96.5986109673008,0
767.05,605,365,365,5914825,5914825,2026-09-30,2026-10-09,767.206,0,0,117657460,21866105,5.0271567990674,32.3749322822369,0
776.84,640,428,428,5856752,5856752,2026-09-30,2026-11-20,767.206,0,0,385506742,26921533,1.51923464933851,77.9217990952802,0
772.56,715,998,998,5666644,5744488,2026-09-30,2026-10-30,767.206,0,77844,364015151,24713100,1.57809035811259,65.264114240124,0.0135510771369006
770.55,480,193,192,5607615,5578560,2026-09-30,2026-12-18,767.206,-1,-29054.9999999991,3397936134,74902415,0.164174951500133,96.7627859188009,-0.00520833333333317
764.13,595,315,315,5327595,5327595,2026-09-30,2026-10-30,767.206,0,0,364015151,24713100,1.46356408115551,66.7276783212795,0
762.09,390,143,143,5320887,5320887,2026-09-30,2026-12-18,767.206,0,0,3397936134,74902415,0.156591730690839,96.9193776494918,0
789.75,785,11040,11025,4140000,5236875,2026-09-30,2026-10-30,767.206,-15,1096875,364015151,24713100,1.4386420415781,68.1663203628577,0.209452201933405
692.58,265,120,120,5130960,5130960,2026-09-30,2026-12-18,767.206,0,0,3397936134,74902415,0.15100224953198,97.0703798990237,0
769.66,590,285,285,5120310,5120310,2026-09-30,2026-10-16,767.206,0,0,450820741,44945749,1.1357751616845,66.7363609608193,0
786.5,780,7592,7871,4076904,5116150,2026-09-30,2026-10-30,767.206,279,1039246,364015151,24713100,1.40547721322731,69.571797576085,0.203130478973447
823.32,820,15225,15202,4141200,5047064,2026-09-30,2026-12-18,767.206,-23,905864,3397936134,74902415,0.148533221372194,97.2189131203959,0.179483359038047
783.82,775,5473,5684,4028128,5013288,2026-09-30,2026-10-30,767.206,211,985160,364015151,24713100,1.37721959820293,70.9490171742879,0.196509755673323
766.89,595,288,288,4950432,4950432,2026-09-30,2026-10-09,767.206,0,0,117657460,21866105,4.20749521534801,36.5824274975849,0
769.12,725,1123,1122,4569487,4950264,2026-09-30,2026-10-16,767.206,-1,380777,450820741,44945749,1.09805595656922,67.8344169173885,0.0769205440356312
770.9,665,462,464,4720254,4913760,2026-09-30,2026-10-16,767.206,2,193506.000000001,450820741,44945749,1.08995872485823,68.9243756422467,0.0393804337208168
781.21,755,1822,1832,4534958,4801672,2026-09-30,2026-11-20,767.206,10,266714,385506742,26921533,1.24554812584834,79.1673472211285,0.055546068119605
772.54,710,766,766,4580680,4790564,2026-09-30,2026-10-30,767.206,0,209884,364015151,24713100,1.31603423287181,72.2650514071597,0.043811960345379
774.32,670,456,456,4662144,4756992,2026-09-30,2026-11-20,767.206,0,94848.0000000009,385506742,26921533,1.23395818587266,80.4013054070012,0.0199386503067487
760.92,435,145,145,4725840,4725840,2026-09-30,2026-12-18,767.206,0,0,3397936134,74902415,0.139079718206381,97.3579928386023,0
766.76,670,464,487,4489664,4712212,2026-09-30,2026-10-16,767.206,23,222548,450820741,44945749,1.04525181994677,69.9696274621935,0.0472279260780288
767.72,701,699,699,4663728,4663728,2026-09-30,2026-10-16,767.206,0,0,450820741,44945749,1.03449721271808,71.0041246749115,0
770.79,680,496,496,4700592,4503184,2026-09-30,2026-11-20,767.206,0,-197408,385506742,26921533,1.16812068620061,81.5694260932018,-0.0438374270294085
775.4,745,1374,1454,3689190,4420160,2026-09-30,2026-10-30,767.206,80,730970,364015151,24713100,1.21427912762895,73.4793305347887,0.165371841743285
767.82,750,2418,2454,3455322,4373028,2026-09-30,2026-10-02,767.206,36,917706,79448835,22839300,5.50420657521284,5.50420657521284,0.209855962504699
769.16,700,622,622,3965250,4301752,2026-09-30,2026-10-02,767.206,0,336502,79448835,22839300,5.41449349131425,10.9187000665271,0.0782244071717756
763.76,370,109,109,4291984,4291984,2026-09-30,2026-12-18,767.206,0,0,3397936134,74902415,0.126311497060056,97.4843043356624,0
735.9,220,82,82,4230380,4230380,2026-09-30,2026-12-18,767.206,0,0,3397936134,74902415,0.124498514191321,97.6088028498537,0
800.53,795,7575,7480,3499650,4136440,2026-09-30,2026-11-20,767.206,-95,636790,385506742,26921533,1.07298771962852,82.6424138128303,0.153946388682055
763.12,300,89,89,4121768,4121768,2026-09-30,2026-11-20,767.206,0,0,385506742,26921533,1.06918181991224,83.7115956327425,0
768.16,755,3044,3099,3028780,4078284,2026-09-30,2026-10-02,767.206,55,1049504,79448835,22839300,5.13322064445627,16.0519207109834,0.257339606560014
769.45,735,1165,1165,4013425,4013425,2026-09-30,2026-10-09,767.206,0,0,117657460,21866105,3.41110967379374,39.9935371713787,0
769.89,650,328,328,3886800,3932392,2026-09-30,2026-10-16,767.206,0,45592,450820741,44945749,0.872273975522346,71.8763986504339,0.0115939611310368
827.56,825,15417,15349,3545910,3929344,2026-09-30,2026-12-18,767.206,-68,383434,3397936134,74902415,0.115639136377011,97.7244419862307,0.0975821918366017
793.3,790,7534,11785,1996510,3889050,2026-09-30,2026-10-30,767.206,4251,1892540,364015151,24713100,1.06837585999271,74.5477063947813,0.486632982347874
775.24,445,117,117,3863808,3863808,2026-09-30,2026-12-18,767.206,0,0,3397936134,74902415,0.113710436206804,97.8381524224375,0
766.97,615,254,254,3860038,3860038,2026-09-30,2026-10-09,767.206,0,0,117657460,21866105,3.28074224957771,43.2742794209564,0
774.1,730,869,869,3883561,3832290,2026-09-30,2026-10-30,767.206,0,-51271,364015151,24713100,1.05278310242642,75.6004894972078,-0.0133786848072562
772.64,660,340,340,3829760,3829760,2026-09-30,2026-11-20,767.206,0,0,385506742,26921533,0.993435284719353,84.7050309174619,0
774.9,761,2720,2717,2970240,3776630,2026-09-30,2026-10-16,767.206,-3,806390.000000001,450820741,44945749,0.837723213803954,72.7141218642378,0.213521049189357
766.09,730,1044,1046,3767796,3775014,2026-09-30,2026-10-16,767.206,2,7218,450820741,44945749,0.837364756472019,73.5514866207099,0.00191204588910134
776.5,768,4372,4411,2986076,3749350,2026-09-30,2026-10-16,767.206,39,763274,450820741,44945749,0.831672028150985,74.3831586488608,0.203575019670076
765.72,700,567,567,3726324,3726324,2026-09-30,2026-10-09,767.206,0,0,117657460,21866105,3.16709539709594,46.4413748180523,0
769.84,745,1475,1474,3070950,3661416,2026-09-30,2026-10-09,767.206,-1,590466,117657460,21866105,3.11192847440358,49.5533032924559,0.161267116328765
638.65,285,103,103,3642595,3642595,2026-09-30,2026-12-18,767.206,0,0,3397936134,74902415,0.107200219673111,97.9453526421106,0
767.04,650,302,302,3534608,3534608,2026-09-30,2026-10-09,767.206,0,0,117657460,21866105,3.00415120299214,52.5574544954481,0
770.82,395,93,93,3495126,3495126,2026-09-30,2026-12-18,767.206,0,0,3397936134,74902415,0.102860261704966,98.0482129038156,0
767.84,625,240,240,3428160,3428160,2026-09-30,2026-10-16,767.206,0,0,450820741,44945749,0.760426415252266,75.1435850641131,0
773.9,762,2898,2761,2961756,3285590,2026-09-30,2026-10-16,767.206,-137,323834,450820741,44945749,0.728801872050514,75.8723869361636,0.0985619021241238
778.33,772,5101,5134,2494389,3249822,2026-09-30,2026-10-16,767.206,33,755433,450820741,44945749,0.720867898134261,76.5932548342979,0.232453654384763
766.74,615,211,211,3201714,3201714,2026-09-30,2026-10-16,767.206,0,0,450820741,44945749,0.710196694344194,77.3034515286421,0
791.03,790,26196,30919,1990896,3184657,2026-09-30,2026-10-16,767.206,4723,1193761,450820741,44945749,0.706413150587497,78.0098646792296,0.37484758955203
771.42,310,69,69,3183798,3183798,2026-09-30,2026-12-18,767.206,0,0,3397936134,74902415,0.0936979941483503,98.1419108979639,0
756.29,270,65,65,3160885,3160885,2026-09-30,2026-12-18,767.206,0,0,3397936134,74902415,0.0930236730576526,98.2349345710216,0
776.01,705,445,445,3026000,3159945,2026-09-30,2026-11-20,767.206,0,133945,385506742,26921533,0.819686053635866,85.5247169710978,0.0423883960005633
770.22,740,1020,1045,2656080,3157990,2026-09-30,2026-10-09,767.206,25,501910,117657460,21866105,2.68405420276793,55.241508698216,0.158933372176606
699,295,78,78,3151200,3151200,2026-09-30,2026-12-18,767.206,0,0,3397936134,74902415,0.0927386471001871,98.3276732181218,0
779.5,365,75,75,3108750,3108750,2026-09-30,2026-12-18,767.206,0,0,3397936134,74902415,0.091489359346505,98.4191625774683,0
771.5,350,72,72,3034800,3034800,2026-09-30,2026-12-18,767.206,0,0,3397936134,74902415,0.0893130382773698,98.5084756157456,0
771.44,743,1063,1062,3023172,3020328,2026-09-30,2026-10-30,767.206,-1,-2843.99999999953,364015151,24713100,0.829725903359446,76.4302154005672,-0.000941619585687228
769.91,765,4147,6115,1409980,3002465,2026-09-30,2026-10-02,767.206,1968,1592485,79448835,22839300,3.77911771771103,19.8310384286944,0.53039252747326
765.5,645,249,249,3000450,3000450,2026-09-30,2026-10-16,767.206,0,0,450820741,44945749,0.665552785647012,78.6754174648766,0
801.49,800,17489,19911,2046213,2966739,2026-09-30,2026-10-30,767.206,2422,920526,364015151,24713100,0.815004263380235,77.2452196639475,0.310282097616272
795.63,777,811,1562,1294356,2910006,2026-09-30,2026-12-18,767.206,751,1615650,3397936134,74902415,0.0856403971482061,98.5941160128939,0.555205040814349
768.17,660,267,267,2856900,2888139,2026-09-30,2026-10-16,767.206,0,31239,450820741,44945749,0.640640222895157,79.3160576877717,0.0108163076638624
772.1,770,7883,13733,1206099,2883930,2026-09-30,2026-10-02,767.206,5850,1677831,79448835,22839300,3.62992106806853,23.4609594967629,0.581786312427833
774.86,764,2638,2654,2374200,2882244,2026-09-30,2026-10-16,767.206,16,508044,450820741,44945749,0.639332607813623,79.9553902955854,0.176266825431851
768.41,620,194,194,2879154,2879154,2026-09-30,2026-10-16,767.206,0,0,450820741,44945749,0.63864719125689,80.5940374868423,0
779.41,765,1526,1978,1907500,2850298,2026-09-30,2026-10-30,767.206,452,942798,364015151,24713100,0.783016309120606,78.0282359730681,0.330771729833161
764.14,580,154,154,2835756,2835756,2026-09-30,2026-10-30,767.206,0,0,364015151,24713100,0.779021420457304,78.8072573935254,0
777.77,775,9893,10223,1978600,2831771,2026-09-30,2026-10-09,767.206,330,853171,117657460,21866105,2.40679256546929,57.6483012636853,0.301285308734357
759.74,305,62,62,2819388,2819388,2026-09-30,2026-10-16,767.206,0,0,450820741,44945749,0.625390037234334,81.2194275240766,0
774.99,770,5319,5514,1978668,2751486,2026-09-30,2026-10-09,767.206,195,772818,117657460,21866105,2.33855634823325,59.9868576119185,0.280872953742087
768.33,280,56,56,2734648,2734648,2026-09-30,2026-12-18,767.206,0,0,3397936134,74902415,0.0804796762551512,98.674595689149,0
762.1,465,92,92,2733320,2733320,2026-09-30,2026-12-18,767.206,0,0,3397936134,74902415,0.0804405937077569,98.7550362828568,0
774.5,685,302,302,2608676,2702900,2026-09-30,2026-11-20,767.206,0,94224,385506742,26921533,0.701129112808097,86.2258460839058,0.0348603351955307
780.63,768,1330,2127,1443050,2686401,2026-09-30,2026-10-30,767.206,797,1243351,364015151,24713100,0.737991534863339,79.5452489283887,0.462831498350395
771.54,455,84,84,2658936,2658936,2026-09-30,2026-12-18,767.206,0,0,3397936134,74902415,0.0782515001796087,98.8332877830364,0
773.37,710,412,413,2610844,2617181,2026-09-30,2026-11-20,767.206,1,6337,385506742,26921533,0.678893704017244,86.9047397879231,0.00242130750605327
777.17,774,8249,8215,1905519,2604155,2026-09-30,2026-10-09,767.206,-34,698636,117657460,21866105,2.21333606895814,62.2001936808767,0.268277425882868
776.68,760,1231,1555,1643385,2593740,2026-09-30,2026-10-23,767.206,324,950355,43989817,9107792,5.89622821117897,5.89622821117897,0.366403340350228
774.37,763,2239,2274,2147201,2585538,2026-09-30,2026-10-16,767.206,35,438337,450820741,44945749,0.573517978401974,81.7929455024786,0.169534154980511
776.93,769,3351,3249,2107779,2576457,2026-09-30,2026-10-16,767.206,-102,468678,450820741,44945749,0.571503652268741,82.3644491547473,0.181907945678892
777.82,771,3551,3747,1903336,2555454,2026-09-30,2026-10-16,767.206,196,652118,450820741,44945749,0.56684481604186,82.9312939707892,0.25518674959518
773.47,725,524,525,2306124,2544675,2026-09-30,2026-10-30,767.206,1,238551,364015151,24713100,0.699057441155794,80.2443063695445,0.0937451737451737
778.96,770,2815,2840,2145030,2544640,2026-09-30,2026-10-23,767.206,25,399610,43989817,9107792,5.7846114704228,11.6808396816018,0.157039895623742
770.5,325,57,57,2539350,2539350,2026-09-30,2026-12-18,767.206,0,0,3397936134,74902415,0.0747321285585999,98.908019911595,0
821.38,820,17213,18278,1721300,2522364,2026-09-30,2026-11-20,767.206,1065,801064,385506742,26921533,0.654298284619884,87.559038072543,0.317584615067453
779.94,766,1019,1769,1221781,2465986,2026-09-30,2026-10-30,767.206,750,1244205,364015151,24713100,0.677440483789094,80.9217468533336,0.504546660037811
765.68,720,540,539,2468340,2462152,2026-09-30,2026-10-16,767.206,-1,-6188,450820741,44945749,0.54614878511102,83.4774427559002,-0.00251324857279323
771.77,762,2415,2479,1898190,2421983,2026-09-30,2026-10-09,767.206,64,523793,117657460,21866105,2.05850355770046,64.2586972385772,0.216266175278687
778.42,768,2292,2311,1982580,2408062,2026-09-30,2026-10-23,767.206,19,425482,43989817,9107792,5.4741350708506,17.1549747524524,0.176690633380702
774,758,1523,1499,1963147,2398400,2026-09-30,2026-10-16,767.206,-24,435253,450820741,44945749,0.532007465912044,84.0094502218122,0.181476400933956
760.68,515,97,97,2383096,2383096,2026-09-30,2026-11-20,767.206,0,0,385506742,26921533,0.618172327580201,88.1772104001232,0
774.15,750,479,978,988656,2361870,2026-09-30,2026-10-23,767.206,499,1373214,43989817,9107792,5.36912895091153,22.5241037033639,0.581409645746802
777.04,765,1716,1956,1772628,2355024,2026-09-30,2026-10-23,767.206,240,582396,43989817,9107792,5.35356625830019,27.8776699616641,0.247299390579459
792.95,771,1048,1072,2063512,2353040,2026-09-30,2026-12-18,767.206,24,289528,3397936134,74902415,0.069249094368058,98.977269005963,0.12304423214225
780.4,767,1362,1654,1515906,2216360,2026-09-30,2026-10-30,767.206,292,700454,364015151,24713100,0.608864766730548,81.5306116200642,0.316038008265805
776.69,755,1007,1019,1928405,2210211,2026-09-30,2026-10-30,767.206,12,281806,364015151,24713100,0.607175551327533,82.1377871713917,0.127501853895397
768.6,760,2554,2553,1621790,2195580,2026-09-30,2026-10-02,767.206,-1,573790,79448835,22839300,2.76351440521437,26.2244739019773,0.261338689549003
771.41,635,156,156,2023164,2127996,2026-09-30,2026-10-30,767.206,0,104832,364015151,24713100,0.584589952960502,82.7223771243522,0.0492632504948318
773.38,772,13291,15323,1368973,2114574,2026-09-30,2026-10-02,767.206,2032,745601,79448835,22839300,2.66155444570081,28.8860283476781,0.352601043992785
768.99,655,189,185,2154411,2108815,2026-09-30,2026-11-20,767.206,-4,-45596,385506742,26921533,0.547024155546416,88.7242345556696,-0.0216216216216216
775.5,530,84,84,2062200,2062200,2026-09-30,2026-10-16,767.206,0,0,450820741,44945749,0.457432369998256,84.4668825918105,0
770.43,739,652,652,1946872,2049236,2026-09-30,2026-10-16,767.206,0,102364,450820741,44945749,0.45455672590716,84.9214393177176,0.0499522748965956
768.62,300,43,43,2015066,2015066,2026-09-30,2026-10-16,767.206,0,0,450820741,44945749,0.446977216605036,85.3684165343227,0
767.57,745,913,892,1728309,2013244,2026-09-30,2026-10-02,767.206,-21,284935,79448835,22839300,2.53401324261079,31.4200415902889,0.141530286443173
779.42,774,3469,3714,1425759,2012988,2026-09-30,2026-10-16,767.206,245,587229,450820741,44945749,0.446516279516075,85.8149328138388,0.291720069866288
648.13,340,65,65,2002845,2002845,2026-09-30,2026-12-18,767.206,0,0,3397936134,74902415,0.0589429854186895,99.0362119913817,0
771.55,490,71,71,1999005,1999005,2026-09-30,2026-10-30,767.206,0,0,364015151,24713100,0.549154340007128,83.2715314643593,0
836.82,835,10792,10934,1359792,1989988,2026-09-30,2026-12-18,767.206,142,630196,3397936134,74902415,0.0585646086778393,99.0947766000595,0.316683316683317
766.84,715,384,378,1953792,1959552,2026-09-30,2026-10-16,767.206,-6,5759.99999999977,450820741,44945749,0.434663231255369,86.2495960450941,0.00293944738389171
771.39,712,329,329,1953931,1953931,2026-09-30,2026-10-16,767.206,0,0,450820741,44945749,0.433416394211552,86.6830124393057,0
763.58,530,82,82,1915356,1915356,2026-09-30,2026-11-20,767.206,0,0,385506742,26921533,0.496841116205433,89.221075671875,0
764.53,656,176,176,1910128,1910128,2026-09-30,2026-10-30,767.206,0,0,364015151,24713100,0.524738598037091,83.7962700623964,0
766,728,497,497,2003407,1888600,2026-09-30,2026-10-09,767.206,0,-114807,117657460,21866105,1.60516808708942,65.8638653256666,-0.0607894736842105
768.1,635,141,141,1939032,1876710,2026-09-30,2026-11-20,767.206,0,-62322.0000000002,385506742,26921533,0.486816388803908,89.7078920606789,-0.0332081141998499
774.68,759,1179,1196,1579860,1875328,2026-09-30,2026-10-16,767.206,17,295468,450820741,44945749,0.415980861004796,87.0989933003105,0.157555371646987
771.2,758,1399,1393,1412990,1838760,2026-09-30,2026-10-09,767.206,-6,425770,117657460,21866105,1.56280783215956,67.4266731578261,0.231552785572886
769.74,520,73,73,1823102,1823102,2026-09-30,2026-10-16,767.206,0,0,450820741,44945749,0.40439621210773,87.5033895124182,0
781.65,778,4890,4950,1378980,1806750,2026-09-30,2026-10-16,767.206,60,427770,450820741,44945749,0.400769049798443,87.9041585622166,0.236762141967621
808.15,805,5480,5669,1419320,1785735,2026-09-30,2026-11-20,767.206,189,366415,385506742,26921533,0.463217579733015,90.1711096404119,0.20519001979577
768.42,710,291,303,1546665,1770126,2026-09-30,2026-10-02,767.206,12,223461,79448835,22839300,2.22800749690036,33.6480490871893,0.126240165954288
785.26,783,3334,7745,566780,1750370,2026-09-30,2026-10-16,767.206,4411,1183590,450820741,44945749,0.388262970358766,88.2924215325754,0.676194176088484
772.5,756,1047,1054,1541184,1739100,2026-09-30,2026-10-16,767.206,7,197916,450820741,44945749,0.385763085376766,88.6781846179522,0.113803691564602
767.61,722,283,369,1186902,1683009,2026-09-30,2026-10-02,767.206,86,496107,79448835,22839300,2.11835579464444,35.7664048818337,0.294773824738905
772.89,765,1486,2100,909432,1656900,2026-09-30,2026-10-09,767.206,614,747468,117657460,21866105,1.40824049745762,68.8349136552838,0.451124388919066
766.8,747,788,823,1337236,1629540,2026-09-30,2026-10-02,767.206,35,292304,79448835,22839300,2.05105587766013,37.8174607594938,0.179378229438983
766.68,728,404,416,1418444,1609088,2026-09-30,2026-10-02,767.206,12,190644,79448835,22839300,2.02531352410643,39.8427742836003,0.11847953623419
764.82,705,267,267,1660473,1597194,2026-09-30,2026-10-16,767.206,0,-63279,450820741,44945749,0.354285829098533,89.0324704470507,-0.0396188565697091
772.66,763,1250,1652,902500,1595832,2026-09-30,2026-10-09,767.206,402,693332,117657460,21866105,1.35633728622053,70.1912509415043,0.434464279447962
774.07,768,2491,2615,1150842,1587305,2026-09-30,2026-10-09,767.206,124,436463,117657460,21866105,1.34908997695514,71.5403409184594,0.274971098812138
772.35,764,1823,1897,1219587,1583995,2026-09-30,2026-10-09,767.206,74,364408,117657460,21866105,1.34627672567468,72.8866176441341,0.230056281743314
768.32,730,409,413,1384056,1582616,2026-09-30,2026-10-02,767.206,4,198560,79448835,22839300,1.99199396693482,41.8347682505351,0.125463157203011
783.73,781,3917,5528,775566,1509144,2026-09-30,2026-10-16,767.206,1611,733578,450820741,44945749,0.334754784496484,89.3672252315472,0.486088802658991
764.83,380,39,39,1500837,1500837,2026-09-30,2026-12-18,767.206,0,0,3397936134,74902415,0.0441690761925309,99.1389456762521,0
771.61,741,458,489,1237516,1496829,2026-09-30,2026-10-16,767.206,31,259313,450820741,44945749,0.332023100064067,89.6992483316113,0.173241566003866
768.9,762,1924,2146,969696,1480740,2026-09-30,2026-10-02,767.206,222,511044,79448835,22839300,1.86376552909807,43.6985337796332,0.345127436281859
767.26,675,159,159,1466934,1466934,2026-09-30,2026-10-16,767.206,0,0,450820741,44945749,0.325391861240918,90.0246401928522,0
769.36,715,261,268,1250973,1456848,2026-09-30,2026-10-02,767.206,7,205875,79448835,22839300,1.83369334490556,45.5322271245387,0.141315360284669
769.26,763,1010,2296,449450,1437296,2026-09-30,2026-10-02,767.206,1286,987846,79448835,22839300,1.80908379587945,47.3413109204182,0.687294753481538
781.19,769,1119,1172,1152570,1428668,2026-09-30,2026-10-30,767.206,53,276098,364015151,24713100,0.392474872563752,84.1887449349601,0.193255535925771
769.45,764,1095,2601,427050,1417545,2026-09-30,2026-10-02,767.206,1506,990495,79448835,22839300,1.78422377118557,49.1255346916037,0.698739722548491
783.38,774,1215,1482,937980,1390116,2026-09-30,2026-10-30,767.206,267,452136,364015151,24713100,0.381884104598712,84.5706290395589,0.325250554629974
751.4,240,27,27,1380780,1380780,2026-09-30,2026-12-18,767.206,0,0,3397936134,74902415,0.0406358432162339,99.1795815194683,0
781.13,777,2392,3329,743912,1374877,2026-09-30,2026-10-16,767.206,937,630965,450820741,44945749,0.304971993291675,90.3296121861439,0.458924689263112
764.82,640,110,110,1373020,1373020,2026-09-30,2026-10-30,767.206,0,0,364015151,24713100,0.377187596787695,84.9478166363465,0
773.26,766,1699,1879,951440,1364154,2026-09-30,2026-10-09,767.206,180,412714,117657460,21866105,1.1594283949356,74.0460460390697,0.302542088356593
771.41,743,475,478,1175150,1357998,2026-09-30,2026-10-16,767.206,3,182848,450820741,44945749,0.301227933077729,90.6308401192216,0.134645264573291
776.94,728,277,277,1355638,1355638,2026-09-30,2026-10-30,767.206,0,0,364015151,24713100,0.372412520818399,85.3202291571649,0
772.21,520,53,53,1336713,1336713,2026-09-30,2026-11-20,767.206,0,0,385506742,26921533,0.346741795763458,90.5178514361754,0
778.85,773,2095,2276,951130,1331460,2026-09-30,2026-10-16,767.206,181,380330,450820741,44945749,0.295341336125438,90.926181455347,0.285648836615445
765.95,600,55,80,912725,1327600,2026-09-30,2026-10-09,767.206,25,414875,117657460,21866105,1.12836024167103,75.1744062807407,0.3125
774.14,665,121,121,1315270,1320594,2026-09-30,2026-11-20,767.206,0,5324,385506742,26921533,0.342560545932035,90.8604119821074,0.00403151914971596
770.65,767,2059,3604,514750,1315460,2026-09-30,2026-10-02,767.206,1545,800710,79448835,22839300,1.65573227096407,50.7812669625678,0.608692016480927
767.8,754,928,950,1030080,1311000,2026-09-30,2026-10-02,767.206,22,280920,79448835,22839300,1.650118595194,52.4313855577618,0.214279176201373
770.09,723,281,278,1143951,1309102,2026-09-30,2026-10-02,767.206,-3,165151,79448835,22839300,1.64772963631248,54.0791151940743,0.126155945067688
770.26,750,648,645,1124928,1306770,2026-09-30,2026-10-09,767.206,-3,181842,117657460,21866105,1.11065630687591,76.2850625876166,0.139153791409353
771.07,760,1115,1168,1020225,1292976,2026-09-30,2026-10-09,767.206,53,272751,117657460,21866105,1.09893244338268,77.3839950309993,0.210948231057653
765.4,320,29,29,1291660,1291660,2026-09-30,2026-12-18,767.206,0,0,3397936134,74902415,0.0380130746742281,99.2175945941425,0
795.57,795,22471,22476,966253,1281132,2026-09-30,2026-10-16,767.206,5,314879,450820741,44945749,0.284177697139272,91.2103591524863,0.245781855421611
781.67,775,1623,1905,869928,1270635,2026-09-30,2026-10-23,767.206,282,400707,43989817,9107792,2.88847530327303,30.7661452649371,0.315359643013139
772.79,757,752,804,1027232,1269516,2026-09-30,2026-10-16,767.206,52,242284,450820741,44945749,0.28160106324833,91.4919602157346,0.190847535596243
766.22,595,74,74,1267028,1267028,2026-09-30,2026-11-20,767.206,0,0,385506742,26921533,0.328665587903,91.1890775700105,0
777.16,500,45,45,1247220,1247220,2026-09-30,2026-11-20,767.206,0,0,385506742,26921533,0.32352741576696,91.5126049857774,0
770.27,766,2248,2902,667656,1239154,2026-09-30,2026-10-02,767.206,654,571498,79448835,22839300,1.55968806842794,55.6388032625022,0.461200141386785
780.13,772,1120,1518,721280,1234134,2026-09-30,2026-10-23,767.206,398,512854,43989817,9107792,2.8054992817997,33.5716445467368,0.415557791941556
771.03,768,2923,4014,631368,1216242,2026-09-30,2026-10-02,767.206,1091,584874,79448835,22839300,1.53084938249881,57.169652645001,0.48088620521245
767.65,738,411,410,1218615,1215650,2026-09-30,2026-10-16,767.206,-1,-2965,450820741,44945749,0.269652633395587,91.7616128491302,-0.0024390243902439
770.64,754,726,730,1166682,1214720,2026-09-30,2026-10-16,767.206,4,48038,450820741,44945749,0.2694463429756,92.0310591921058,0.039546562170706
784.36,776,1560,1452,1074840,1213872,2026-09-30,2026-10-30,767.206,-108,139032,364015151,24713100,0.333467438557248,85.6536965957222,0.114535964253233
782,771,1098,1099,1012356,1208900,2026-09-30,2026-10-30,767.206,1,196544,364015151,24713100,0.332101561344077,85.9857981570663,0.162580858631814
765.46,730,334,334,1335666,1184364,2026-09-30,2026-10-09,767.206,0,-151302,117657460,21866105,1.00662040469002,78.3906154356893,-0.127749576988156
806.52,798,360,1372,266040,1168944,2026-09-30,2026-12-18,767.206,1012,902904,3397936134,74902415,0.0344015883142552,99.2519961824568,0.772409970024227
773.73,692,142,142,1160566,1160566,2026-09-30,2026-10-30,767.206,0,0,364015151,24713100,0.318823542594797,86.3046216996611,0
770.93,731,285,285,1221225,1138005,2026-09-30,2026-10-16,767.206,0,-83220,450820741,44945749,0.252429601503184,92.283488793609,-0.0731279739544202
773.29,749,465,464,1129485,1127056,2026-09-30,2026-10-30,767.206,-1,-2429,364015151,24713100,0.309617881811738,86.6142395814728,-0.0021551724137931
775.13,742,339,340,1008525,1126420,2026-09-30,2026-10-30,767.206,1,117895,364015151,24713100,0.30944316380941,86.9236827452822,0.104663447026864
784.55,782,4344,4417,807984,1126335,2026-09-30,2026-10-16,767.206,73,318351,450820741,44945749,0.249840989458823,92.5333297830678,0.282643263327518
769.23,540,49,49,1123227,1123227,2026-09-30,2026-10-23,767.206,0,0,43989817,9107792,2.55337956963995,36.1250241163768,0
773.32,752,501,524,850698,1117168,2026-09-30,2026-10-16,767.206,23,266470,450820741,44945749,0.247807587007183,92.781137370075,0.23852276470504
770.41,735,312,312,1087632,1104792,2026-09-30,2026-10-30,767.206,0,17159.9999999998,364015151,24713100,0.303501652874883,87.2271843981571,0.0155323354984466
780.04,764,397,687,523246,1101948,2026-09-30,2026-10-30,767.206,290,578702,364015151,24713100,0.302720366713527,87.5299047648706,0.525162711852102
797.26,795,4846,4831,857742,1091806,2026-09-30,2026-10-30,767.206,-15,234064,364015151,24713100,0.299934218946837,87.8298389838175,0.214382408596399
780.52,776,2496,2410,866112,1089320,2026-09-30,2026-10-16,767.206,-86,223208,450820741,44945749,0.241630408925662,93.0227677790007,0.204905812800646
772.6,695,138,139,1070880,1078640,2026-09-30,2026-11-20,767.206,1,7760,385506742,26921533,0.279797960057466,91.7924029458349,0.00719424460431655
763.17,515,43,43,1067131,1067131,2026-09-30,2026-10-16,767.206,0,0,450820741,44945749,0.236708496958883,93.2594762759595,0
771.91,680,115,115,1037300,1056965,2026-09-30,2026-10-30,767.206,0,19665,364015151,24713100,0.290362914042553,88.12020189786,0.0186051572190186
768.4,736,333,324,978021,1049760,2026-09-30,2026-10-09,767.206,-9,71738.9999999999,117657460,21866105,0.892217119084502,79.2828325547738,0.068338477366255
768.04,714,193,193,1042972,1042972,2026-09-30,2026-10-16,767.206,0,0,450820741,44945749,0.23134960420998,93.4908258801695,0
771.11,650,86,86,1101746,1041546,2026-09-30,2026-10-30,767.206,0,-60200.0000000001,364015151,24713100,0.286127101341449,88.4063289992015,-0.0577986954008754
785.34,778,1410,1414,850230,1037876,2026-09-30,2026-10-30,767.206,4,187646,364015151,24713100,0.285118901548139,88.6914479007496,0.180798091486844
775.34,759,633,635,884934,1037590,2026-09-30,2026-10-23,767.206,2,152656,43989817,9107792,2.35870497028892,38.4837290866657,0.147125550554651
775.68,775,11141,15240,646178,1036320,2026-09-30,2026-10-02,767.206,4099,390142,79448835,22839300,1.30438665337258,58.4740392983736,0.376468658329474
777.54,766,838,898,818726,1036292,2026-09-30,2026-10-23,767.206,60,217566,43989817,9107792,2.35575428740702,40.8394833740727,0.209946617362674
767.33,744,451,439,903804,1024187,2026-09-30,2026-10-02,767.206,-12,120383,79448835,22839300,1.28911518966892,59.7631544880425,0.117540058602579
762.76,590,59,59,1019284,1019284,2026-09-30,2026-10-30,767.206,0,0,364015151,24713100,0.280011421832274,88.9714593225819,0
772.38,761,884,895,746096,1018510,2026-09-30,2026-10-09,767.206,11,272414,117657460,21866105,0.865656967267524,80.1484895220414,0.267463255147225
850.85,850,11894,11950,737428,1015750,2026-09-30,2026-12-18,767.206,56,278322,3397936134,74902415,0.0298931457197306,99.2818893281765,0.274006399212405
767.42,724,207,231,844353,1003002,2026-09-30,2026-10-02,767.206,24,158649,79448835,22839300,1.26245022976108,61.0256047178036,0.158174161168173
766.57,610,64,64,1002048,1002048,2026-09-30,2026-10-16,767.206,0,0,450820741,44945749,0.222271938459903,93.7130978186294,0
767.57,595,58,58,1000906,1000906,2026-09-30,2026-10-16,767.206,0,0,450820741,44945749,0.222018622696865,93.9351164413263,0
774.51,769,1667,1798,690138,990698,2026-09-30,2026-10-09,767.206,131,300560,117657460,21866105,0.842018857112843,80.9905083791542,0.303382059921389
841.38,840,7100,7178,710000,990564,2026-09-30,2026-12-18,767.206,78,280564,3397936134,74902415,0.029151931082175,99.3110412592587,0.283236620753429
773.59,767,1275,1503,641325,990477,2026-09-30,2026-10-09,767.206,228,349152,117657460,21866105,0.841831023719193,81.8323394028734,0.35250894266096
766.05,580,53,53,986065,986065,2026-09-30,2026-11-20,767.206,0,0,385506742,26921533,0.255784112849575,92.0481870586844,0
772,759,723,758,714324,985400,2026-09-30,2026-10-09,767.206,35,271076,117657460,21866105,0.8375159552144,82.6698553580878,0.27509234828496
816.67,815,5735,5892,791430,983964,2026-09-30,2026-11-20,767.206,157,192534,385506742,26921533,0.255239115895929,92.3034261745804,0.195671792870471
769.63,726,220,224,829840,977312,2026-09-30,2026-10-02,767.206,4,147472,79448835,22839300,1.23011495385678,62.2557196716604,0.150895517501064
760.75,385,26,26,976950,976950,2026-09-30,2026-12-18,767.206,0,0,3397936134,74902415,0.0287512761121248,99.3397925353708,0
776.1,746,323,323,933470,972230,2026-09-30,2026-10-30,767.206,0,38760.0000000002,364015151,24713100,0.267085036798372,89.2385443593802,0.0398671096345517
805.2,796,1039,1050,821849,966000,2026-09-30,2026-12-18,767.206,11,144151,3397936134,74902415,0.0284290216738959,99.3682215570447,0.149224637681159
770.66,575,49,49,958734,958734,2026-09-30,2026-10-16,767.206,0,0,450820741,44945749,0.212664128512224,94.1477805698385,0
771.53,769,2269,3788,417496,958364,2026-09-30,2026-10-02,767.206,1519,540868,79448835,22839300,1.20626564253585,63.4619853141962,0.564365940289911
776.16,747,324,325,818100,947700,2026-09-30,2026-10-30,767.206,1,129600,364015151,24713100,0.260346306299762,89.49889066568,0.136752136752137
787.69,782,1872,1634,864864,929746,2026-09-30,2026-10-30,767.206,-238,64882.0000000001,364015151,24713100,0.255414094013906,89.7543047596939,0.0697846508616333
782.44,779,2523,2699,650934,928456,2026-09-30,2026-10-16,767.206,176,277522,450820741,44945749,0.205947933526865,94.3537285033654,0.298907002593553
766.36,725,223,224,949534,926464,2026-09-30,2026-10-09,767.206,1,-23070,117657460,21866105,0.787424783774867,83.4572801418627,-0.0249011294556507
768.32,721,213,195,900138,922740,2026-09-30,2026-10-02,767.206,-18,22602.0000000001,79448835,22839300,1.16142672199032,64.6234120361866,0.024494440470772
761.84,345,22,22,917048,917048,2026-09-30,2026-12-18,767.206,0,0,3397936134,74902415,0.0269883824720527,99.3952099395168,0
772.72,771,3791,5313,473875,913836,2026-09-30,2026-10-02,767.206,1522,439961,79448835,22839300,1.15021950919733,65.7736315453839,0.481444154093295
769.34,705,108,142,629208,913628,2026-09-30,2026-10-02,767.206,34,284420,79448835,22839300,1.14995770548429,66.9235892508682,0.311308322424444
777.7,510,34,34,910180,910180,2026-09-30,2026-11-20,767.206,0,0,385506742,26921533,0.236099632208248,92.5395258067886,0
772.39,751,407,415,732600,887685,2026-09-30,2026-10-16,767.206,8,155085,450820741,44945749,0.196904205878141,94.5506327092435,0.17470724412376
667,245,21,21,886200,886200,2026-09-30,2026-12-18,767.206,0,0,3397936134,74902415,0.026080537274748,99.4212904767915,0
771.56,757,561,608,633930,885248,2026-09-30,2026-10-09,767.206,47,251318,117657460,21866105,0.752394280821633,84.2096744226843,0.283895586321573
790.59,766,353,360,788955,885240,2026-09-30,2026-12-18,767.206,7,96285,3397936134,74902415,0.0260522848308484,99.4473427616224,0.108767114002982
775.52,744,280,280,882560,882560,2026-09-30,2026-10-30,767.206,0,0,364015151,24713100,0.242451446753105,89.996756206447,0
771.61,755,508,531,636524,881991,2026-09-30,2026-10-09,767.206,23,245467,117657460,21866105,0.74962607555866,84.959300498243,0.278310096134768
759.93,675,102,102,866286,866286,2026-09-30,2026-10-09,767.206,0,0,117657460,21866105,0.73627800566152,85.6955785039045,0
769.27,725,157,195,608218,863265,2026-09-30,2026-10-02,767.206,38,255047,79448835,22839300,1.08656722279188,68.0101564736601,0.295444620134026
790.57,767,360,363,773640,855591,2026-09-30,2026-12-18,767.206,3,81951,3397936134,74902415,0.0251797257587891,99.4725224873812,0.0957829149675487
768.69,749,421,434,628553,854546,2026-09-30,2026-10-02,767.206,13,225993,79448835,22839300,1.07559286426289,69.085749337923,0.264459724812942
769.86,645,68,68,849048,849048,2026-09-30,2026-11-20,767.206,0,0,385506742,26921533,0.220242062588882,92.7597678693775,0
775.1,751,353,352,706000,848320,2026-09-30,2026-10-23,767.206,-1,142320,43989817,9107792,1.92844630383436,42.7679296779071,0.167766880422482
780.67,746,242,242,795212,839014,2026-09-30,2026-11-20,767.206,0,43802.0000000001,385506742,26921533,0.217639254672231,92.9774071240497,0.0522065186039805
744.08,490,33,33,838464,838464,2026-09-30,2026-11-20,767.206,0,0,385506742,26921533,0.217496585312638,93.1949037093624,0
795.35,778,455,482,707070,836270,2026-09-30,2026-12-18,767.206,27,129200,3397936134,74902415,0.0246111158956821,99.4971336032769,0.154495557654825
773.54,575,42,42,795438,833868,2026-09-30,2026-11-20,767.206,0,38430.0000000001,385506742,26921533,0.21630438826411,93.4112080976265,0.0460864309459053
756.38,360,21,21,832398,832398,2026-09-30,2026-12-18,767.206,0,0,3397936134,74902415,0.024497164371954,99.5216307676488,0
767.63,746,386,384,690554,830592,2026-09-30,2026-10-02,767.206,-2,140038,79448835,22839300,1.04544264242515,70.1311919803481,0.168600227307752
772.99,715,141,143,817659,829257,2026-09-30,2026-11-20,767.206,2,11598,385506742,26921533,0.215108300233048,93.6263163978595,0.013986013986014
787.54,786,5343,5364,641160,826056,2026-09-30,2026-10-16,767.206,21,184896,450820741,44945749,0.183233805562642,94.7338665148061,0.223829861413754
768.79,761,904,1057,517992,823403,2026-09-30,2026-10-02,767.206,153,305411,79448835,22839300,1.03639405159308,71.1675860319412,0.370913149454156
784.9,777,990,1039,625680,820810,2026-09-30,2026-10-30,767.206,49,195130,364015151,24713100,0.22548786712452,90.2222440735716,0.237728585178056
766.94,660,74,75,819106,802050,2026-09-30,2026-10-30,767.206,1,-17056,364015151,24713100,0.220334235483512,90.4425783090551,-0.021265507137959
764.1,400,22,22,801020,801020,2026-09-30,2026-11-20,767.206,0,0,385506742,26921533,0.207783655311533,93.8341000531711,0
766.81,740,299,298,713713,798938,2026-09-30,2026-10-02,767.206,-1,85224.9999999999,79448835,22839300,1.00560064851801,72.1731866804592,0.106672858219286
800.3,800,23226,26610,603876,798300,2026-09-30,2026-10-16,767.206,3384,194424,450820741,44945749,0.177077034705464,94.9109435495116,0.243547538519354
769.84,727,186,186,796824,796824,2026-09-30,2026-10-23,767.206,0,0,43989817,9107792,1.81138284798957,44.5793125258966,0
770.42,753,454,455,763628,792610,2026-09-30,2026-10-16,767.206,1,28982,450820741,44945749,0.175814892243389,95.086758441755,0.0365652716973038
777.76,763,589,536,681473,791136,2026-09-30,2026-10-23,767.206,-53,109663,43989817,9107792,1.79845258278751,46.3777651086841,0.138614599765401
771.45,728,182,182,802620,790790,2026-09-30,2026-10-16,767.206,0,-11830,450820741,44945749,0.17541118410965,95.2621696258647,-0.0149597238204833
770.24,655,68,68,783632,783632,2026-09-30,2026-10-30,767.206,0,0,364015151,24713100,0.215274555975831,90.6578528650309,0
782.18,776,537,1260,266889,778680,2026-09-30,2026-10-23,767.206,723,511791,43989817,9107792,1.77013693873744,48.1479020474216,0.657254584681769
776.02,772,1773,1931,528354,776262,2026-09-30,2026-10-09,767.206,158,247908,117657460,21866105,0.659764370232028,86.3553428741365,0.319361246589425
773.13,675,79,79,775227,775227,2026-09-30,2026-11-20,767.206,0,0,385506742,26921533,0.201092981144283,94.0351930343154,0
768.97,650,39,65,440856,773305,2026-09-30,2026-10-02,767.206,26,332449,79448835,22839300,0.973337116900455,73.1465237973597,0.429906699167857
767.95,734,227,227,770665,770665,2026-09-30,2026-10-16,767.206,0,0,450820741,44945749,0.17094710378465,95.4331167296493,0
768.48,290,16,16,765568,765568,2026-09-30,2026-12-18,767.206,0,0,3397936134,74902415,0.0225303822617403,99.5441611499106,0
764.85,260,15,15,757275,757275,2026-09-30,2026-12-18,767.206,0,0,3397936134,74902415,0.0222863223479291,99.5664474722585,0
766.7,230,14,14,751380,751380,2026-09-30,2026-12-18,767.206,0,0,3397936134,74902415,0.0221128346846086,99.5885603069431,0
776.51,751,293,291,686499,742341,2026-09-30,2026-10-30,767.206,-2,55842.0000000001,364015151,24713100,0.20393134680265,90.8617842118335,0.0752241894223815
772.7,630,52,52,742040,742040,2026-09-30,2026-10-16,767.206,0,0,450820741,44945749,0.164597573384495,95.5977143030338,0
769.42,690,41,93,302088,738606,2026-09-30,2026-10-02,767.206,52,436518,79448835,22839300,0.929662467674951,74.0761862650346,0.591002510133955
770,435,22,22,737000,737000,2026-09-30,2026-11-20,767.206,0,0,385506742,26921533,0.191176941854885,94.2263699761702,0
777.79,759,390,391,688350,734689,2026-09-30,2026-10-30,767.206,1,46339.0000000001,364015151,24713100,0.201829236497906,91.0636134483314,0.0630729465120617
779.18,761,379,404,568500,734472,2026-09-30,2026-10-30,767.206,25,165972,364015151,24713100,0.201769623594596,91.265383071926,0.225974577655785
779.74,771,868,833,618884,728042,2026-09-30,2026-10-23,767.206,-35,109158,43989817,9107792,1.65502393428916,49.8029259817107,0.149933657673596
768.42,758,616,698,466928,727316,2026-09-30,2026-10-02,767.206,82,260388,79448835,22839300,0.915452064212143,74.9916383292467,0.358012198274203
782.81,772,612,672,537336,726432,2026-09-30,2026-10-30,767.206,60,189096,364015151,24713100,0.199560924319878,91.4649439962459,0.260307915950839
781.54,774,987,961,570486,724594,2026-09-30,2026-10-23,767.206,-26,154108,43989817,9107792,1.64718575664909,51.4501117383598,0.212681860462549
793.24,773,338,358,610766,724592,2026-09-30,2026-12-18,767.206,20,113826,3397936134,74902415,0.0213244737812956,99.6098847807244,0.157089782939916
767.62,660,66,67,701448,721054,2026-09-30,2026-10-09,767.206,1,19606,117657460,21866105,0.612841718663653,86.9681845928002,0.0271907513168223
777.05,757,358,358,693446,717790,2026-09-30,2026-10-30,767.206,0,24344,364015151,24713100,0.197186847313397,91.6621308435593,0.0339152119700748
797.45,797,15758,15811,535772,711495,2026-09-30,2026-10-16,767.206,53,175723,450820741,44945749,0.157822153085011,95.7555364561188,0.246977139684748
765.28,585,36,39,642852,703092,2026-09-30,2026-10-02,767.206,3,60240,79448835,22839300,0.884962001016126,75.8766003302629,0.0856786878530832
769.86,729,149,172,517775,702792,2026-09-30,2026-10-02,767.206,23,185017,79448835,22839300,0.884584399506928,76.7611847297698,0.263259968810117
768.17,746,316,316,700572,700572,2026-09-30,2026-10-16,767.206,0,0,450820741,44945749,0.155399238829608,95.9109356949484,0
786.5,768,371,378,589890,699300,2026-09-30,2026-11-20,767.206,7,109410,385506742,26921533,0.18139760575186,94.4077675819221,0.156456456456456
768.6,734,186,201,555024,695460,2026-09-30,2026-10-02,767.206,15,140436,79448835,22839300,0.875355818622136,77.6365405483919,0.20193253386248
766.67,720,116,149,499728,695383,2026-09-30,2026-10-02,767.206,33,195655,79448835,22839300,0.875258900901442,78.5117994492934,0.281362932369644
771.17,756,397,457,485134,693269,2026-09-30,2026-10-09,767.206,60,208135,117657460,21866105,0.589226556480142,87.5574111492803,0.300222568728733
762.07,330,16,16,691312,691312,2026-09-30,2026-12-18,767.206,0,0,3397936134,74902415,0.0203450557261121,99.6302298364505,0
771.9,752,346,346,688540,688540,2026-09-30,2026-10-23,767.206,0,0,43989817,9107792,1.56522587943478,53.0153376177946,0
770.56,742,237,237,653172,676872,2026-09-30,2026-10-16,767.206,0,23700,450820741,44945749,0.150142160384764,96.0610778553332,0.0350140056022409
766.15,605,43,42,685893,676830,2026-09-30,2026-10-16,767.206,-1,-9062.99999999988,450820741,44945749,0.150132844043216,96.2112106993764,-0.0133903639023091
768.8,500,25,25,672000,672000,2026-09-30,2026-10-23,767.206,0,0,43989817,9107792,1.52762626859757,54.5429638863922,0
769.28,747,297,298,568755,663944,2026-09-30,2026-10-09,767.206,1,95189.0000000001,117657460,21866105,0.56430251001509,88.1217136592954,0.143369019073898
770.89,739,208,208,663312,663312,2026-09-30,2026-10-30,767.206,0,0,364015151,24713100,0.182220986730302,91.8443518302896,0
787.62,781,978,1001,492912,662662,2026-09-30,2026-10-30,767.206,23,169750,364015151,24713100,0.182042422734212,92.0263942530238,0.256163775801238
769.69,749,344,320,679056,662080,2026-09-30,2026-10-16,767.206,-24,-16976,450820741,44945749,0.146861033618682,96.3580717329951,-0.0256404059932334
790.34,777,455,496,503230,661664,2026-09-30,2026-11-20,767.206,41,158434,385506742,26921533,0.171634871174315,94.5794024530964,0.239447816414373
773.51,737,181,181,660831,660831,2026-09-30,2026-10-16,767.206,0,0,450820741,44945749,0.146583983366462,96.5046557163616,0
785.87,779,1083,960,622725,659520,2026-09-30,2026-10-30,767.206,-123,36795,364015151,24713100,0.181179271848495,92.2075735248723,0.0557905749636099
846.1,845,5403,5962,426837,655820,2026-09-30,2026-12-18,767.206,559,228983,3397936134,74902415,0.0193005393314435,99.6495303757819,0.34915525601537
786.04,784,3227,3198,487277,652392,2026-09-30,2026-10-16,767.206,-29,165115,450820741,44945749,0.144712064168317,96.6493677805299,0.253091699469031
762.47,642,53,53,638491,638491,2026-09-30,2026-10-30,767.206,0,0,364015151,24713100,0.175402314504211,92.3829758393765,0
765.45,560,31,31,636895,636895,2026-09-30,2026-10-16,767.206,0,0,450820741,44945749,0.141274555954825,96.7906423364847,0
826,825,6264,6338,451008,633800,2026-09-30,2026-11-20,767.206,74,182792,385506742,26921533,0.164406982018488,94.7438094351149,0.288406437361944
770.8,752,331,333,495176,626040,2026-09-30,2026-10-09,767.206,2,130864,117657460,21866105,0.532086958192026,88.6538006174874,0.209034566481375
774.62,761,464,459,592064,625158,2026-09-30,2026-10-23,767.206,-5,33094,43989817,9107792,1.42114253396417,55.9641064203563,0.0529370175219705
776.61,732,139,139,620079,620079,2026-09-30,2026-11-20,767.206,0,0,385506742,26921533,0.160847770594891,94.9046572057098,0
784.59,780,955,1343,347620,616437,2026-09-30,2026-10-23,767.206,388,268817,43989817,9107792,1.40131749127304,57.3654239116294,0.436081870491226
766.95,748,322,322,656236,610190,2026-09-30,2026-10-09,767.206,0,-46046,117657460,21866105,0.518615649190455,89.1724162666779,-0.0754617414248021
771.81,575,31,31,610111,610111,2026-09-30,2026-10-30,767.206,0,0,364015151,24713100,0.167605935721066,92.5505817750976,0
767.15,670,42,62,421092,602330,2026-09-30,2026-10-30,767.206,20,181238,364015151,24713100,0.165468387330944,92.7160501624286,0.300894858300267
767.49,738,199,204,511629,601596,2026-09-30,2026-10-02,767.206,5,89967,79448835,22839300,0.757211858424356,79.2690113077177,0.1495472044362
779.84,778,1857,3255,248838,598920,2026-09-30,2026-10-09,767.206,1398,350082,117657460,21866105,0.50903699603918,89.6814532627171,0.584522139851733
768.07,757,525,540,427350,597780,2026-09-30,2026-10-02,767.206,15,170430,79448835,22839300,0.752408767227361,80.0214200749451,0.285104888085918
767.29,743,231,246,482559,597534,2026-09-30,2026-10-02,767.206,15,114975,79448835,22839300,0.752099133989819,80.7735192089349,0.192415829057426
766.99,640,47,47,596853,596853,2026-09-30,2026-10-09,767.206,0,0,117657460,21866105,0.507280201357398,90.1887334640744,0
775.22,719,106,106,595932,595932,2026-09-30,2026-10-30,767.206,0,0,364015151,24713100,0.163710768181734,92.8797609306103,0
769.06,695,84,80,571956,592480,2026-09-30,2026-10-02,767.206,-4,20524,79448835,22839300,0.745737807231535,81.5192570161665,0.034640831758034
769.83,610,36,37,575388,591371,2026-09-30,2026-11-20,767.206,1,15983,385506742,26921533,0.153400948821798,95.0580581545316,0.027027027027027
772.62,736,161,161,589582,589582,2026-09-30,2026-10-16,767.206,0,0,450820741,44945749,0.130779697201199,96.9214220336859,0
769.87,734,163,164,414509,588268,2026-09-30,2026-10-09,767.206,1,173759,117657460,21866105,0.499983596450238,90.6887170605247,0.295373877212427
770.68,620,38,39,572584,587652,2026-09-30,2026-11-20,767.206,1,15068,385506742,26921533,0.152436244552112,95.2104943990837,0.0256410256410256
769.86,706,92,92,570400,587512,2026-09-30,2026-10-30,767.206,0,17112,364015151,24713100,0.161397677647764,93.041158608258,0.029126213592233
771.09,747,243,242,515889,582978,2026-09-30,2026-10-16,767.206,-1,67089,450820741,44945749,0.129314813401631,97.0507368470875,0.115079814332616
775.3,771,1236,1346,389340,578780,2026-09-30,2026-10-09,767.206,110,189440,117657460,21866105,0.491919509396174,91.1806365699208,0.327309167559349
769.43,753,340,351,405280,576693,2026-09-30,2026-10-02,767.206,11,171413,79448835,22839300,0.725867157145854,82.2451241733123,0.297234403746881
771.25,550,26,26,575250,575250,2026-09-30,2026-11-20,767.206,0,0,385506742,26921533,0.149219180192703,95.3597135792764,0
764.61,625,8,41,110432,572401,2026-09-30,2026-10-02,767.206,33,461969,79448835,22839300,0.720464938220932,82.9655891115332,0.807072314688479
776.99,764,332,438,361880,568962,2026-09-30,2026-10-23,767.206,106,207082,43989817,9107792,1.2933947872527,58.6588186988821,0.363964552992994
772.84,740,172,172,559516,564848,2026-09-30,2026-10-23,767.206,0,5332,43989817,9107792,1.28404262286429,59.9428613217464,0.00943970767356882
796.89,781,328,354,453296,562506,2026-09-30,2026-12-18,767.206,26,109210,3397936134,74902415,0.0165543429251516,99.6660847187071,0.194149040188016
770.78,732,145,145,537370,562310,2026-09-30,2026-10-16,767.206,0,24939.9999999999,450820741,44945749,0.124730286089477,97.175467133177,0.044352759154203
790.3,778,204,457,216036,562110,2026-09-30,2026-11-20,767.206,253,346074,385506742,26921533,0.145810679492604,95.505524258769,0.61566953087474
786.73,769,306,316,459612,560268,2026-09-30,2026-11-20,767.206,10,100656,385506742,26921533,0.145332866837385,95.6508571256064,0.179656878493864
767.55,711,97,99,548535,559845,2026-09-30,2026-10-30,767.206,2,11310,364015151,24713100,0.153797169832637,93.1949557780907,0.0202020202020202
769.4,685,70,66,549710,557040,2026-09-30,2026-10-02,767.206,-4,7330,79448835,22839300,0.701130482278312,83.6667195938115,0.0131588395806405
772.44,375,14,14,556416,556416,2026-09-30,2026-12-18,767.206,0,0,3397936134,74902415,0.016375116484164,99.6824598351913,0
782.91,773,535,561,431745,555951,2026-09-30,2026-10-30,767.206,26,124206,364015151,24713100,0.152727434139136,93.3476832122298,0.2234117754982
790.28,790,3697,19851,92425,555828,2026-09-30,2026-10-09,767.206,16154,463403,117657460,21866105,0.47241203405207,91.6530486039729,0.833716545406133
769.86,731,143,142,459888,551812,2026-09-30,2026-10-02,767.206,-1,91924.0000000001,79448835,22839300,0.694550146644693,84.3612697404562,0.166585721223895
793.77,793,7306,7146,387218,550242,2026-09-30,2026-10-16,767.206,-160,163024,450820741,44945749,0.122053390618068,97.2975205237951,0.296276910886483
767,720,113,117,531100,549900,2026-09-30,2026-10-23,767.206,4,18800,43989817,9107792,1.25006203140149,61.1929233531479,0.0341880341880342
771.87,744,196,196,468048,546252,2026-09-30,2026-10-16,767.206,0,78204.0000000001,450820741,44945749,0.121168338171025,97.4186888619661,0.143164693218515
788.3,773,328,357,430008,546210,2026-09-30,2026-11-20,767.206,29,116202,385506742,26921533,0.141686238006183,95.7925433636126,0.212742351842698
772.68,500,20,20,545360,545360,2026-09-30,2026-10-16,767.206,0,0,450820741,44945749,0.120970476821962,97.5396593387881,0
792.57,789,1455,1523,403035,543711,2026-09-30,2026-10-30,767.206,68,140676,364015151,24713100,0.149364936735834,93.4970481489657,0.258733040162881
767.98,733,157,155,549186,542190,2026-09-30,2026-10-16,767.206,-2,-6996,450820741,44945749,0.120267314852757,97.6599266536408,-0.0129032258064516
783.87,783,6174,6230,407484,542010,2026-09-30,2026-10-09,767.206,56,134526,117657460,21866105,0.460667772362245,92.1137163763352,0.248198372723751
763.52,600,30,33,490560,539616,2026-09-30,2026-10-02,767.206,3,49056.0000000001,79448835,22839300,0.679199386624109,85.0404691270803,0.090909090909091
794.11,784,509,533,409236,538863,2026-09-30,2026-11-20,767.206,24,129627,385506742,26921533,0.139780434760853,95.9323237983734,0.240556505085708
770.8,585,29,29,538820,538820,2026-09-30,2026-10-30,767.206,0,0,364015151,24713100,0.148021311343714,93.6450694603094,0
768.18,355,13,13,548834,537134,2026-09-30,2026-12-18,767.206,0,-11700,3397936134,74902415,0.0158076543765905,99.6982674895678,-0.0217822740694128
800.72,800,7119,7389,391545,532008,2026-09-30,2026-10-23,767.206,270,140463,43989817,9107792,1.20938898200008,62.4023123351479,0.264024225199621
774.88,738,144,144,549792,531072,2026-09-30,2026-10-30,767.206,0,-18720,364015151,24713100,0.145892828510317,93.7909622888197,-0.0352494577006508
770,702,76,76,516800,516800,2026-09-30,2026-10-16,767.206,0,0,450820741,44945749,0.11463536456944,97.7745620182102,0
777.9,767,450,474,399150,516660,2026-09-30,2026-10-23,767.206,24,117510,43989817,9107792,1.17449908918694,63.5768114243349,0.227441644408315
767.75,756,432,437,398736,513475,2026-09-30,2026-10-02,767.206,5,114739,79448835,22839300,0.646296449784317,85.6867655768647,0.223455864452992
774.8,757,288,288,481824,512640,2026-09-30,2026-10-23,767.206,0,30816.0000000001,43989817,9107792,1.16536061061586,64.7421720349507,0.0601123595505619
769.28,735,148,149,451400,510772,2026-09-30,2026-10-02,767.206,1,59372,79448835,22839300,0.642894260186446,86.3296598370511,0.116239731230373
775.04,758,301,298,445179,507792,2026-09-30,2026-10-23,767.206,-3,62613,43989817,9107792,1.15433987824955,65.8965119132003,0.123304423858588
768.27,732,136,140,426224,507780,2026-09-30,2026-10-02,767.206,4,81556,79448835,22839300,0.639128314468047,86.9687881515192,0.16061286383867
764.44,450,16,16,503104,503104,2026-09-30,2026-11-20,767.206,0,0,385506742,26921533,0.130504591797775,96.0628283901712,0
794.87,786,518,563,380730,499381,2026-09-30,2026-11-20,767.206,45,118651,385506742,26921533,0.129538849932746,96.1923672401039,0.237596144026305
789.18,776,298,377,342998,496886,2026-09-30,2026-11-20,767.206,79,153888,385506742,26921533,0.128891649837865,96.3212588899418,0.309704841754447
770.14,460,16,16,496224,496224,2026-09-30,2026-11-20,767.206,0,0,385506742,26921533,0.128719927808681,96.4499788177505,0
785.56,767,251,263,411640,488128,2026-09-30,2026-11-20,767.206,12,76488.0000000001,385506742,26921533,0.12661983483547,96.576598652586,0.156696604169398
767.64,725,94,114,387844,486096,2026-09-30,2026-10-23,767.206,20,98252.0000000001,43989817,9107792,1.10501937300626,67.0015312862065,0.202124683190152
813.69,808,24,853,11424,485357,2026-09-30,2026-12-18,767.206,829,473933,3397936134,74902415,0.0142838764726471,99.7125513660405,0.9764626862289
774.35,713,79,79,484665,484665,2026-09-30,2026-10-30,767.206,0,0,364015151,24713100,0.133144183330985,93.9241064721507,0
765.19,620,26,33,373438,479127,2026-09-30,2026-10-02,767.206,7,105689,79448835,22839300,0.603063594324574,87.5718517458437,0.220586608560987
768.85,735,142,141,480670,477285,2026-09-30,2026-10-23,767.206,-1,-3384.99999999994,43989817,9107792,1.0849897375113,68.0865210237178,-0.00709219858156016
774.14,741,144,144,477216,477216,2026-09-30,2026-10-30,767.206,0,0,364015151,24713100,0.131097839935789,94.0552043120864,0
776.34,754,211,213,418413,475842,2026-09-30,2026-10-30,767.206,2,57429.0000000001,364015151,24713100,0.130720383119438,94.1859246952059,0.120689220371468
779.04,762,234,279,337896,475416,2026-09-30,2026-10-30,767.206,45,137520,364015151,24713100,0.130603355023539,94.3165280502294,0.289262456459185
769.2,733,130,128,423800,463360,2026-09-30,2026-10-02,767.206,-2,39560.0000000001,79448835,22839300,0.58321811767284,88.1550698635166,0.0853763812154697
791.93,790,2395,2400,356855,463200,2026-09-30,2026-10-23,767.206,5,106345,43989817,9107792,1.0529709637119,69.1394919874297,0.229587651122625
784.25,779,833,880,316540,462000,2026-09-30,2026-10-23,767.206,47,145460,43989817,9107792,1.05024305966083,70.1897350470906,0.314848484848485
761.34,570,24,24,459216,459216,2026-09-30,2026-10-16,767.206,0,0,450820741,44945749,0.101862216672059,97.8764242348823,0
749.01,335,11,11,455411,455411,2026-09-30,2026-12-18,767.206,0,0,3397936134,74902415,0.0134025768007563,99.7259539428412,0
767.44,739,121,160,298991,455040,2026-09-30,2026-10-02,767.206,39,156049,79448835,22839300,0.57274596915109,88.7278158326677,0.342934687060478
761.87,705,80,80,454960,454960,2026-09-30,2026-10-09,767.206,0,0,117657460,21866105,0.386681813460872,92.5003981897961,0
778.84,763,227,287,312579,454608,2026-09-30,2026-10-30,767.206,60,142029,364015151,24713100,0.124887109437926,94.4414151596673,0.312420810896421
770.49,733,182,121,769132,453629,2026-09-30,2026-10-30,767.206,-61,-315503,364015151,24713100,0.124618164588429,94.5660333242558,-0.695508885013965
773.18,320,10,10,453180,453180,2026-09-30,2026-11-20,767.206,0,0,385506742,26921533,0.117554364328082,96.694153016914,0
771.22,610,28,28,451416,451416,2026-09-30,2026-10-30,767.206,0,0,364015151,24713100,0.124010222860202,94.690043547116,0
768.18,759,469,486,331114,446148,2026-09-30,2026-10-02,767.206,17,115034,79448835,22839300,0.561553860418469,89.2893696930861,0.257838206155805
764.59,630,33,33,444147,444147,2026-09-30,2026-10-30,767.206,0,0,364015151,24713100,0.122013327956231,94.8120568750722,0
792.37,782,177,426,154875,441762,2026-09-30,2026-11-20,767.206,249,286887,385506742,26921533,0.114592548422927,96.808745565337,0.649415296019123
769.23,475,15,15,441345,441345,2026-09-30,2026-10-30,767.206,0,0,364015151,24713100,0.121243579776162,94.9333004548484,0
763.53,704,74,74,440522,440522,2026-09-30,2026-10-16,767.206,0,0,450820741,44945749,0.0977155574126524,97.974139792295,0
771.75,737,125,126,434375,437850,2026-09-30,2026-10-30,767.206,1,3475,364015151,24713100,0.120283454904876,95.0535839097532,0.00793650793650794
830.73,830,6090,5975,322770,436175,2026-09-30,2026-11-20,767.206,-115,113405,385506742,26921533,0.113143287128296,96.9218888524653,0.259998853671118
799.32,793,484,690,248292,436080,2026-09-30,2026-11-20,767.206,206,187788,385506742,26921533,0.113118644238912,97.0350074967042,0.43062740781508
774.87,729,95,95,435765,435765,2026-09-30,2026-10-30,767.206,0,0,364015151,24713100,0.119710676548186,95.1732945863014,0
777.87,560,20,20,435740,435740,2026-09-30,2026-11-20,767.206,0,0,385506742,26921533,0.1130304486348,97.148037945339,0
770.09,615,27,28,418743,434252,2026-09-30,2026-11-20,767.206,1,15509.0000000001,385506742,26921533,0.112644463167391,97.2606824085064,0.0357142857142858
776.26,580,22,22,431772,431772,2026-09-30,2026-10-16,767.206,0,0,450820741,44945749,0.095774652923522,98.0699144452185,0
788.37,787,2919,3149,309414,431413,2026-09-30,2026-10-16,767.206,230,121999,450820741,44945749,0.0956950203850537,98.1656094656035,0.282789345708173
788.59,772,159,257,217512,426363,2026-09-30,2026-11-20,767.206,98,208851,385506742,26921533,0.110598065753154,97.3712804742595,0.489843161812822
805.99,805,2154,4296,165858,425304,2026-09-30,2026-10-30,767.206,2142,259446,364015151,24713100,0.116836895066491,95.2901314813679,0.610024829298572
774.22,752,191,191,401100,424402,2026-09-30,2026-10-30,767.206,0,23301.9999999999,364015151,24713100,0.116589103182686,95.4067205845506,0.0549054905490548
761.33,585,24,24,423192,423192,2026-09-30,2026-10-16,767.206,0,0,450820741,44945749,0.0938714574358947,98.2594809230394,0
766.97,635,32,32,422304,422304,2026-09-30,2026-10-09,767.206,0,0,117657460,21866105,0.358926667293345,92.8593248570894,0
782.75,777,830,732,382630,420900,2026-09-30,2026-10-23,767.206,-98,38270,43989817,9107792,0.956812345911782,71.1465473930023,0.0909242100261345
776.57,773,1110,1177,290820,420189,2026-09-30,2026-10-09,767.206,67,129369,117657460,21866105,0.357129076218371,93.2164539333078,0.307882881274855
774.87,774,4479,4823,318009,419601,2026-09-30,2026-10-02,767.206,344,101592,79448835,22839300,0.528139902869564,89.8175095959557,0.242115724223727
796.44,794,1296,1712,244944,417728,2026-09-30,2026-10-30,767.206,416,172784,364015151,24713100,0.114755663013598,95.5214762475642,0.413628006741229
789.04,784,839,818,337278,412272,2026-09-30,2026-10-30,767.206,-21,74994,364015151,24713100,0.113256824301799,95.634733071866,0.181904179764815
776.79,732,92,92,412068,412068,2026-09-30,2026-10-30,767.206,0,0,364015151,24713100,0.113200782678411,95.7479338545444,0
775.23,754,194,194,411862,411862,2026-09-30,2026-10-23,767.206,0,0,43989817,9107792,0.936266681900495,72.0828140749029,0
771.5,600,24,24,411600,411600,2026-09-30,2026-10-30,767.206,0,0,364015151,24713100,0.113072216601226,95.8610060711456,0
776.63,762,271,281,320864,411103,2026-09-30,2026-10-23,767.206,10,90239.0000000001,43989817,9107792,0.934541282588196,73.017355357491,0.219504601036723
785.07,785,61909,58642,619090,410494,2026-09-30,2026-10-02,767.206,-3267,-208596,79448835,22839300,0.516677179722019,90.3341867756777,-0.508158462730271
805.93,797,443,459,336680,409887,2026-09-30,2026-12-18,767.206,16,73207,3397936134,74902415,0.0120628223673376,99.7380167652086,0.178602883233672
774.11,773,3192,3689,277704,409479,2026-09-30,2026-10-02,767.206,497,131775,79448835,22839300,0.515399627949233,90.8495864036269,0.321811374942305
855.73,855,5609,5608,319713,409384,2026-09-30,2026-12-18,767.206,-1,89671,3397936134,74902415,0.0120480192639195,99.7500647844725,0.219038848611573
769.52,748,190,188,391210,404576,2026-09-30,2026-10-16,767.206,-2,13366,450820741,44945749,0.0897420999536488,98.3492230229931,0.0330370560784624
810.71,804,222,599,126984,401929,2026-09-30,2026-12-18,767.206,377,274945,3397936134,74902415,0.0118286213792622,99.7618934058518,0.684063603273215
777.3,758,210,208,389550,401440,2026-09-30,2026-10-30,767.206,-2,11890,364015151,24713100,0.110281123985413,95.9712871951311,0.0296183738541252
789.13,786,1012,1282,215556,401266,2026-09-30,2026-10-23,767.206,270,185710,43989817,9107792,0.912179289129573,73.9295346466206,0.462810205698963
768.03,742,105,152,229110,395656,2026-09-30,2026-10-02,767.206,47,166546,79448835,22839300,0.4980010090771,91.347587412704,0.420936368966982
785.28,781,904,923,297416,395044,2026-09-30,2026-10-23,767.206,19,97628,43989817,9107792,0.89803510662479,74.8275697532454,0.247131965046931
791.46,779,280,317,283360,394982,2026-09-30,2026-11-20,767.206,37,111622,385506742,26921533,0.102457870892437,97.4737383451519,0.28260021975685
788.86,774,167,265,209418,393790,2026-09-30,2026-11-20,767.206,98,184372,385506742,26921533,0.102148667480373,97.5758870126323,0.468198786155057
794.4,774,86,192,151962,391680,2026-09-30,2026-12-18,767.206,106,239718,3397936134,74902415,0.0115269971110057,99.7734204029628,0.61202512254902
769.44,640,9,30,111375,388320,2026-09-30,2026-10-02,767.206,21,276945,79448835,22839300,0.488767393505518,91.8363548062096,0.713187577255872
798.43,798,8942,8851,286144,380593,2026-09-30,2026-10-16,767.206,-91,94449,450820741,44945749,0.0844222471121842,98.4336452701053,0.248162735520622
768.97,655,19,33,205580,376101,2026-09-30,2026-10-02,767.206,14,170521,79448835,22839300,0.473387684035896,92.3097424902455,0.453391509195668
773.55,726,79,79,375645,375645,2026-09-30,2026-10-30,767.206,0,0,364015151,24713100,0.103194880479027,96.0744820756101,0
787.67,771,108,225,152928,375075,2026-09-30,2026-11-20,767.206,117,222147,385506742,26921533,0.0972940182716701,97.673181030904,0.592273545290942
780.69,773,452,485,280692,372965,2026-09-30,2026-10-23,767.206,33,92273,43989817,9107792,0.847843945338532,75.6754136985839,0.247403911895218
769.8,731,92,96,356960,372480,2026-09-30,2026-10-30,767.206,4,15520,364015151,24713100,0.102325411174987,96.1768074867851,0.0416666666666667
766.6,705,60,60,369600,369600,2026-09-30,2026-10-30,767.206,0,0,364015151,24713100,0.101534235315387,96.2783417221005,0
797.38,782,174,240,234552,369120,2026-09-30,2026-12-18,767.206,66,134568,3397936134,74902415,0.0108630646793669,99.7842834676421,0.364564369310793
775.5,699,48,48,367200,367200,2026-09-30,2026-10-30,767.206,0,0,364015151,24713100,0.100874922099053,96.3792166441995,0
786.09,782,807,896,246942,366464,2026-09-30,2026-10-23,767.206,89,119522,43989817,9107792,0.833065525141875,76.5084792237258,0.326149362556759
783.24,778,677,692,287048,362608,2026-09-30,2026-10-23,767.206,15,75560,43989817,9107792,0.824299860124447,77.3327790838502,0.208379296650929
769.1,727,86,86,362060,362060,2026-09-30,2026-10-16,767.206,0,0,450820741,44945749,0.080311300495378,98.5139565706007,0
764.38,620,25,25,360950,360950,2026-09-30,2026-10-30,767.206,0,0,364015151,24713100,0.099157960598184,96.4783746047977,0
766.91,610,23,23,360893,360893,2026-09-30,2026-10-09,767.206,0,0,117657460,21866105,0.306731931829907,93.5231858651377,0
767.57,630,9,26,120231,357682,2026-09-30,2026-10-02,767.206,17,237451,79448835,22839300,0.450204210042853,92.7599467002883,0.663860635983919
765.67,655,32,32,354144,354144,2026-09-30,2026-10-16,767.206,0,0,450820741,44945749,0.0785553919312688,98.5925119625319,0
791.8,781,202,327,188264,353160,2026-09-30,2026-11-20,767.206,125,164896,385506742,26921533,0.0916092927889702,97.764790323693,0.466915845509118
768.72,751,198,198,270270,350856,2026-09-30,2026-10-02,767.206,0,80586,79448835,22839300,0.441612517036908,93.2015592173252,0.229683972911964
772.23,745,111,127,285270,345821,2026-09-30,2026-10-23,767.206,16,60551,43989817,9107792,0.786138755703394,78.1189178395537,0.175093473213021
766.95,625,24,24,340680,340680,2026-09-30,2026-10-09,767.206,0,0,117657460,21866105,0.289552400672257,93.8127382658099,0
778.83,769,335,346,272020,340118,2026-09-30,2026-10-23,767.206,11,68098,43989817,9107792,0.773174391700698,78.8920922312543,0.200218747611123
769.12,700,49,49,341383,338688,2026-09-30,2026-10-23,767.206,0,-2695,43989817,9107792,0.769923639373176,79.6620158706275,-0.00795717592592593
787.32,784,977,1017,251089,337644,2026-09-30,2026-10-23,767.206,40,86555,43989817,9107792,0.767550362848747,80.4295662334763,0.256349883309047
765.92,722,77,76,338184,333792,2026-09-30,2026-10-16,767.206,-1,-4392,450820741,44945749,0.0740409589983794,98.6665529215303,-0.0131578947368421
788.07,785,1051,1087,245934,333709,2026-09-30,2026-10-23,767.206,36,87775,43989817,9107792,0.758605110814623,81.1881713442909,0.263028566805211
784.68,784,4806,4888,259524,332384,2026-09-30,2026-10-09,767.206,82,72860,117657460,21866105,0.2825014240491,94.095239689859,0.219204293828824
798.49,792,258,505,137772,327745,2026-09-30,2026-11-20,767.206,247,189973,385506742,26921533,0.0850166713815864,97.8498069950746,0.57963660772857
798.93,797,1694,1687,254100,325591,2026-09-30,2026-10-30,767.206,-7,71491,364015151,24713100,0.0894443539247079,96.5678189587224,0.219573022595833
766.15,739,119,119,323085,323085,2026-09-30,2026-10-09,767.206,0,0,117657460,21866105,0.274597972793225,94.3698376626523,0
780.2,780,15762,16087,331002,321740,2026-09-30,2026-10-02,767.206,325,-9262,79448835,22839300,0.404965031897573,93.6065242492228,-0.0287872194940014
784.9,762,128,140,246912,320600,2026-09-30,2026-11-20,767.206,12,73688,385506742,26921533,0.0831632667010529,97.9329702617756,0.229844042420462
763.39,729,92,93,329176,319827,2026-09-30,2026-10-09,767.206,1,-9349,117657460,21866105,0.271828917605395,94.6416665802576,-0.0292314282408927
795.9,779,174,189,255780,319410,2026-09-30,2026-12-18,767.206,15,63630,3397936134,74902415,0.0094001178186947,99.7936835854608,0.199211045364892
770.05,742,113,113,338548,316965,2026-09-30,2026-10-23,767.206,0,-21583,43989817,9107792,0.720541756288734,81.9087131005796,-0.0680926916221034
770.76,754,89,189,117569,316764,2026-09-30,2026-10-09,767.206,100,199195,117657460,21866105,0.269225597764902,94.9108921780225,0.628843555454534
835.54,835,5650,5801,220350,313254,2026-09-30,2026-11-20,767.206,151,92904.0000000001,385506742,26921533,0.0812577228545591,98.0142279846302,0.296577218487234
779.13,777,1423,1437,221988,306081,2026-09-30,2026-10-09,767.206,14,84093,117657460,21866105,0.260145850505357,95.1710380285279,0.274740999931391
796.29,795,2301,2333,200187,300957,2026-09-30,2026-10-23,767.206,32,100770,43989817,9107792,0.684151516247499,82.5928646168271,0.334831886282758
769.13,705,46,46,294998,294998,2026-09-30,2026-10-23,767.206,0,0,43989817,9107792,0.670605199380575,83.2634698162077,0
793.21,772,129,139,242004,294819,2026-09-30,2026-12-18,767.206,10,52815,3397936134,74902415,0.00867641381043097,99.8023599992713,0.179143813661942
796.51,796,5581,5773,223240,294423,2026-09-30,2026-10-16,767.206,192,71183,450820741,44945749,0.0653082197032279,98.7318611412335,0.241771193147275
768.51,737,93,93,246543,293043,2026-09-30,2026-10-02,767.206,0,46500,79448835,22839300,0.368844930199417,93.9753691794222,0.158679784195493
776.44,630,20,20,292880,292880,2026-09-30,2026-10-23,767.206,0,0,43989817,9107792,0.665790448730441,83.9292602649381,0
767.51,736,92,92,278024,289892,2026-09-30,2026-10-02,767.206,0,11868,79448835,22839300,0.364878855681144,94.3402480351033,0.0409393843224373
794.73,794,3957,3962,197850,289226,2026-09-30,2026-10-16,767.206,5,91376,450820741,44945749,0.0641554333455124,98.796016574579,0.31593286910582
780.6,779,1218,1803,146160,288480,2026-09-30,2026-10-09,767.206,585,142320,117657460,21866105,0.245186323077177,95.4162243516051,0.493344425956739
786.51,783,730,821,203670,288171,2026-09-30,2026-10-23,767.206,91,84501,43989817,9107792,0.655085698583379,84.5843459635215,0.293232143414847
768.6,752,133,173,167979,287180,2026-09-30,2026-10-02,767.206,40,119201,79448835,22839300,0.361465338037996,94.7017133731413,0.415074169510411
804.34,803,2128,2139,195776,286626,2026-09-30,2026-10-30,767.206,11,90850,364015151,24713100,0.0787401291436905,96.6465590878661,0.316963569250522
769.38,645,13,23,154362,286074,2026-09-30,2026-10-02,767.206,10,131712,79448835,22839300,0.360073247140754,95.0617866202821,0.460412340862854
790.17,789,2440,2414,204960,282438,2026-09-30,2026-10-16,767.206,-26,77477.9999999999,450820741,44945749,0.062649735097259,98.8586663096763,0.27431861151828
830.17,830,16595,16571,248925,281707,2026-09-30,2026-10-30,767.206,-24,32782,364015151,24713100,0.0773888117640466,96.7239478996301,0.116369135307252
791.81,788,662,737,201248,280797,2026-09-30,2026-10-30,767.206,75,79549,364015151,24713100,0.0771388221695201,96.8010867217997,0.2832971862235
774.1,724,56,56,280560,280560,2026-09-30,2026-10-30,767.206,0,0,364015151,24713100,0.0770737149894071,96.8781604367891,0
779.48,748,89,89,280172,280172,2026-09-30,2026-10-30,767.206,0,0,364015151,24713100,0.0769671260194332,96.9551275628085,0
763.21,590,0,16,0,277136,2026-09-30,2026-10-02,767.206,16,277136,79448835,22839300,0.348823239510057,95.4106098597922,1
768.93,670,27,28,251208,277004,2026-09-30,2026-10-02,767.206,1,25796,79448835,22839300,0.34865709484601,95.7592669546382,0.0931250090251403
792.8,792,3496,3454,209760,276320,2026-09-30,2026-10-16,767.206,-42,66560,450820741,44945749,0.061292654678459,98.9199589643547,0.240880138969311
768.99,425,8,8,275192,275192,2026-09-30,2026-11-20,767.206,0,0,385506742,26921533,0.0713844843730385,98.0856124690032,0
761.11,565,14,14,274554,274554,2026-09-30,2026-11-20,767.206,0,0,385506742,26921533,0.0712189879159104,98.1568314569191,0
759.68,305,6,6,272808,272808,2026-09-30,2026-12-18,767.206,0,0,3397936134,74902415,0.00802863824514719,99.8103886375164,0
772.4,730,64,64,248128,271360,2026-09-30,2026-10-23,767.206,0,23232,43989817,9107792,0.616870036081305,85.2012159996028,0.0856132075471697
791.17,768,103,117,215064,271089,2026-09-30,2026-12-18,767.206,14,56025.0000000001,3397936134,74902415,0.00797804871278961,99.8183666862292,0.20666644533714
771.92,721,53,53,269876,269876,2026-09-30,2026-10-16,767.206,0,0,450820741,44945749,0.0598632617038354,98.9798222260586,0
766,673,29,29,269700,269700,2026-09-30,2026-10-30,767.206,0,0,364015151,24713100,0.0740903226854972,97.029217885494,0
808.53,801,271,358,177776,269574,2026-09-30,2026-12-18,767.206,87,91798,3397936134,74902415,0.00793346282476067,99.826300149054,0.340529873058975
769.84,741,92,93,233680,268212,2026-09-30,2026-10-09,767.206,1,34532,117657460,21866105,0.227960046052329,95.6441843976574,0.128748900123783
803.41,799,541,606,196924,267246,2026-09-30,2026-11-20,767.206,65,70322,385506742,26921533,0.0693233012251703,98.2261547581443,0.263135837393263
774.64,727,56,56,266784,266784,2026-09-30,2026-10-30,767.206,0,0,364015151,24713100,0.0732892571276518,97.1025071426217,0
778.44,776,847,1093,151613,266692,2026-09-30,2026-10-09,767.206,246,115079,117657460,21866105,0.226668160267951,95.8708525579254,0.431505257000585
767.17,748,142,139,230040,266463,2026-09-30,2026-10-02,767.206,-3,36423,79448835,22839300,0.3353894364845,96.0946563911227,0.136690647482014
772.43,670,26,26,266318,266318,2026-09-30,2026-10-09,767.206,0,0,117657460,21866105,0.226350288371005,96.0972028462964,0
768.39,727,58,64,209206,264896,2026-09-30,2026-10-02,767.206,6,55690,79448835,22839300,0.33341709793479,96.4280734890575,0.210233450108722
785,766,103,139,173349,264100,2026-09-30,2026-11-20,767.206,36,90751,385506742,26921533,0.0685072324882972,98.2946619906326,0.343623627413859
810.73,810,3488,3609,184864,263457,2026-09-30,2026-10-30,767.206,121,78593,364015151,24713100,0.0723752841815093,97.1748824268032,0.298314335925787
770.33,480,9,9,261297,261297,2026-09-30,2026-11-20,767.206,0,0,385506742,26921533,0.0677801375520431,98.3624421281846,0
794.86,792,854,909,191296,259974,2026-09-30,2026-10-30,767.206,55,68678,364015151,24713100,0.071418455876305,97.2463008826795,0.264172571103264
767.77,655,23,23,259371,259371,2026-09-30,2026-10-23,767.206,0,0,43989817,9107792,0.589616001357769,85.7908320009606,0
770.35,485,9,9,256815,256815,2026-09-30,2026-11-20,767.206,0,0,385506742,26921533,0.0666175119707764,98.4290596401554,0
776.03,736,64,64,256192,256192,2026-09-30,2026-10-30,767.206,0,0,364015151,24713100,0.0703794881328992,97.3166803708124,0
774.1,712,41,41,254610,254610,2026-09-30,2026-10-30,767.206,0,0,364015151,24713100,0.0699448908377992,97.3866252616502,0
778.16,694,30,30,252480,252480,2026-09-30,2026-10-30,767.206,0,0,364015151,24713100,0.0693597503583031,97.4559850120085,0
771.59,520,10,10,251590,251590,2026-09-30,2026-10-30,767.206,0,0,364015151,24713100,0.0691152550405793,97.525100267049,0
764.67,645,21,21,251307,251307,2026-09-30,2026-10-30,767.206,0,0,364015151,24713100,0.06903751102382,97.5941377780729,0
770.52,565,12,12,248832,246624,2026-09-30,2026-10-16,767.206,0,-2208,450820741,44945749,0.0547055575688342,99.0345277836274,-0.00895289996107435
774.11,755,129,128,217623,244608,2026-09-30,2026-10-23,767.206,-1,26985,43989817,9107792,0.556055961769516,86.3468879627301,0.110319368131868
776.72,555,11,11,243892,243892,2026-09-30,2026-11-20,767.206,0,0,385506742,26921533,0.0632653008180075,98.4923249409734,0
791.93,791,2642,2603,192866,242079,2026-09-30,2026-10-16,767.206,-39,49213,450820741,44945749,0.0536973963227659,99.0882251799502,0.203293139842779
757.9,585,14,14,242060,242060,2026-09-30,2026-11-20,767.206,0,0,385506742,26921533,0.0627900821511443,98.5551150231245,0
768.67,500,9,9,241902,241803,2026-09-30,2026-10-09,767.206,0,-98.9999999999127,117657460,21866105,0.205514380473622,96.30271722677,-0.000409424200691938
805.2,805,12097,12015,193552,240300,2026-09-30,2026-10-16,767.206,-82,46748,450820741,44945749,0.0533027827129187,99.1415279626631,0.194540158135664
770.01,675,25,25,237525,237525,2026-09-30,2026-10-23,767.206,0,0,43989817,9107792,0.539954508108092,86.8868424708382,0
796.05,788,185,295,119695,237475,2026-09-30,2026-11-20,767.206,110,117780,385506742,26921533,0.0616007384898083,98.6167157616144,0.495967996631224
762.97,707,42,42,235074,235074,2026-09-30,2026-10-16,767.206,0,0,450820741,44945749,0.0521435636431821,99.1936715263063,0
770.09,680,26,26,234234,234234,2026-09-30,2026-10-23,767.206,0,0,43989817,9107792,0.532473231248041,87.4193157020862,0
769.19,535,10,10,234190,234190,2026-09-30,2026-11-20,767.206,0,0,385506742,26921533,0.0607486133147835,98.6774643749292,0
810.14,810,16572,16507,182292,231098,2026-09-30,2026-10-16,767.206,-65,48806,450820741,44945749,0.0512616166433212,99.2449331429496,0.21119178876494
789.29,788,1857,1790,178272,230910,2026-09-30,2026-10-16,767.206,-67,52638,450820741,44945749,0.0512199149240119,99.2961530578736,0.227958945043523
773.59,704,33,33,229647,229647,2026-09-30,2026-10-30,767.206,0,0,364015151,24713100,0.0630872092464085,97.6572249873193,0
769.49,635,13,17,167336,228633,2026-09-30,2026-10-02,767.206,4,61297,79448835,22839300,0.287773886174668,96.7158473752321,0.268102154982002
791.14,787,553,549,184149,227286,2026-09-30,2026-10-30,767.206,-4,43137,364015151,24713100,0.0624386098698403,97.7196635971891,0.189791716163776
767.28,722,50,50,226400,226400,2026-09-30,2026-10-30,767.206,0,0,364015151,24713100,0.0621952134074771,97.7818588105966,0
784.52,764,31,110,55924,225720,2026-09-30,2026-11-20,767.206,79,169796,385506742,26921533,0.0585515051770482,98.7360158801062,0.75224171539961
791.1,789,1080,1067,171720,224070,2026-09-30,2026-10-23,767.206,-13,52350,43989817,9107792,0.509367883935503,87.9286835860217,0.233632347034409
769.39,665,10,21,98720,219219,2026-09-30,2026-10-02,767.206,11,120499,79448835,22839300,0.275924750816044,96.9917721260482,0.549674070222015
768.71,660,19,20,195795,217420,2026-09-30,2026-10-02,767.206,1,21625,79448835,22839300,0.273660400432555,97.2654325264807,0.0994618710330235
802.71,792,195,202,183690,216342,2026-09-30,2026-12-18,767.206,7,32652,3397936134,74902415,0.00636686481053208,99.8326670138645,0.150927697811798
769.24,530,9,9,215316,215316,2026-09-30,2026-10-23,767.206,0,0,43989817,9107792,0.489467823882968,88.4181514099047,0
757.91,722,59,59,211869,211869,2026-09-30,2026-10-09,767.206,0,0,117657460,21866105,0.180072729769961,96.48278995654,0
797.86,783,127,142,163703,211012,2026-09-30,2026-12-18,767.206,15,47309,3397936134,74902415,0.00621000488763159,99.8388770187521,0.22420051940174
795.63,793,775,790,157325,207770,2026-09-30,2026-10-30,767.206,15,50445,364015151,24713100,0.0570772945656869,97.8389361051623,0.242792510949608
768.89,610,2,13,30722,206557,2026-09-30,2026-10-02,767.206,11,175835,79448835,22839300,0.259987449784506,97.5254199762652,0.851266236438368
770.69,255,4,4,206276,206276,2026-09-30,2026-12-18,767.206,0,0,3397936134,74902415,0.00607062616439394,99.8449476449165,0
801.12,796,288,402,124704,205824,2026-09-30,2026-11-20,767.206,114,81120,385506742,26921533,0.0533905059434732,98.7894063860497,0.394123134328358
767.8,728,52,51,206960,202980,2026-09-30,2026-10-23,767.206,-1,-3980,43989817,9107792,0.461424970237999,88.8795763801427,-0.0196078431372549
797.24,789,239,246,150809,202704,2026-09-30,2026-11-20,767.206,7,51895,385506742,26921533,0.0525811815763264,98.841987567626,0.256013694845686
790.29,788,885,884,154875,202436,2026-09-30,2026-10-23,767.206,-1,47561,43989817,9107792,0.460188320401515,89.3397647005442,0.234943389515699
767.51,680,16,23,134064,201273,2026-09-30,2026-10-02,767.206,7,67209,79448835,22839300,0.253336628535837,97.7787566048011,0.333919601734957
795.12,776,61,105,100406,200760,2026-09-30,2026-12-18,767.206,44,100354,3397936134,74902415,0.00590829233048793,99.850855937247,0.499870492129906
785.26,763,28,90,53088,200340,2026-09-30,2026-11-20,767.206,62,147252,385506742,26921533,0.0519679627289112,98.8939555303549,0.735010482180294
816.78,812,145,411,57710,196458,2026-09-30,2026-12-18,767.206,266,138748,3397936134,74902415,0.00578168606626319,99.8566376233133,0.706247645807246
771.7,723,40,40,198080,194800,2026-09-30,2026-10-30,767.206,0,-3280.00000000003,364015151,24713100,0.0535142560590837,97.8924503612214,-0.0168377823408626
770.14,742,69,69,192441,194166,2026-09-30,2026-10-09,767.206,0,1725,117657460,21866105,0.16502651000625,96.6478164665462,0.00888415067519545
763.93,635,15,15,193395,193395,2026-09-30,2026-10-23,767.206,0,0,43989817,9107792,0.4396358366301,89.7794005371743,0
815.12,815,16178,16116,129424,193392,2026-09-30,2026-10-16,767.206,-62,63968,450820741,44945749,0.0428977601099325,99.3390508179836,0.330768594357574
772.34,696,25,25,204775,190850,2026-09-30,2026-10-30,767.206,0,-13925,364015151,24713100,0.0524291363905345,97.9448794976119,-0.0729630599947603
772.21,707,29,29,189109,189109,2026-09-30,2026-10-30,767.206,0,0,364015151,24713100,0.0519508595948524,97.9968303572068,0
775.85,734,45,45,188325,188325,2026-09-30,2026-10-30,767.206,0,0,364015151,24713100,0.0517354839441834,98.0485658411509,0
800.46,788,139,151,158738,188146,2026-09-30,2026-12-18,767.206,12,29408,3397936134,74902415,0.00553706698949981,99.8621746903028,0.156304146779629
776,150,3,3,187800,187800,2026-09-30,2026-12-18,767.206,0,0,3397936134,74902415,0.00552688433784436,99.8677015746406,0
800.65,799,1076,1133,136652,186945,2026-09-30,2026-10-30,767.206,57,50293,364015151,24713100,0.0513563788447915,98.0999222199957,0.269025649255128
772.27,540,8,8,176864,185816,2026-09-30,2026-11-20,767.206,0,8952,385506742,26921533,0.0482004540403083,98.9421559843952,0.0481766909200499
768.98,727,44,44,199452,184712,2026-09-30,2026-10-09,767.206,0,-14740,117657460,21866105,0.156991320397364,96.8048077869436,-0.0797999047165317
793.14,783,105,182,87255,184548,2026-09-30,2026-11-20,767.206,77,97293,385506742,26921533,0.0478715363167371,98.990027520712,0.527196176604461
763.01,500,2,7,52602,184107,2026-09-30,2026-10-02,767.206,5,131505,79448835,22839300,0.231730270179544,98.0104868749806,0.714285714285714
792.88,791,965,970,127380,182360,2026-09-30,2026-10-23,767.206,5,54980,43989817,9107792,0.414550485627162,90.1939510228015,0.301491555165607
801.99,797,318,360,129108,179640,2026-09-30,2026-11-20,767.206,42,50532,385506742,26921533,0.0465984068314945,99.0366259275434,0.281295925183701
820.32,820,5592,5609,150984,179488,2026-09-30,2026-10-30,767.206,17,28504,364015151,24713100,0.0493078377388748,98.1492300577346,0.15880727402389
860.56,860,3213,3205,134946,179480,2026-09-30,2026-12-18,767.206,-8,44534,3397936134,74902415,0.00528202982404848,99.8729836044647,0.248127925117005
769.41,675,20,19,177400,179379,2026-09-30,2026-10-02,767.206,-1,1979,79448835,22839300,0.225779270394588,98.2362661453752,0.0110325065921875
776.93,756,77,85,140371,177905,2026-09-30,2026-10-30,767.206,8,37534,364015151,24713100,0.0488729657299347,98.1981030234645,0.210977769034035
790.37,786,360,405,129960,176985,2026-09-30,2026-10-30,767.206,45,47025,364015151,24713100,0.0486202289970068,98.2467232524615,0.265700483091788
762.39,470,6,6,175434,175434,2026-09-30,2026-11-20,767.206,0,0,385506742,26921533,0.04550737532886,99.0821333028723,0
763.49,703,29,29,175421,175421,2026-09-30,2026-10-16,767.206,0,0,450820741,44945749,0.0389114750157425,99.3779622929993,0
850.23,850,6686,7626,113662,175398,2026-09-30,2026-11-20,767.206,940,61736,385506742,26921533,0.0454980369707775,99.1276313398431,0.351976647396207
773.56,753,85,85,161160,174760,2026-09-30,2026-10-23,767.206,0,13600,43989817,9107792,0.397273759970404,90.5912247827719,0.0778210116731518
794.08,791,672,566,161952,174328,2026-09-30,2026-10-30,767.206,-106,12376,364015151,24713100,0.0478903143237574,98.2946135667853,0.070992611628654
803.96,794,156,175,134160,174300,2026-09-30,2026-12-18,767.206,19,40140,3397936134,74902415,0.0051295843455073,99.8781131888102,0.230292598967298
762.87,590,10,10,172870,172870,2026-09-30,2026-10-23,767.206,0,0,43989817,9107792,0.392977311089973,90.9842020938619,0
817.57,813,76,378,29260,172746,2026-09-30,2026-12-18,767.206,302,143486,3397936134,74902415,0.00508385070194495,99.8831970395121,0.830618364535214
797.66,791,110,258,61050,171828,2026-09-30,2026-11-20,767.206,148,110778,385506742,26921533,0.0445719831275999,99.1722033229707,0.644702842377261
766.88,726,42,42,171696,171696,2026-09-30,2026-10-09,767.206,0,0,117657460,21866105,0.145928698443771,96.9507364853873,0
810.03,803,35,244,20580,171532,2026-09-30,2026-12-18,767.206,209,150952,3397936134,74902415,0.00504812313226368,99.8882451626444,0.880022386493482
771.86,665,16,16,169600,170976,2026-09-30,2026-10-30,767.206,0,1376,364015151,24713100,0.0469694735316113,98.3415830403169,0.00804791315740221
777.07,714,27,27,170289,170289,2026-09-30,2026-10-30,767.206,0,0,364015151,24713100,0.0467807451234358,98.3883637854404,0
781.51,741,0,42,0,170142,2026-09-30,2026-12-18,767.206,42,170142,3397936134,74902415,0.00500721594786749,99.8932523785922,1
806.95,806,879,1772,65046,168340,2026-09-30,2026-10-30,767.206,893,103294,364015151,24713100,0.0462453278490048,98.4346091132894,0.613603421646667
798.24,796,744,733,119040,164192,2026-09-30,2026-10-30,767.206,-11,45152,364015151,24713100,0.0451058148401081,98.4797149281295,0.274995127655428
865.4,865,4102,4102,135366,164080,2026-09-30,2026-12-18,767.206,0,28714,3397936134,74902415,0.00482881353649362,99.8980811921287,0.175
772.6,747,63,64,154350,163840,2026-09-30,2026-10-23,767.206,1,9490,43989817,9107792,0.372449833105694,91.3566519269676,0.05792236328125
783.01,782,1580,1611,112180,162711,2026-09-30,2026-10-09,767.206,31,50531,117657460,21866105,0.138292123593353,97.0890286089807,0.310556753999422
799.83,794,254,279,122174,162657,2026-09-30,2026-11-20,767.206,25,40483,385506742,26921533,0.0421930364060922,99.2143963593768,0.248885691977597
875.07,875,23227,23235,162589,162645,2026-09-30,2026-11-20,767.206,8,56,385506742,26921533,0.0421899236200647,99.2565862829968,0.000344308155799441
789.51,787,649,647,124608,162397,2026-09-30,2026-10-23,767.206,-2,37789,43989817,9107792,0.369169528484285,91.7258214554518,0.232695185255885
767.21,620,11,11,161931,161931,2026-09-30,2026-10-09,767.206,0,0,117657460,21866105,0.137629182204001,97.2266577911847,0
764.63,495,6,6,161778,161778,2026-09-30,2026-11-20,767.206,0,0,385506742,26921533,0.0419650248295787,99.2985513078264,0
770.33,729,39,39,161187,161187,2026-09-30,2026-10-16,767.206,0,0,450820741,44945749,0.0357541225016531,99.413716415501,0
774.24,733,36,39,148464,160836,2026-09-30,2026-11-20,767.206,3,12372,385506742,26921533,0.0417206711264209,99.3402719789528,0.0769230769230769
768.54,744,64,65,140352,159510,2026-09-30,2026-10-09,767.206,1,19158,117657460,21866105,0.135571514122436,97.3622293053071,0.12010532255031
768.2,706,25,25,155500,155500,2026-09-30,2026-10-16,767.206,0,0,450820741,44945749,0.0344926454925462,99.4482090609935,0
780.42,736,0,35,0,155470,2026-09-30,2026-12-18,767.206,35,155470,3397936134,74902415,0.00457542443026977,99.902656616559,1
791.75,769,49,68,102949,154700,2026-09-30,2026-12-18,767.206,19,51751,3397936134,74902415,0.00455276361589202,99.9072093801749,0.334524886877828
776.55,776,2174,2806,104352,154330,2026-09-30,2026-10-02,767.206,632,49978,79448835,22839300,0.194250803048276,98.4305169484235,0.323838527829975
772.86,718,28,28,156828,153608,2026-09-30,2026-10-30,767.206,0,-3220,364015151,24713100,0.0421982435560766,98.5219131716855,-0.0209624498724025
768.54,550,7,7,152978,152978,2026-09-30,2026-10-09,767.206,0,0,117657460,21866105,0.130019804949044,97.4922491102562,0
765.74,681,18,18,152532,152532,2026-09-30,2026-10-30,767.206,0,0,364015151,24713100,0.041902651464087,98.5638158231496,0
763.96,710,26,28,140296,151088,2026-09-30,2026-10-09,767.206,2,10792,117657460,21866105,0.128413446967154,97.6206625572233,0.0714285714285714
774.39,748,57,57,150423,150423,2026-09-30,2026-10-23,767.206,0,0,43989817,9107792,0.341949592561388,92.0677710480132,0
754.83,605,10,10,149830,149830,2026-09-30,2026-10-30,767.206,0,0,364015151,24713100,0.0411603746680313,98.6049761978177,0
807.82,807,1304,1821,86064,149322,2026-09-30,2026-10-30,767.206,517,63258,364015151,24713100,0.0410208200372407,98.6459970178549,0.423634829429019
802.48,801,975,1001,106275,148148,2026-09-30,2026-10-30,767.206,26,41873,364015151,24713100,0.0406983059889175,98.6866953238438,0.282643032643033
770.2,738,45,46,123435,148120,2026-09-30,2026-10-09,767.206,1,24685,117657460,21866105,0.125890869988184,97.7465534272115,0.166655414528761
820.09,820,16397,16395,114779,147555,2026-09-30,2026-10-16,767.206,-2,32776,450820741,44945749,0.0327303042164158,99.4809393652099,0.222127342346921
776.71,732,33,33,147543,147543,2026-09-30,2026-10-09,767.206,0,0,117657460,21866105,0.125400463345036,97.8719538905565,0
770.8,749,69,67,124338,146060,2026-09-30,2026-10-09,767.206,-2,21722,117657460,21866105,0.124140024780409,97.9960939153369,0.148719704231138
766.63,695,21,20,150423,143260,2026-09-30,2026-10-23,767.206,-1,-7163,43989817,9107792,0.325666278629893,92.3934373266431,-0.05
809.28,802,188,196,116372,142688,2026-09-30,2026-12-18,767.206,8,26316,3397936134,74902415,0.00419925491159923,99.9114086350865,0.184430365552815
764.01,718,31,31,142631,142631,2026-09-30,2026-10-16,767.206,0,0,450820741,44945749,0.0316380740787612,99.5125774392887,0
760.84,525,6,6,141504,141504,2026-09-30,2026-11-20,767.206,0,0,385506742,26921533,0.0367059728361378,99.376977951789,0
779.32,731,29,29,140128,140128,2026-09-30,2026-11-20,767.206,0,0,385506742,26921533,0.0363490400383192,99.4133269918273,0
761.35,674,16,16,139760,139760,2026-09-30,2026-10-30,767.206,0,0,364015151,24713100,0.0383940062978313,98.7250893301417,0
809.71,809,1830,1935,102480,137385,2026-09-30,2026-10-30,767.206,105,34905,364015151,24713100,0.0377415609275011,98.7628308910691,0.254067037886232
767.89,741,52,51,116480,137139,2026-09-30,2026-10-02,767.206,-1,20659,79448835,22839300,0.17261297789955,98.603129926323,0.150642778494812
773.95,717,24,24,136680,136680,2026-09-30,2026-10-30,767.206,0,0,364015151,24713100,0.0375478876702031,98.8003787787394,0
870.35,870,3012,3863,87348,135205,2026-09-30,2026-12-18,767.206,851,47857,3397936134,74902415,0.00397903299732825,99.9153876680838,0.353958803298695
768.74,320,3,3,134622,134622,2026-09-30,2026-10-16,767.206,0,0,450820741,44945749,0.0298615364726531,99.5424389757613,0
775.09,686,15,15,133635,133635,2026-09-30,2026-10-30,767.206,0,0,364015151,24713100,0.0367113840269797,98.8370901627663,0
820.04,816,262,329,87770,132916,2026-09-30,2026-12-18,767.206,67,45146,3397936134,74902415,0.00391166857640533,99.9192993366602,0.339658129946733
798.95,798,1394,1394,92004,132430,2026-09-30,2026-10-23,767.206,0,40426,43989817,9107792,0.301046944569012,92.6944842712121,0.305263157894737
799.22,786,63,100,74151,132200,2026-09-30,2026-12-18,767.206,37,58049,3397936134,74902415,0.00389059696199693,99.9231899336222,0.43909984871407
797.95,797,1084,1391,80216,132145,2026-09-30,2026-10-23,767.206,307,51929,43989817,9107792,0.300399067356884,92.994883338569,0.392969843732264
816.51,816,2559,2570,92124,131070,2026-09-30,2026-10-30,767.206,11,38946,364015151,24713100,0.0360067430270231,98.8730969057934,0.297138933394369
768.45,445,4,4,129380,129380,2026-09-30,2026-11-20,767.206,0,0,385506742,26921533,0.0335610213530325,99.4468880131803,0
799.96,787,87,99,98136,128304,2026-09-30,2026-12-18,767.206,12,30168,3397936134,74902415,0.00377593912717136,99.9269658727494,0.235129068462402
808.96,808,1147,1328,69967,127488,2026-09-30,2026-10-30,767.206,181,57521,364015151,24713100,0.0350227180516451,98.908119623845,0.451187562751004
825.08,825,15767,15721,78835,125768,2026-09-30,2026-10-16,767.206,-46,46933,450820741,44945749,0.027897562947309,99.5703365387086,0.373171235926468
764.28,660,12,12,125136,125136,2026-09-30,2026-10-23,767.206,0,0,43989817,9107792,0.284465834445276,93.2793491730143,0
826.22,823,380,387,94620,124614,2026-09-30,2026-12-18,767.206,7,29994,3397936134,74902415,0.00366734379593257,99.9306332165453,0.240695266984448
767.9,720,26,26,124540,124540,2026-09-30,2026-10-09,767.206,0,0,117657460,21866105,0.105849641833166,98.1019435571701,0
803.27,802,853,978,82741,124206,2026-09-30,2026-10-30,767.206,125,41465,364015151,24713100,0.0341211072283087,98.9422407310733,0.333840555206673
799.38,799,3143,3264,88004,124032,2026-09-30,2026-10-16,767.206,121,36028,450820741,44945749,0.0275124874966656,99.5978490262053,0.29047342621259
799.88,799,1411,1408,91715,123904,2026-09-30,2026-10-23,767.206,-3,32189,43989817,9107792,0.281665186286181,93.5610143593005,0.259789837293388
815.47,815,2678,2625,93730,123375,2026-09-30,2026-10-30,767.206,-53,29645,364015151,24713100,0.0338928200271532,98.9761335511005,0.240283687943262
766.92,685,14,15,125720,122880,2026-09-30,2026-10-30,767.206,1,-2840,364015151,24713100,0.0337568366762844,99.0098903877767,-0.0231119791666667
770.57,525,5,5,122785,122785,2026-09-30,2026-10-16,767.206,0,0,450820741,44945749,0.0272358808797575,99.6250849070851,0
793.2,793,6159,6139,98544,122780,2026-09-30,2026-10-09,767.206,-20,24236,117657460,21866105,0.104353774082833,98.2062973312529,0.197393712330999
817.42,817,2286,2917,96012,122514,2026-09-30,2026-10-30,767.206,631,26502,364015151,24713100,0.0336562914107935,99.0435466791875,0.216318135070278
770.16,465,4,4,122064,122064,2026-09-30,2026-11-20,767.206,0,0,385506742,26921533,0.0316632594716074,99.4785512726519,0
771.44,661,11,11,122551,121484,2026-09-30,2026-10-30,767.206,0,-1067.00000000001,364015151,24713100,0.0333733361554503,99.076920015343,-0.00878304961970313
766.06,615,2,8,29728,120848,2026-09-30,2026-10-02,767.206,6,91120,79448835,22839300,0.152107957278417,98.7552378836014,0.754005031113465
834.12,834,9963,9953,149445,119436,2026-09-30,2026-10-30,767.206,-10,-30009,364015151,24713100,0.0328107222108456,99.1097307375538,-0.251255902742892
779.24,709,17,17,119408,119408,2026-09-30,2026-10-30,767.206,0,0,364015151,24713100,0.0328030302233217,99.1425337677772,0
766.35,470,4,4,118540,118540,2026-09-30,2026-10-30,767.206,0,0,364015151,24713100,0.032564578610081,99.1750983463872,0
790.48,764,21,44,49455,116512,2026-09-30,2026-12-18,767.206,23,67057,3397936134,74902415,0.00342890494127221,99.9340621214866,0.575537283713266
880.21,880,5540,5537,121880,116277,2026-09-30,2026-12-18,767.206,-3,-5603,3397936134,74902415,0.00342198897844264,99.937484110465,-0.0481866577225075
776.34,708,17,17,116178,116178,2026-09-30,2026-10-30,767.206,0,0,364015151,24713100,0.0319157045196726,99.2070140509069,0
776.61,545,5,5,115805,115805,2026-09-30,2026-11-20,767.206,0,0,385506742,26921533,0.0300396821594368,99.5085909548114,0
770.56,732,30,30,115680,115680,2026-09-30,2026-10-23,767.206,0,0,43989817,9107792,0.262969950522868,93.8239843098233,0
782.19,781,897,968,75348,115192,2026-09-30,2026-10-09,767.206,71,39844,117657460,21866105,0.097904544259242,98.3042018755122,0.3458920758386
770.67,746,46,46,116610,113482,2026-09-30,2026-10-23,767.206,0,-3128,43989817,9107792,0.257973339602663,94.081957649426,-0.0275638427239562
798.26,784,71,79,90099,112654,2026-09-30,2026-12-18,767.206,8,22555,3397936134,74902415,0.003315365432351,99.9407994758974,0.200214817050438
765.56,605,4,7,63456,112392,2026-09-30,2026-10-02,767.206,3,48936,79448835,22839300,0.141464629405831,98.8967025130073,0.435404655135597
772.8,687,13,13,111540,111540,2026-09-30,2026-10-30,767.206,0,0,364015151,24713100,0.0306415817291078,99.237655632636,0
795.99,787,75,124,52200,111476,2026-09-30,2026-11-20,767.206,49,59276,385506742,26921533,0.0289167446000205,99.5375076994114,0.531737773152966
825.37,822,337,327,87957,110199,2026-09-30,2026-12-18,767.206,-10,22242,3397936134,74902415,0.00324311569300378,99.9440425915904,0.201834862385321
771.35,753,49,60,68551,110100,2026-09-30,2026-10-09,767.206,11,41549,117657460,21866105,0.0935767268815764,98.3977786023938,0.377375113533152
794.45,793,776,758,82256,109910,2026-09-30,2026-10-23,767.206,-18,27654,43989817,9107792,0.249853278543987,94.33181092797,0.251605859339459
769.68,550,5,5,109840,109840,2026-09-30,2026-10-23,767.206,0,0,43989817,9107792,0.249694150807675,94.5815050787777,0
900.13,900,8435,8436,92785,109668,2026-09-30,2026-12-18,767.206,1,16883,3397936134,74902415,0.00322748855997186,99.9472700801504,0.153946456578036
805.2,804,853,905,76770,108600,2026-09-30,2026-10-30,767.206,52,31830,364015151,24713100,0.029833923039099,99.2674895556751,0.293093922651934
812.17,806,28,176,14644,108592,2026-09-30,2026-12-18,767.206,148,93948,3397936134,74902415,0.00319582227910114,99.9504659024295,0.865146603801385
766.53,690,15,14,114795,107142,2026-09-30,2026-10-09,767.206,-1,-7653,117657460,21866105,0.0910626491511885,98.488841251545,-0.0714285714285714
812.94,807,45,180,22500,106920,2026-09-30,2026-12-18,767.206,135,84420,3397936134,74902415,0.00314661593930947,99.9536125183688,0.78956228956229
795.43,794,745,743,72265,106249,2026-09-30,2026-10-23,767.206,-2,33984,43989817,9107792,0.241530897934856,94.8230359767125,0.319852422140444
765.94,590,6,6,105564,105564,2026-09-30,2026-11-20,767.206,0,0,385506742,26921533,0.0273831786838114,99.5648908780952,0
763.9,733,34,34,105060,105060,2026-09-30,2026-10-09,767.206,0,0,117657460,21866105,0.0892931055965342,98.5781343571415,0
776.11,738,26,27,106392,102897,2026-09-30,2026-11-20,767.206,1,-3495,385506742,26921533,0.0266913619892023,99.5915822400844,-0.0339660048397912
802.99,798,88,205,34408,102295,2026-09-30,2026-11-20,767.206,117,67887,385506742,26921533,0.0265352038901566,99.6181174439746,0.663639474070091
768.46,726,24,24,101904,101904,2026-09-30,2026-10-16,767.206,0,0,450820741,44945749,0.0226041064068967,99.647689013492,0
793.8,792,568,562,68160,101160,2026-09-30,2026-10-23,767.206,-6,33000,43989817,9107792,0.229962311504956,95.0529982882175,0.326215895610913
875.3,875,3341,3342,73502,100260,2026-09-30,2026-12-18,767.206,1,26758,3397936134,74902415,0.00295061460975652,99.9565631329785,0.26688609615001
825.22,825,4454,4458,80172,98076,2026-09-30,2026-10-30,767.206,4,17904,364015151,24713100,0.0269428345854758,99.2944323902606,0.182552306374648
771.05,710,16,16,92592,97680,2026-09-30,2026-10-23,767.206,0,5088,43989817,9107792,0.222051389756861,95.2750496779743,0.0520884520884521
797.07,796,905,905,73305,96835,2026-09-30,2026-10-23,767.206,0,23530,43989817,9107792,0.220130490654235,95.4951801686286,0.242990654205607
778.32,778,2556,2998,81792,95936,2026-09-30,2026-10-02,767.206,442,14144,79448835,22839300,0.120751927954639,99.0174544409619,0.14743162108072
761.65,570,5,5,95825,95825,2026-09-30,2026-11-20,767.206,0,0,385506742,26921533,0.0248568934236694,99.6429743373982,0
767.48,708,16,16,95168,95168,2026-09-30,2026-10-16,767.206,0,0,450820741,44945749,0.0211099426767501,99.6687989561687,0
757.87,520,4,4,95148,95148,2026-09-30,2026-10-23,767.206,0,0,43989817,9107792,0.21629551220911,95.7114756808377,0
775,540,4,4,94000,94000,2026-09-30,2026-10-16,767.206,0,0,450820741,44945749,0.0208508596546582,99.6896498158234,0
774.32,716,16,16,93312,93312,2026-09-30,2026-10-30,767.206,0,0,364015151,24713100,0.0256340978510535,99.3200664881116,0
821.33,821,2869,2827,68856,93291,2026-09-30,2026-10-30,767.206,-42,24435,364015151,24713100,0.0256283288604105,99.3456948169721,0.261922371932984
768.95,685,11,11,92345,92345,2026-09-30,2026-10-09,767.206,0,0,117657460,21866105,0.0784863110252423,98.6566206681667,0
807.13,799,73,113,51465,91869,2026-09-30,2026-12-18,767.206,40,40404,3397936134,74902415,0.00270367059229725,99.9592668035708,0.439800150213892
830.05,830,18360,18360,91800,91800,2026-09-30,2026-10-16,767.206,0,0,450820741,44945749,0.0203628608116768,99.710012676635,0
763.65,716,19,19,90535,90535,2026-09-30,2026-10-16,767.206,0,0,450820741,44945749,0.0200822614769625,99.730094938112,0
762.38,310,2,2,90476,90476,2026-09-30,2026-11-20,767.206,0,0,385506742,26921533,0.0234693690519166,99.6664437064501,0
799.75,798,505,516,70700,90300,2026-09-30,2026-10-30,767.206,11,19600,364015151,24713100,0.0248066597645547,99.3705014767366,0.217054263565891
840.37,840,2413,2436,69977,90132,2026-09-30,2026-11-20,767.206,23,20155,385506742,26921533,0.023380135852462,99.6898238423026,0.223616473616474
769.8,736,27,26,91260,87880,2026-09-30,2026-10-23,767.206,-1,-3379.99999999999,43989817,9107792,0.199773506673147,95.9112491875108,-0.0384615384615383
759.62,726,26,26,87412,87412,2026-09-30,2026-10-23,767.206,0,0,43989817,9107792,0.19870962409323,96.1099588116041,0
773.85,749,35,35,86975,86975,2026-09-30,2026-10-23,767.206,0,0,43989817,9107792,0.197716212367967,96.307675023972,0
777.1,560,4,4,86840,86840,2026-09-30,2026-10-30,767.206,0,0,364015151,24713100,0.0238561498776736,99.3943576266143,0
818.35,818,2236,2456,62608,85960,2026-09-30,2026-10-30,767.206,220,23352,364015151,24713100,0.0236144016983513,99.4179720283126,0.271661237785016
774.57,756,45,46,72000,85422,2026-09-30,2026-10-23,767.206,1,13422,43989817,9107792,0.194185849875211,96.5018608738472,0.157125798974503
777.42,777,1702,2029,66378,85218,2026-09-30,2026-10-02,767.206,327,18840,79448835,22839300,0.107261484702702,99.1247159256646,0.221080053509822
775.67,350,2,2,85134,85134,2026-09-30,2026-11-20,767.206,0,0,385506742,26921533,0.0220836604720132,99.7119075027746,0
764.2,715,17,17,83640,83640,2026-09-30,2026-10-09,767.206,0,0,117657460,21866105,0.0710877151351049,98.7277083833018,0
763.68,646,7,7,82376,82376,2026-09-30,2026-10-30,767.206,0,0,364015151,24713100,0.022629827295293,99.4406018556079,0
885.18,885,4543,4548,72688,81864,2026-09-30,2026-12-18,767.206,5,9176,3397936134,74902415,0.0024092271535319,99.9616760307244,0.112088341639793
769.39,743,31,31,80228,81809,2026-09-30,2026-10-09,767.206,0,1581,117657460,21866105,0.0695315027198445,98.7972398860217,0.0193255020841228
777.31,715,13,13,81003,81003,2026-09-30,2026-10-23,767.206,0,0,43989817,9107792,0.184140343207156,96.6860012170544,0
767.15,565,6,4,110352,80860,2026-09-30,2026-10-30,767.206,-2,-29492,364015151,24713100,0.0222133611136422,99.4628152167216,-0.364729161513727
786.49,786,1645,1649,69090,80801,2026-09-30,2026-10-09,767.206,4,11711,117657460,21866105,0.0686747784628361,98.8659146644845,0.144936325045482
767.18,500,2,3,53436,80154,2026-09-30,2026-10-30,767.206,1,26718,364015151,24713100,0.0220194131425041,99.4848346298641,0.333333333333333
774.29,721,15,15,79935,79935,2026-09-30,2026-10-30,767.206,0,0,364015151,24713100,0.0219592508115136,99.5067938806756,0
824.52,821,221,227,60333,79904,2026-09-30,2026-12-18,767.206,6,19571,3397936134,74902415,0.00235154508057037,99.9640275758049,0.244931417701241
783.55,757,25,30,60075,79650,2026-09-30,2026-11-20,767.206,5,19575,385506742,26921533,0.0206611172574512,99.7325686200321,0.245762711864407
764.88,505,3,3,77964,77964,2026-09-30,2026-11-20,767.206,0,0,385506742,26921533,0.0202237708205892,99.7527923908527,0
768.87,380,2,2,77774,77774,2026-09-30,2026-10-16,767.206,0,0,450820741,44945749,0.0172516463700147,99.747346584482,0
765.52,670,8,8,76416,76416,2026-09-30,2026-10-23,767.206,0,0,43989817,9107792,0.173712929971952,96.8597141470264,0
814.48,814,1597,1589,76656,76272,2026-09-30,2026-10-30,767.206,-8,-384,364015151,24713100,0.0209529740150843,99.5277468546907,-0.00503461296412838
787.49,787,1529,1553,55044,76097,2026-09-30,2026-10-09,767.206,24,21053,117657460,21866105,0.0646767319301301,98.9305913964147,0.276660052301668
770.06,723,16,16,75296,75296,2026-09-30,2026-10-16,767.206,0,0,450820741,44945749,0.016701982218693,99.7640485667007,0
770.99,666,6,7,60774,73493,2026-09-30,2026-10-30,767.206,1,12719,364015151,24713100,0.020189544253338,99.547936398944,0.173064101342985
774.75,535,3,3,71925,71925,2026-09-30,2026-10-09,767.206,0,0,117657460,21866105,0.0611308454219562,98.9917222418366,0
781.16,781,4457,4493,71312,71888,2026-09-30,2026-10-02,767.206,36,576,79448835,22839300,0.0904833909773504,99.215199316642,0.00801246383262853
769.93,746,30,30,83160,71790,2026-09-30,2026-10-09,767.206,0,-11370,117657460,21866105,0.0610161055661069,99.0527383474027,-0.158378604262432
776.1,753,32,31,66048,71610,2026-09-30,2026-10-30,767.206,-1,5562,364015151,24713100,0.0196722580923562,99.5676086570364,0.0776707163803938
766.93,625,5,5,70965,70965,2026-09-30,2026-11-20,767.206,0,0,385506742,26921533,0.0184082383700568,99.7712006292227,0
801.69,801,1024,1024,49152,70656,2026-09-30,2026-10-23,767.206,0,21504,43989817,9107792,0.16061899052683,97.0203331375532,0.304347826086957
800.08,800,8815,8797,79335,70376,2026-09-30,2026-10-09,767.206,-18,-8959,117657460,21866105,0.0598143118166923,99.1125526592194,-0.127301921109469
773.05,719,13,13,70265,70265,2026-09-30,2026-10-16,767.206,0,0,450820741,44945749,0.015586017591857,99.7796345842926,0
785.15,756,17,24,48960,69960,2026-09-30,2026-12-18,767.206,7,21000,3397936134,74902415,0.0020588968491778,99.9660864726541,0.300171526586621
761.34,662,7,7,69538,69538,2026-09-30,2026-10-30,767.206,0,0,364015151,24713100,0.0191030510155881,99.586711708052,0
777.57,702,0,9,0,68013,2026-09-30,2026-12-18,767.206,9,68013,3397936134,74902415,0.00200159736139408,99.9680880700155,1
773.16,605,4,4,67264,67264,2026-09-30,2026-11-20,767.206,0,0,385506742,26921533,0.0174482032794124,99.7886488325021,0
763.69,540,3,3,67107,67107,2026-09-30,2026-10-30,767.206,0,0,364015151,24713100,0.0184352216702101,99.6051469297222,0
770.57,697,9,9,66213,66213,2026-09-30,2026-10-30,767.206,0,0,364015151,24713100,0.0181896274971258,99.6233365572193,0
799.11,799,5928,6000,53352,66000,2026-09-30,2026-10-09,767.206,72,12648,117657460,21866105,0.0560950406374572,99.1686476998569,0.191636363636364
764.12,550,3,3,64236,64236,2026-09-30,2026-10-30,767.206,0,0,364015151,24713100,0.0176465182351709,99.6409830754545,0
845.29,845,2197,2201,52728,63829,2026-09-30,2026-11-20,767.206,4,11101,385506742,26921533,0.016557168279044,99.8052060007812,0.17391781165301
818.37,814,60,146,22140,63802,2026-09-30,2026-12-18,767.206,86,41662,3397936134,74902415,0.00187766919341398,99.9699657392089,0.652988934516159
819.4,819,1572,1576,45588,63040,2026-09-30,2026-10-30,767.206,4,17452,364015151,24713100,0.0173179604823647,99.6583010359368,0.276840101522843
809.15,809,3829,4180,45948,62700,2026-09-30,2026-10-16,767.206,351,16752,450820741,44945749,0.0139079670249688,99.7935425513175,0.267177033492823
771.11,615,4,4,58928,62444,2026-09-30,2026-10-30,767.206,0,3516.00000000001,364015151,24713100,0.0171542310336418,99.6754552669705,0.0563064505797195
815.95,811,57,126,24054,62370,2026-09-30,2026-12-18,767.206,69,38316,3397936134,74902415,0.00183552596459719,99.9718012651735,0.614333814333814
771.71,724,13,13,62023,62023,2026-09-30,2026-10-16,767.206,0,0,450820741,44945749,0.0137577964719241,99.8073003477895,0
785.28,753,19,19,61332,61332,2026-09-30,2026-12-18,767.206,0,0,3397936134,74902415,0.00180497800963083,99.9736062431831,0
801.02,789,33,51,34122,61302,2026-09-30,2026-12-18,767.206,18,27180,3397936134,74902415,0.00180409512075897,99.9754103383039,0.443378682587844
779.24,779,2469,2510,64194,60240,2026-09-30,2026-10-02,767.206,41,-3954.00000000001,79448835,22839300,0.0758223830469006,99.2910216996889,-0.0656374501992033
767.71,751,37,36,58793,60156,2026-09-30,2026-10-09,767.206,-1,1363,117657460,21866105,0.0511280797664679,99.2197757796233,0.0226577564997673
754.43,555,3,3,59829,59829,2026-09-30,2026-10-16,767.206,0,0,450820741,44945749,0.0132711285348781,99.8205714763243,0
768.07,723,13,13,58591,58591,2026-09-30,2026-10-09,767.206,0,0,117657460,21866105,0.0497979473634736,99.2695737269868,0
768.31,625,4,4,57324,57324,2026-09-30,2026-10-23,767.206,0,0,43989817,9107792,0.130311976519475,97.1506451140726,0
820.82,817,111,149,35409,56918,2026-09-30,2026-12-18,767.206,38,21509,3397936134,74902415,0.00167507562695114,99.9770854139309,0.377894514916195
822.47,819,152,164,43472,56908,2026-09-30,2026-12-18,767.206,12,13436,3397936134,74902415,0.00167478133066052,99.9787601952615,0.236100372531103
766.97,630,4,4,54788,54788,2026-09-30,2026-10-09,767.206,0,0,117657460,21866105,0.0465656831279547,99.3161394101148,0
766.14,721,12,12,54168,54168,2026-09-30,2026-10-09,767.206,0,0,117657460,21866105,0.0460387297159058,99.3621781398307,0
802.65,802,845,830,42250,53950,2026-09-30,2026-10-23,767.206,-15,11700,43989817,9107792,0.122642019629225,97.2732871337019,0.216867469879518
769.99,711,9,9,54765,53091,2026-09-30,2026-10-16,767.206,0,-1674,450820741,44945749,0.0117765211694198,99.8323479974938,-0.0315307679267672
767.22,723,11,12,48642,53064,2026-09-30,2026-10-23,767.206,1,4422.00000000001,43989817,9107792,0.120627917138187,97.3939150508401,0.0833333333333335
770.15,510,2,2,52030,52030,2026-09-30,2026-10-16,767.206,0,0,450820741,44945749,0.0115411726365092,99.8438891701303,0
768.19,595,1,3,16851,51957,2026-09-30,2026-10-02,767.206,2,35106,79448835,22839300,0.0653968053779517,99.3564185050668,0.675674115133668
790.2,763,2,19,4850,51680,2026-09-30,2026-12-18,767.206,17,46830,3397936134,74902415,0.00152092322992437,99.9802811184914,0.906153250773994
803.33,793,37,50,33004,51650,2026-09-30,2026-12-18,767.206,13,18646,3397936134,74902415,0.00152004034105251,99.9818011588325,0.361006776379477
774.68,672,5,5,51340,51340,2026-09-30,2026-10-30,767.206,0,0,364015151,24713100,0.014103808552738,99.6895590755232,0
773.14,737,14,14,50596,50596,2026-09-30,2026-10-23,767.206,0,0,43989817,9107792,0.115017527806492,97.5089325786466,0
769.3,685,6,6,50580,50580,2026-09-30,2026-10-23,767.206,0,0,43989817,9107792,0.114981155752478,97.623913734399,0
787.66,758,17,17,49113,50422,2026-09-30,2026-12-18,767.206,0,1309,3397936134,74902415,0.00148390075656437,99.9832850595891,0.0259608900876601
827.23,827,2202,2184,37434,50232,2026-09-30,2026-10-30,767.206,-18,12798,364015151,24713100,0.0137994256178639,99.7033585011411,0.254777830864788
775,530,2,2,49000,49000,2026-09-30,2026-10-09,767.206,0,0,117657460,21866105,0.0416463180490213,99.4038244578797,0
762.6,665,5,5,48800,48800,2026-09-30,2026-10-09,767.206,0,0,117657460,21866105,0.0414763330773926,99.4453007909571,0
775.7,654,4,4,48680,48680,2026-09-30,2026-10-30,767.206,0,0,364015151,24713100,0.0133730697379681,99.716731570879,0
770.33,650,4,4,50664,48132,2026-09-30,2026-10-23,767.206,0,-2532,43989817,9107792,0.109416231488301,97.7333299658873,-0.0526053353278484
775,535,2,2,48000,48000,2026-09-30,2026-10-16,767.206,0,0,450820741,44945749,0.0106472474832297,99.8545364176135,0
771.1,737,14,14,47740,47740,2026-09-30,2026-10-09,767.206,0,0,117657460,21866105,0.0405754127277607,99.4858762036848,0
802.19,791,35,42,34160,46998,2026-09-30,2026-12-18,767.206,7,12838,3397936134,74902415,0.00138313370665607,99.9846681932957,0.273160560023831
774.69,540,2,2,46938,46938,2026-09-30,2026-10-09,767.206,0,0,117657460,21866105,0.0398937729915298,99.5257699766764,0
769.8,615,3,3,46440,46440,2026-09-30,2026-10-23,767.206,0,0,43989817,9107792,0.105569886776296,97.8388998526636,0
768.44,733,10,13,35440,46072,2026-09-30,2026-10-23,767.206,3,10632,43989817,9107792,0.104733329533969,97.9436331821976,0.230769230769231
768.44,310,1,1,45844,45844,2026-09-30,2026-10-16,767.206,0,0,450820741,44945749,0.010169008617108,99.8647054262306,0
763.69,713,9,9,45621,45621,2026-09-30,2026-10-16,767.206,0,0,450820741,44945749,0.0101195432798421,99.8748249695105,0
811.64,811,645,708,31605,45312,2026-09-30,2026-10-30,767.206,63,13707,364015151,24713100,0.0124478335243799,99.7291794044034,0.302502648305085
835.14,835,3216,3230,38592,45220,2026-09-30,2026-10-30,767.206,14,6628.00000000001,364015151,24713100,0.0124225598510871,99.7416019642545,0.146572313135781
773.49,717,8,8,45192,45192,2026-09-30,2026-10-16,767.206,0,0,450820741,44945749,0.0100243835054608,99.8848493530159,0
950.04,950,11218,11231,44872,44924,2026-09-30,2026-12-18,767.206,13,52,3397936134,74902415,0.00132209665598147,99.9859902899517,0.00115751046211379
773.01,684,5,5,44505,44505,2026-09-30,2026-10-30,767.206,0,0,364015151,24713100,0.0122261394553877,99.7538281037099,0
910.11,910,4026,4026,36234,44286,2026-09-30,2026-12-18,767.206,0,8052,3397936134,74902415,0.00130332055263991,99.9872936105043,0.181818181818182
763.57,545,2,2,43714,43714,2026-09-30,2026-10-30,767.206,0,0,364015151,24713100,0.0120088408078377,99.7658369445177,0
770.84,555,2,2,41568,43168,2026-09-30,2026-10-30,767.206,0,1600,364015151,24713100,0.0118588470511218,99.7776957915688,0.0370644922164566
761.24,675,5,5,43120,43120,2026-09-30,2026-10-30,767.206,0,0,364015151,24713100,0.0118456607867951,99.7895414523557,0
742.98,530,2,2,42596,42596,2026-09-30,2026-10-30,767.206,0,0,364015151,24713100,0.0117017107345623,99.8012431630902,0
806.23,806,1852,1847,29632,42481,2026-09-30,2026-10-16,767.206,-5,12849,450820741,44945749,0.00942303584031419,99.8942723888562,0.30246463124691
744.74,325,1,1,41974,41974,2026-09-30,2026-11-20,767.206,0,0,385506742,26921533,0.0108880067264816,99.8160940075077,0
782.13,782,2569,3197,41104,41561,2026-09-30,2026-10-02,767.206,628,457,79448835,22839300,0.0523116544125537,99.4087301594794,0.0109958855657949
788.47,788,776,864,24056,40608,2026-09-30,2026-10-09,767.206,88,16552,117657460,21866105,0.0345137486394828,99.5602837253158,0.407604412923562
763.71,360,1,1,40371,40371,2026-09-30,2026-11-20,767.206,0,0,385506742,26921533,0.0104721903929763,99.8265661979006,0
783.1,783,4178,4014,54314,40140,2026-09-30,2026-10-02,767.206,-164,-14174,79448835,22839300,0.0505230819306539,99.45925324141,-0.353114100647733
740.8,340,1,1,40080,40080,2026-09-30,2026-11-20,767.206,0,0,385506742,26921533,0.0103967053318097,99.8369629032324,0
775.69,709,6,6,40014,40014,2026-09-30,2026-10-16,767.206,0,0,450820741,44945749,0.00887581168320736,99.9031482005394,0
770.57,721,8,8,39656,39656,2026-09-30,2026-10-23,767.206,0,0,43989817,9107792,0.0901481358742638,98.0337813180719,0
782.3,754,14,14,41020,39620,2026-09-30,2026-11-20,767.206,0,-1400,385506742,26921533,0.0102773818674227,99.8472402850999,-0.0353356890459364
764.5,570,0,2,0,38900,2026-09-30,2026-10-02,767.206,2,38900,79448835,22839300,0.04896232902597,99.508215570436,1
768.63,575,2,2,38726,38726,2026-09-30,2026-10-09,767.206,0,0,117657460,21866105,0.0329141900564571,99.5931979153723,0
778.68,395,1,1,38368,38368,2026-09-30,2026-11-20,767.206,0,0,385506742,26921533,0.00995261452522145,99.8571928996251,0
766.31,690,5,5,38155,38155,2026-09-30,2026-10-23,767.206,0,0,43989817,9107792,0.0867359825570541,98.1205173006289,0
763.08,668,4,4,38032,38032,2026-09-30,2026-10-30,767.206,0,0,364015151,24713100,0.0104479167681677,99.8116910798584,0
803.59,803,647,644,28468,37996,2026-09-30,2026-10-23,767.206,-3,9528,43989817,9107792,0.0863745352702877,98.2068918358992,0.250763238235604
768.3,390,1,1,37830,37830,2026-09-30,2026-10-16,767.206,0,0,450820741,44945749,0.00839136192272041,99.9115395624622,0
767,645,3,3,36600,36600,2026-09-30,2026-10-09,767.206,0,0,117657460,21866105,0.0311072498080445,99.6243051651803,0
804.57,804,741,621,28158,35397,2026-09-30,2026-10-23,767.206,-120,7239,43989817,9107792,0.0804663497463515,98.2873581856456,0.20450885668277
729.59,380,1,1,34959,34959,2026-09-30,2026-11-20,767.206,0,0,385506742,26921533,0.00906832389457926,99.8662612235197,0
755.76,410,1,1,34576,34576,2026-09-30,2026-11-20,767.206,0,0,385506742,26921533,0.00896897414053526,99.8752301976602,0
890.15,890,2288,2292,36608,34380,2026-09-30,2026-12-18,767.206,4,-2228,3397936134,74902415,0.0010117906471517,99.9883054011515,-0.064805119255381
766.77,724,8,8,34216,34216,2026-09-30,2026-10-09,767.206,0,0,117657460,21866105,0.0290810289462309,99.6533861941266,0
757.16,415,1,1,34216,34216,2026-09-30,2026-11-20,767.206,0,0,385506742,26921533,0.00887559055971063,99.8841057882199,0
768.45,655,3,3,33537,34035,2026-09-30,2026-10-09,767.206,0,498,117657460,21866105,0.0289271925469069,99.6823133866735,0.0146319964742177
769.82,600,2,2,34012,33964,2026-09-30,2026-10-23,767.206,0,-48,43989817,9107792,0.0772087776587022,98.3645669633043,-0.00141326109998822
824.25,824,1307,1308,33982,32700,2026-09-30,2026-10-30,767.206,1,-1282,364015151,24713100,0.00898314257254638,99.8206742224309,-0.0392048929663609
765.14,440,1,1,32514,32514,2026-09-30,2026-11-20,767.206,0,0,385506742,26921533,0.00843409374147859,99.8925398819614,0
797.13,797,2484,2483,27324,32279,2026-09-30,2026-10-09,767.206,-1,4955,117657460,21866105,0.0274347244960073,99.7097481111695,0.153505375011618
815.23,815,1468,1395,22020,32085,2026-09-30,2026-10-23,767.206,-73,10065,43989817,9107792,0.0729373345654064,98.4375042978697,0.31369798971482
781.94,753,11,11,33484,31834,2026-09-30,2026-11-20,767.206,0,-1650,385506742,26921533,0.00825770253325427,99.9007975844946,-0.0518313752591568
802.26,802,1191,1215,25011,31590,2026-09-30,2026-10-16,767.206,24,6579,450820741,44945749,0.00700721974990055,99.9185467822121,0.208262108262108
905.12,905,2626,2626,26260,31512,2026-09-30,2026-12-18,767.206,0,5252,3397936134,74902415,0.000927386471001871,99.9892327876225,0.166666666666667
741.32,430,1,1,31132,31132,2026-09-30,2026-11-20,767.206,0,0,385506742,26921533,0.00807560455064623,99.9088731890453,0
805.47,805,624,659,21840,30973,2026-09-30,2026-10-23,767.206,35,9133,43989817,9107792,0.0704094768114175,98.5079137746811,0.294869725244568
807.22,807,1405,1405,37935,30910,2026-09-30,2026-10-16,767.206,0,-7025,450820741,44945749,0.00685638374388813,99.9254031659559,-0.227272727272727
769.64,739,9,10,30150,30640,2026-09-30,2026-10-23,767.206,1,489.999999999996,43989817,9107792,0.0696524834372464,98.5775662581183,0.0159921671018276
771.62,744,11,11,30382,30382,2026-09-30,2026-10-23,767.206,0,0,43989817,9107792,0.069065984066267,98.6466322421846,0
789.32,789,911,939,24597,30048,2026-09-30,2026-10-09,767.206,28,5451,117657460,21866105,0.0255385421374896,99.735286653307,0.181409744408946
794.2,794,1481,1501,20734,30020,2026-09-30,2026-10-09,767.206,20,9286,117657460,21866105,0.0255147442414616,99.7608013975485,0.309327115256496
769.3,470,1,1,29930,29930,2026-09-30,2026-10-16,767.206,0,0,450820741,44945749,0.00663900244110552,99.932042168397,0
850.03,850,9719,9756,29157,29268,2026-09-30,2026-10-16,767.206,37,111,450820741,44945749,0.00649215915289931,99.9385343275499,0.00379253792537925
769.32,480,1,1,28932,28932,2026-09-30,2026-10-16,767.206,0,0,450820741,44945749,0.0064176284205167,99.9449519559705,0
806.39,806,684,736,21888,28704,2026-09-30,2026-10-23,767.206,52,6816,43989817,9107792,0.0652514649015248,98.7118837070861,0.237458193979933
780.04,758,20,13,44080,28652,2026-09-30,2026-11-20,767.206,-7,-15428,385506742,26921533,0.00743229543829872,99.9163054844836,-0.538461538461538
765.74,480,1,1,28574,28574,2026-09-30,2026-10-30,767.206,0,0,364015151,24713100,0.00784967326813273,99.8285238956991,0
762.33,620,2,2,28466,28466,2026-09-30,2026-10-23,767.206,0,0,43989817,9107792,0.0647104305980632,98.7765941376842,0
779.84,724,0,5,0,27920,2026-09-30,2026-12-18,767.206,5,27920,3397936134,74902415,0.000821675243411153,99.9900544628659,1
771.51,679,3,3,27753,27753,2026-09-30,2026-10-30,767.206,0,0,364015151,24713100,0.00762413320537859,99.8361480289044,0
772.27,703,4,4,27708,27708,2026-09-30,2026-10-30,767.206,0,0,364015151,24713100,0.00761177108257233,99.843759799987,0
766.78,495,1,1,27178,27178,2026-09-30,2026-10-30,767.206,0,0,364015151,24713100,0.00746617274729864,99.8512259727343,0
812.6,812,497,452,22365,27120,2026-09-30,2026-10-30,767.206,-45,4755,364015151,24713100,0.00745023934457058,99.8586762120789,0.17533185840708
776.05,505,1,1,27105,27105,2026-09-30,2026-10-16,767.206,0,0,450820741,44945749,0.00601236756318627,99.9509643235336,0
784.09,784,2878,3003,31658,27027,2026-09-30,2026-10-02,767.206,125,-4631,79448835,22839300,0.0340181199636219,99.5422336903996,-0.171347171347171
772.97,743,9,9,26973,26973,2026-09-30,2026-10-23,767.206,0,0,43989817,9107792,0.0613164633078605,98.8379106009921,0
791.32,791,817,837,16340,26784,2026-09-30,2026-10-09,767.206,20,10444,117657460,21866105,0.0227643874005099,99.783565784949,0.389934289127838
795.13,795,2168,2057,28184,26741,2026-09-30,2026-10-09,767.206,-111,-1443,117657460,21866105,0.0227278406316098,99.8062936255806,-0.0539620807000486
768.78,505,1,1,26378,26378,2026-09-30,2026-10-09,767.206,0,0,117657460,21866105,0.0224193179081037,99.8287129434887,0
790.03,790,8811,8756,52866,26268,2026-09-30,2026-10-02,767.206,-55,-26598,79448835,22839300,0.0330627881453517,99.575296478545,-1.01256281407035
768.18,682,3,3,25854,25854,2026-09-30,2026-10-30,767.206,0,0,364015151,24713100,0.00710245162295456,99.8657786637018,0
803.27,803,954,954,28620,25758,2026-09-30,2026-10-16,767.206,0,-2862,450820741,44945749,0.00571357918068814,99.9566779027143,-0.111111111111111
829.22,829,737,1170,14003,25740,2026-09-30,2026-10-30,767.206,433,11737,364015151,24713100,0.00707113424517871,99.872849797947,0.455982905982906
801.08,801,3220,3208,22540,25664,2026-09-30,2026-10-09,767.206,-12,3124,117657460,21866105,0.0218124715593894,99.8505254150481,0.121726932668329
814.45,809,38,47,17442,25615,2026-09-30,2026-12-18,767.206,9,8173,3397936134,74902415,0.000753839948423233,99.9908083028143,0.319070856919774
764.76,510,0,1,0,25476,2026-09-30,2026-10-30,767.206,1,25476,364015151,24713100,0.00699860979138201,99.8798484077384,1
764.24,510,1,1,25424,25424,2026-09-30,2026-10-23,767.206,0,0,43989817,9107792,0.0577951938286081,98.8957057948207,0
895.17,895,1488,1490,20832,25330,2026-09-30,2026-12-18,767.206,2,4498,3397936134,74902415,0.000745452504140562,99.9915537553185,0.17757599684169
783.77,756,9,9,24993,24993,2026-09-30,2026-11-20,767.206,0,0,385506742,26921533,0.00648315509875052,99.9227886395823,0
778.73,729,5,5,24865,24865,2026-09-30,2026-10-23,767.206,0,0,43989817,9107792,0.056524445191486,98.9522302400121,0
773.15,691,3,3,24645,24645,2026-09-30,2026-10-30,767.206,0,0,364015151,24713100,0.00677032259022647,99.8866187303286,0
771.04,525,1,1,24604,24604,2026-09-30,2026-10-23,767.206,0,0,43989817,9107792,0.0559311260603789,99.0081613660725,0
759.5,515,1,1,24450,24450,2026-09-30,2026-10-23,767.206,0,0,43989817,9107792,0.055581045040492,99.063742411113,0
771.53,731,6,6,24318,24318,2026-09-30,2026-10-23,767.206,0,0,43989817,9107792,0.0552809755948746,99.1190233867079,0
766.1,645,2,2,24220,24220,2026-09-30,2026-10-23,767.206,0,0,43989817,9107792,0.0550581967640375,99.1740815834719,0
935.12,935,2011,2011,24132,24132,2026-09-30,2026-12-18,767.206,0,0,3397936134,74902415,0.000710195808524281,99.992263951127,0
771.1,651,2,2,24020,24020,2026-09-30,2026-10-30,767.206,0,0,364015151,24713100,0.00659862644013958,99.8932173567688,0
763.44,525,1,1,23844,23844,2026-09-30,2026-10-30,767.206,0,0,364015151,24713100,0.00655027680427511,99.899767633573,0
810.31,810,714,768,17136,23808,2026-09-30,2026-10-23,767.206,54,6672,43989817,9107792,0.0541216163731711,99.2282031998451,0.280241935483871
784.93,751,7,7,23751,23751,2026-09-30,2026-11-20,767.206,0,0,385506742,26921533,0.00616098174490552,99.9289496213273,0
813.55,813,423,425,19035,23375,2026-09-30,2026-10-30,767.206,2,4340,364015151,24713100,0.0064214360132499,99.9061890695863,0.185668449197861
785.58,747,6,6,23148,23148,2026-09-30,2026-12-18,767.206,0,0,3397936134,74902415,0.000681237053527269,99.9929451881805,0
766.83,652,2,2,18378,22966,2026-09-30,2026-10-30,767.206,0,4588,364015151,24713100,0.00630907805263303,99.9124981476389,0.199773578333188
855.19,855,1184,1182,20128,22458,2026-09-30,2026-11-20,767.206,-2,2330,385506742,26921533,0.00582557905044369,99.9347752003777,0.103749220767655
804.28,804,819,800,14742,22400,2026-09-30,2026-10-16,767.206,-19,7658.00000000001,450820741,44945749,0.00496871549217386,99.9616466182065,0.341875
758.52,535,1,1,22352,22352,2026-09-30,2026-10-23,767.206,0,0,43989817,9107792,0.0508117594578764,99.279014959303,0
766.91,657,1,2,10871,21982,2026-09-30,2026-10-30,767.206,1,11111,364015151,24713100,0.00603875963393623,99.9185369072729,0.505459011918843
807.46,807,363,477,10527,21942,2026-09-30,2026-10-23,767.206,114,11415,43989817,9107792,0.0498797255737618,99.3288946848767,0.52023516543615
764.23,545,0,1,0,21923,2026-09-30,2026-10-02,767.206,1,21923,79448835,22839300,0.0275938596204715,99.6028903381654,1
768.5,550,1,1,21850,21850,2026-09-30,2026-10-16,767.206,0,0,450820741,44945749,0.00484671578142852,99.9664933339879,0
777.36,734,5,5,21680,21680,2026-09-30,2026-11-20,767.206,0,0,385506742,26921533,0.00562376675632822,99.940398967134,0
865.14,865,1536,1539,18432,21546,2026-09-30,2026-11-20,767.206,3,3114,385506742,26921533,0.00558900731235461,99.9459879744464,0.14452798663325
764.58,550,0,1,0,21458,2026-09-30,2026-10-02,767.206,1,21458,79448835,22839300,0.027008577281215,99.6298989154467,1
792.2,792,1042,1060,19798,21200,2026-09-30,2026-10-09,767.206,18,1402,117657460,21866105,0.0180184069926378,99.8685438220407,0.0661320754716981
816.22,816,327,953,5886,20966,2026-09-30,2026-10-23,767.206,626,15080,43989817,9107792,0.0476610302788939,99.3765557151556,0.719259753887246
764.15,555,0,1,0,20915,2026-09-30,2026-10-02,767.206,1,20915,79448835,22839300,0.0263251185495672,99.6562240339962,1
801.29,801,719,713,16537,20677,2026-09-30,2026-10-16,767.206,-6,4140,450820741,44945749,0.0045865236710571,99.971079857659,0.200222469410456
765.41,560,0,1,0,20541,2026-09-30,2026-10-02,767.206,1,20541,79448835,22839300,0.0258543753347673,99.682078409331,1
748,545,1,1,20300,20300,2026-09-30,2026-10-16,767.206,0,0,450820741,44945749,0.00450289841478256,99.9755827560738,0
769.93,741,7,7,19754,20251,2026-09-30,2026-10-23,767.206,0,497,43989817,9107792,0.0460356541151331,99.4225913692708,0.0245419979260283
823.23,823,955,879,26740,20217,2026-09-30,2026-10-30,767.206,-76,-6523,364015151,24713100,0.00555388970609083,99.9240907969789,-0.32264925557699
754.94,555,1,1,19994,19994,2026-09-30,2026-10-23,767.206,0,0,43989817,9107792,0.0454514279975295,99.4680427972683,0
763.67,565,0,1,0,19867,2026-09-30,2026-10-02,767.206,1,19867,79448835,22839300,0.0250060306107698,99.7070844399418,1
773.03,575,1,1,19803,19803,2026-09-30,2026-10-23,767.206,0,0,43989817,9107792,0.0450172366027347,99.513060033871,0
795.03,795,6603,6586,19809,19758,2026-09-30,2026-10-02,767.206,-17,-51,79448835,22839300,0.0248688353957613,99.7319532753375,-0.00258123291831157
789.65,762,6,7,14796,19355,2026-09-30,2026-12-18,767.206,1,4559,3397936134,74902415,0.000569610470495088,99.993514798651,0.235546370446913
764.36,575,0,1,0,18936,2026-09-30,2026-10-02,767.206,1,18936,79448835,22839300,0.0238342072605596,99.7557874825981,1
915.08,915,2367,2367,18936,18936,2026-09-30,2026-12-18,767.206,0,0,3397936134,74902415,0.000557279455918108,99.9940720781069,0
850.08,850,2363,2353,14178,18824,2026-09-30,2026-10-30,767.206,-10,4646,364015151,24713100,0.00517121332677716,99.9292620103057,0.246812579685508
766.39,580,1,1,18639,18639,2026-09-30,2026-10-23,767.206,0,0,43989817,9107792,0.0423711696731996,99.5554312035442,0
762.12,669,2,2,18624,18624,2026-09-30,2026-10-30,767.206,0,0,364015151,24713100,0.00511627055874935,99.9343782808645,0
806.06,806,3104,3104,18624,18624,2026-09-30,2026-10-09,767.206,0,0,117657460,21866105,0.0158290005580607,99.8843728225988,0
860.15,860,1232,1238,14784,18570,2026-09-30,2026-11-20,767.206,6,3786,385506742,26921533,0.00481703637753759,99.9508050108239,0.203877221324717
769.26,677,2,2,18452,18452,2026-09-30,2026-10-30,767.206,0,0,364015151,24713100,0.00506901977824544,99.9394473006427,0
784.04,761,6,8,12222,18432,2026-09-30,2026-11-20,767.206,2,6210,385506742,26921533,0.00478123933822148,99.9555862501621,0.3369140625
769.91,678,2,2,18382,18382,2026-09-30,2026-10-30,767.206,0,0,364015151,24713100,0.00504978980943571,99.9444970904521,0
822.27,822,677,676,14894,18252,2026-09-30,2026-10-30,767.206,-1,3358,364015151,24713100,0.00501407701021763,99.9495111674624,0.183979837825992
766.86,585,1,1,18186,18186,2026-09-30,2026-10-09,767.206,0,0,117657460,21866105,0.0154567334701939,99.899829556069,0
774.07,714,3,3,18021,18021,2026-09-30,2026-11-20,767.206,0,0,385506742,26921533,0.00467462641678002,99.9602608765789,0
767.04,731,3,5,10812,18020,2026-09-30,2026-10-09,767.206,2,7208,117657460,21866105,0.0153156459437421,99.9151452020127,0.4
762.01,585,1,1,17701,17701,2026-09-30,2026-10-23,767.206,0,0,43989817,9107792,0.0402388580066155,99.5956700615508,0
766.87,590,1,1,17687,17687,2026-09-30,2026-10-09,767.206,0,0,117657460,21866105,0.0150326209659804,99.9301778229787,0
786.56,752,5,5,17280,17280,2026-09-30,2026-12-18,767.206,0,0,3397936134,74902415,0.000508543990191429,99.9945806220971,0
764.81,595,1,1,17156,16981,2026-09-30,2026-10-23,767.206,0,-175,43989817,9107792,0.0386021155759752,99.6342721771268,-0.0103056357105
764.66,683,2,2,16332,16332,2026-09-30,2026-10-30,767.206,0,0,364015151,24713100,0.00448662643715069,99.9539977938995,0
783.7,743,4,4,16280,16280,2026-09-30,2026-12-18,767.206,0,0,3397936134,74902415,0.000479114361129426,99.9950597364582,0
765.15,605,0,1,0,16015,2026-09-30,2026-10-23,767.206,1,16015,43989817,9107792,0.0364061528148662,99.6706783299417,1
835.05,835,3159,3148,9477,15740,2026-09-30,2026-10-16,767.206,-11,6263,450820741,44945749,0.00349140990387574,99.9790741659777,0.397903430749682
825.12,825,1304,1304,11736,15648,2026-09-30,2026-10-23,767.206,0,3912,43989817,9107792,0.0355718688259149,99.7062501987676,0.25
800.02,800,6092,7721,18276,15442,2026-09-30,2026-10-02,767.206,1629,-2834,79448835,22839300,0.0194364083501036,99.7752238909482,-0.183525450071234
786.06,786,2739,2571,21912,15426,2026-09-30,2026-10-02,767.206,-168,-6486,79448835,22839300,0.0194162696029464,99.7946401605511,-0.420458965383119
840.05,840,3241,3074,9723,15370,2026-09-30,2026-10-16,767.206,-167,5647,450820741,44945749,0.00340933737119251,99.9824835033488,0.367404033832141
799.03,799,2890,5043,11560,15129,2026-09-30,2026-10-02,767.206,2153,3569,79448835,22839300,0.0190424441088406,99.81368260466,0.235904554167493
808.19,808,823,792,10699,15048,2026-09-30,2026-10-16,767.206,-31,4349,450820741,44945749,0.00333791208599251,99.9858214154348,0.289008506113769
770.46,722,3,3,14538,14538,2026-09-30,2026-10-23,767.206,0,0,43989817,9107792,0.0330485575786778,99.7392987563463,0
812.23,812,614,613,14122,14099,2026-09-30,2026-10-23,767.206,-1,-23,43989817,9107792,0.0320505993466624,99.7713493556929,-0.00163132137030995
772.29,702,2,2,15438,14058,2026-09-30,2026-10-30,767.206,0,-1380,364015151,24713100,0.00386192716467453,99.9578597210642,-0.0981647460520699
830.09,830,1522,1526,9132,13734,2026-09-30,2026-10-23,767.206,4,4602,43989817,9107792,0.0312208618644629,99.8025702175574,0.335080821319353
814.22,814,581,581,9877,12782,2026-09-30,2026-10-23,767.206,0,2905,43989817,9107792,0.0290567246506163,99.831626942208,0.227272727272727
784.37,759,5,5,12685,12685,2026-09-30,2026-11-20,767.206,0,0,385506742,26921533,0.00329047422989038,99.9635513508088,0
821.58,818,28,35,8568,12530,2026-09-30,2026-12-18,767.206,7,3962,3397936134,74902415,0.00036875325214691,99.9954284897104,0.316201117318436
783.24,742,3,3,12372,12372,2026-09-30,2026-12-18,767.206,0,0,3397936134,74902415,0.000364103370755114,99.9957925930812,0
779.46,718,0,2,0,12292,2026-09-30,2026-12-18,767.206,2,12292,3397936134,74902415,0.000361749000430154,99.9961543420816,1
900.02,900,5968,5968,5968,11936,2026-09-30,2026-10-16,767.206,0,5968,450820741,44945749,0.00264761554082979,99.9884690309757,0.5
772.6,734,2,3,6908,11580,2026-09-30,2026-10-23,767.206,1,4672,43989817,9107792,0.0263242740927974,99.8579512163008,0.403454231433506
762.96,648,1,1,11496,11496,2026-09-30,2026-10-30,767.206,0,0,364015151,24713100,0.00315811030623832,99.9610178313704,0
756.72,644,1,1,11272,11272,2026-09-30,2026-10-30,767.206,0,0,364015151,24713100,0.00309657440604718,99.9641144057765,0
802.07,802,1601,1597,12808,11179,2026-09-30,2026-10-09,767.206,-4,-1629,117657460,21866105,0.00950130998918386,99.9396791329679,-0.145719652920655
773.91,663,1,1,11091,11091,2026-09-30,2026-10-30,767.206,0,0,364015151,24713100,0.00304685120098202,99.9671612569775,0
779.7,743,3,3,11010,11010,2026-09-30,2026-11-20,767.206,0,0,385506742,26921533,0.00285598118022019,99.966407331989,0
768.99,659,1,1,10999,10999,2026-09-30,2026-10-30,767.206,0,0,364015151,24713100,0.00302157752768923,99.9701828345052,0
771.23,664,1,1,10877,10723,2026-09-30,2026-10-30,767.206,0,-154,364015151,24713100,0.00294575650781085,99.973128591013,-0.0143616525226149
764.05,658,1,1,10605,10605,2026-09-30,2026-10-30,767.206,0,0,364015151,24713100,0.00291334027467445,99.9760419312876,0
833.17,833,496,621,6448,10557,2026-09-30,2026-10-30,767.206,125,4109,364015151,24713100,0.00290015401034777,99.978942085298,0.389220422468504
791.04,791,2622,2604,15732,10416,2026-09-30,2026-10-02,767.206,-18,-5316,79448835,22839300,0.0131103243993446,99.8267929290593,-0.51036866359447
789.05,789,2434,2034,17038,10170,2026-09-30,2026-10-02,767.206,-400,-6868,79448835,22839300,0.0128006911618024,99.8395936202211,-0.675319567354966
767.05,667,0,1,0,10005,2026-09-30,2026-10-30,767.206,1,10005,364015151,24713100,0.00274851197059103,99.9816905972686,1
781.42,749,0,3,0,9726,2026-09-30,2026-11-20,767.206,3,9726,385506742,26921533,0.00252291307527898,99.9689302450643,1
832.19,832,510,510,9690,9690,2026-09-30,2026-10-30,767.206,0,0,364015151,24713100,0.00266197711094723,99.9843525743795,0
808.42,808,287,230,7462,9660,2026-09-30,2026-10-23,767.206,-57,2198,43989817,9107792,0.0219596276110901,99.8799108439119,0.227536231884058
787.05,787,1348,1923,10784,9615,2026-09-30,2026-10-02,767.206,575,-1169,79448835,22839300,0.0121021283697867,99.8516957485909,-0.121580863234529
809.3,809,372,320,8556,9600,2026-09-30,2026-10-23,767.206,-52,1044,43989817,9107792,0.0218232324085367,99.9017340763204,0.10875
860.06,860,1594,1594,7970,9564,2026-09-30,2026-10-30,767.206,0,1594,364015151,24713100,0.00262736316708971,99.9869799375466,0.166666666666667
778.69,747,2,3,6338,9507,2026-09-30,2026-11-20,767.206,1,3169,385506742,26921533,0.00246610473027732,99.9713963497946,0.333333333333333
840.11,840,856,854,8560,9394,2026-09-30,2026-10-30,767.206,-2,834,364015151,24713100,0.00258066181426608,99.9895605993609,0.0887800723866298
807.03,807,687,3055,2061,9165,2026-09-30,2026-10-02,767.206,2368,7104,79448835,22839300,0.0115357261059901,99.8632314746969,0.775122749590835
774.68,729,0,2,0,9136,2026-09-30,2026-11-20,767.206,2,9136,385506742,26921533,0.00236986776226082,99.9737662175568,1
788.04,788,2128,2248,12768,8992,2026-09-30,2026-10-02,767.206,120,-3776,79448835,22839300,0.0113179759023528,99.8745494505993,-0.419928825622776
826.5,824,27,35,6615,8750,2026-09-30,2026-12-18,767.206,8,2135,3397936134,74902415,0.000257509254292535,99.9964118513359,0.244
880.07,880,1248,1249,8736,8743,2026-09-30,2026-11-20,767.206,1,6.99999999999818,385506742,26921533,0.00226792401986059,99.9760341415767,0.00080064051240972
930.05,930,1724,1728,8620,8640,2026-09-30,2026-12-18,767.206,4,20,3397936134,74902415,0.000254271995095715,99.996666123331,0.00231481481481482
796.11,796,729,765,8019,8415,2026-09-30,2026-10-09,767.206,36,396,117657460,21866105,0.0071521176812758,99.9468312506491,0.0470588235294118
784.55,744,2,2,7974,8110,2026-09-30,2026-12-18,767.206,0,136,3397936134,74902415,0.000238674291692853,99.9969047976227,0.0167694204685573
786.45,746,2,2,8090,8090,2026-09-30,2026-12-18,767.206,0,0,3397936134,74902415,0.000238085699111613,99.9971428833218,0
798.13,798,605,602,5445,7826,2026-09-30,2026-10-09,767.206,-3,2381,117657460,21866105,0.0066515119398294,99.953482762589,0.304242269358549
870.11,870,683,682,6147,7502,2026-09-30,2026-11-20,767.206,-1,1355,385506742,26921533,0.00194601006485121,99.9779801516416,0.180618501732871
900.03,900,2481,2481,7443,7443,2026-09-30,2026-11-20,767.206,0,0,385506742,26921533,0.0019307055335494,99.9799108571751,0
925.06,925,1229,1229,7374,7374,2026-09-30,2026-12-18,767.206,0,0,3397936134,74902415,0.000217014084703218,99.9973598974065,0
797.03,797,2424,2423,7272,7269,2026-09-30,2026-10-02,767.206,-1,-3,79448835,22839300,0.00914928456786056,99.8836987351671,-0.000412711514651259
805.06,805,1207,1205,6035,7230,2026-09-30,2026-10-09,767.206,-2,1195,117657460,21866105,0.006144956724376,99.9596277193133,0.165283540802213
813.28,813,257,258,5140,7224,2026-09-30,2026-10-23,767.206,1,2084,43989817,9107792,0.0164219823874239,99.9181560587079,0.288482834994463
772.88,703,1,1,6988,6988,2026-09-30,2026-11-20,767.206,0,0,385506742,26921533,0.00181267906334048,99.9817235362384,0
831.18,831,381,381,6858,6858,2026-09-30,2026-10-30,767.206,0,0,364015151,24713100,0.00188398751567349,99.9914445868765,0
780.67,748,2,2,6534,6534,2026-09-30,2026-11-20,767.206,0,0,385506742,26921533,0.00169491199196719,99.9834184482304,0
792.04,792,1618,1629,6472,6516,2026-09-30,2026-10-02,767.206,11,44,79448835,22839300,0.0082015047797743,99.8919002399469,0.00675260896255371
777.92,713,1,1,6492,6492,2026-09-30,2026-12-18,767.206,0,0,3397936134,74902415,0.00019105715187053,99.9975509545584,0
818.01,818,6338,6338,25352,6338,2026-09-30,2026-10-02,767.206,0,-19014,79448835,22839300,0.00797746121765033,99.8998777011645,-3
845.1,845,598,628,4784,6280,2026-09-30,2026-10-30,767.206,30,1496,364015151,24713100,0.00172520291607313,99.9931697897926,0.238216560509554
811.23,811,242,270,5324,6210,2026-09-30,2026-10-23,767.206,28,886,43989817,9107792,0.0141169034642722,99.9322729621721,0.142673107890499
781.93,721,1,1,6093,6093,2026-09-30,2026-12-18,767.206,0,0,3397936134,74902415,0.000179314729874791,99.9977302692882,0
817.01,817,6069,6069,12138,6069,2026-09-30,2026-10-02,767.206,0,-6069,79448835,22839300,0.00763887853106971,99.9075165796956,-1
855.06,855,990,995,4950,5970,2026-09-30,2026-10-30,767.206,5,1020,364015151,24713100,0.00164004162563003,99.9948098314183,0.170854271356784
776.46,717,0,1,0,5946,2026-09-30,2026-11-20,767.206,1,5946,385506742,26921533,0.00154238547662028,99.984960833707,1
778.13,719,1,1,5913,5913,2026-09-30,2026-11-20,767.206,0,0,385506742,26921533,0.00153382531504468,99.9864946590221,0
1000.02,1000,2913,2919,5826,5838,2026-09-30,2026-12-18,767.206,6,12,3397936134,74902415,0.00017181017446398,99.9979020794627,0.00205549845837616
920.08,920,704,704,7744,5632,2026-09-30,2026-12-18,767.206,0,-2112,3397936134,74902415,0.000165747670877207,99.9980678271336,-0.375
778.93,723,0,1,0,5593,2026-09-30,2026-12-18,767.206,1,5593,3397936134,74902415,0.000164599915343789,99.9982324270489,1
794.04,794,1273,1370,5092,5480,2026-09-30,2026-10-02,767.206,97,388,79448835,22839300,0.00689752090134487,99.9144141005969,0.0708029197080292
845.03,845,1791,1791,5373,5373,2026-09-30,2026-10-16,767.206,0,0,450820741,44945749,0.00119182626515402,99.9896608572408,0
980.04,980,1322,1322,5288,5288,2026-09-30,2026-12-18,767.206,0,0,3397936134,74902415,0.000155623878479877,99.9983880509274,0
780.6,728,0,1,0,5260,2026-09-30,2026-12-18,767.206,1,5260,3397936134,74902415,0.000154799848866141,99.9985428507763,1
895.05,895,1032,1032,6192,5160,2026-09-30,2026-11-20,767.206,0,-1032,385506742,26921533,0.00133849799181982,99.9878331570139,-0.2
814.04,814,1263,1266,5052,5064,2026-09-30,2026-10-09,767.206,3,12,117657460,21866105,0.00430401948163763,99.963931738795,0.0023696682464455
803.07,803,720,716,6480,5012,2026-09-30,2026-10-09,767.206,-4,-1468,117657460,21866105,0.00425982338901418,99.968191562184,-0.292897047086991
776.77,727,1,1,4977,4977,2026-09-30,2026-11-20,767.206,0,0,385506742,26921533,0.00129102800490063,99.9891241850188,0
820.14,820,353,347,4236,4858,2026-09-30,2026-10-23,767.206,-6,622.000000000001,43989817,9107792,0.0110434649000699,99.9433164270722,0.128036228900782
920.03,920,1614,1614,3228,4842,2026-09-30,2026-11-20,767.206,0,1614,385506742,26921533,0.00125600916209139,99.9903801941809,0.333333333333333
885.06,885,782,802,4692,4812,2026-09-30,2026-11-20,767.206,20,120,385506742,26921533,0.00124822719702267,99.9916284213779,0.0249376558603491
995.02,995,2337,2344,4674,4688,2026-09-30,2026-12-18,767.206,7,14,3397936134,74902415,0.000137966101042675,99.9986808168773,0.00298634812286689
782.27,737,1,1,4527,4527,2026-09-30,2026-12-18,767.206,0,0,3397936134,74902415,0.000133227930763692,99.9988140448081,0
915.01,915,4488,4488,4488,4488,2026-09-30,2026-10-16,767.206,0,0,450820741,44945749,0.000995517639681977,99.9906563748805,0
809.01,809,769,4368,1538,4368,2026-09-30,2026-10-02,767.206,3599,2830,79448835,22839300,0.00549787797391869,99.9199119785709,0.647893772893773
990.05,990,868,868,4340,4340,2026-09-30,2026-12-18,767.206,0,0,3397936134,74902415,0.000127724590129098,99.9989417693982,0
890.05,890,818,861,3272,4305,2026-09-30,2026-11-20,767.206,43,1033,385506742,26921533,0.0011167119873613,99.9927451333653,0.239953542392567
860.02,860,2140,2140,2140,4280,2026-09-30,2026-10-16,767.206,0,2140,450820741,44945749,0.000949379567254649,99.9916057544478,0.5
778.87,737,1,1,4187,4187,2026-09-30,2026-11-20,767.206,0,0,385506742,26921533,0.00108610292475767,99.99383123629,0
970.03,970,1388,1388,4164,4164,2026-09-30,2026-12-18,767.206,0,0,3397936134,74902415,0.000122544975414185,99.9990643143736,0
780.58,739,0,1,0,4158,2026-09-30,2026-12-18,767.206,1,4158,3397936134,74902415,0.000122368397639813,99.9991866827713,1
910.01,910,4029,4029,4029,4029,2026-09-30,2026-10-16,767.206,0,0,450820741,44945749,0.000893703335623593,99.9924994577834,0
905.01,905,4009,4009,4009,4009,2026-09-30,2026-10-16,767.206,0,0,450820741,44945749,0.000889266982505581,99.9933887247659,0
779,739,1,1,4000,4000,2026-09-30,2026-11-20,767.206,0,0,385506742,26921533,0.00103759534249598,99.9948688316325,0
865.04,865,975,995,3900,3980,2026-09-30,2026-10-30,767.206,20,80.0000000000005,364015151,24713100,0.00109336108375335,99.995903192502,0.0201005025125629
780.66,742,1,1,3866,3866,2026-09-30,2026-11-20,767.206,0,0,385506742,26921533,0.00100283589852237,99.9958716675311,0
810.05,810,747,757,3735,3785,2026-09-30,2026-10-09,767.206,10,50,117657460,21866105,0.00321696558807236,99.9714085277721,0.0132100396301189
960.04,960,945,945,3780,3780,2026-09-30,2026-12-18,767.206,0,0,3397936134,74902415,0.000111243997854375,99.9992979267691,0
785.62,748,1,1,3762,3762,2026-09-30,2026-12-18,767.206,0,0,3397936134,74902415,0.000110714264531259,99.9994086410336,0
815.02,815,1856,1856,3712,3712,2026-09-30,2026-10-02,767.206,0,0,79448835,22839300,0.00467218934047302,99.9245841679113,0
905.03,905,1220,1224,3660,3672,2026-09-30,2026-11-20,767.206,4,12,385506742,26921533,0.000952512524411311,99.9968241800555,0.00326797385620915
806.02,806,1533,1822,4599,3644,2026-09-30,2026-10-02,767.206,289,-954.999999999999,79448835,22839300,0.00458659966505488,99.9291707675764,-0.262074643249176
793.03,793,1251,1207,5004,3621,2026-09-30,2026-10-02,767.206,-44,-1383,79448835,22839300,0.00455765021601638,99.9337284177924,-0.381938690969345
822.2,822,181,181,3620,3620,2026-09-30,2026-10-23,767.206,0,0,43989817,9107792,0.00822917722071906,99.9515456042929,0
796.03,796,882,1170,3528,3510,2026-09-30,2026-10-02,767.206,288,-18,79448835,22839300,0.00441793765761323,99.93814635545,-0.00512820512820513
805.02,805,1258,1736,2516,3472,2026-09-30,2026-10-02,767.206,478,956,79448835,22839300,0.00437010813311485,99.9425164635831,0.275345622119816
783.33,749,0,1,0,3433,2026-09-30,2026-12-18,767.206,1,3433,3397936134,74902415,0.00010103191656986,99.9995096729502,1
787.81,754,1,1,3381,3381,2026-09-30,2026-12-18,767.206,0,0,3397936134,74902415,9.95015758586356e-05,99.9996091745261,0
824.02,824,1673,1673,3346,3346,2026-09-30,2026-10-02,767.206,0,0,79448835,22839300,0.00421151549925181,99.9467279790824,0
835.08,835,416,416,3328,3328,2026-09-30,2026-10-23,767.206,0,0,43989817,9107792,0.0075653872349594,99.9591109915279,0
811.02,811,1136,1653,1136,3306,2026-09-30,2026-10-02,767.206,517,2170,79448835,22839300,0.00416116863135879,99.9508891477138,0.656382335148215
975.03,975,1098,1099,3294,3297,2026-09-30,2026-12-18,767.206,1,3,3397936134,74902415,9.70294870174273e-05,99.9997062040131,0.000909918107370337
900.02,900,1633,1637,3266,3274,2026-09-30,2026-10-30,767.206,4,7.99999999999955,364015151,24713100,0.000899413112615195,99.9968026056146,0.00244349419670114
826.25,826,141,130,3384,3250,2026-09-30,2026-10-30,767.206,-11,-134,364015151,24713100,0.000892819980451858,99.9976954255951,-0.0412307692307691
885.01,885,3228,3228,3228,3228,2026-09-30,2026-10-16,767.206,0,0,450820741,44945749,0.000716027393247198,99.9941047521591,0
823.14,823,229,230,2519,3220,2026-09-30,2026-10-23,767.206,1,701.000000000001,43989817,9107792,0.00731987587036336,99.9664308673982,0.217701863354037
870.05,870,633,633,3165,3165,2026-09-30,2026-10-30,767.206,0,0,364015151,24713100,0.00086946930404004,99.9985648948991,0
788.13,757,0,1,0,3113,2026-09-30,2026-12-18,767.206,1,3113,3397936134,74902415,9.16144352700185e-05,99.9997978184484,1
865.02,865,1481,1481,2962,2962,2026-09-30,2026-10-16,767.206,0,0,450820741,44945749,0.000657023896777633,99.9947617760559,0
807.07,807,425,423,2550,2961,2026-09-30,2026-10-09,767.206,-2,411.000000000001,117657460,21866105,0.00251662750496229,99.973925155277,0.138804457953394
812.04,812,741,740,2964,2960,2026-09-30,2026-10-09,767.206,-1,-4,117657460,21866105,0.00251577758010414,99.9764409328571,-0.00135135135135135
781.52,752,1,1,2952,2952,2026-09-30,2026-11-20,767.206,0,0,385506742,26921533,0.000765745362762034,99.9975899254182,0
808.06,808,482,482,2892,2892,2026-09-30,2026-10-09,767.206,0,0,117657460,21866105,0.0024579826897504,99.9788989155469,0
798.02,798,907,1411,2721,2822,2026-09-30,2026-10-02,767.206,504,101,79448835,22839300,0.00355197152985314,99.9544411192436,0.0357902197023389
801.02,801,1050,1391,3150,2782,2026-09-30,2026-10-02,767.206,341,-368,79448835,22839300,0.00350162466196012,99.9579427439056,-0.132278936017254
823.03,823,921,921,2763,2763,2026-09-30,2026-10-02,767.206,0,0,79448835,22839300,0.00347770989971093,99.9614204538053,0
822.03,822,880,880,2640,2640,2026-09-30,2026-10-02,767.206,0,0,79448835,22839300,0.00332289328093987,99.9647433470862,0
890.01,890,2617,2618,2617,2618,2026-09-30,2026-10-16,767.206,1,1,450820741,44945749,0.00058071862314782,99.9953424946791,0.000381970970206264
825.01,825,2605,2600,5210,2600,2026-09-30,2026-10-02,767.206,-5,-2610,79448835,22839300,0.00327254641304684,99.9680158934993,-1.00384615384615
821.03,821,864,864,2592,2592,2026-09-30,2026-10-02,767.206,0,0,79448835,22839300,0.00326247703946823,99.9712783705387,0
821.16,821,137,162,1644,2592,2026-09-30,2026-10-23,767.206,25,948,43989817,9107792,0.00589227275030492,99.9723231401486,0.365740740740741
810.01,810,1353,2513,1353,2513,2026-09-30,2026-10-02,767.206,1160,1160,79448835,22839300,0.0031630419753795,99.9744414125141,0.461599681655392
950.01,950,2395,2397,2395,2397,2026-09-30,2026-11-20,767.206,2,2,385506742,26921533,0.000621779008990717,99.9982117044272,0.000834376303712975
804.08,804,292,292,2336,2336,2026-09-30,2026-10-09,767.206,0,0,117657460,21866105,0.00198542446862273,99.9808843400155,0
814.02,814,1149,1149,2298,2298,2026-09-30,2026-10-02,767.206,0,0,79448835,22839300,0.00289242756045447,99.9773338400746,0
945.02,945,1136,1136,2272,2272,2026-09-30,2026-10-16,767.206,0,0,450820741,44945749,0.000503969714206206,99.9958464643933,0
870.01,870,2235,2235,6705,2235,2026-09-30,2026-10-16,767.206,0,-4470,450820741,44945749,0.000495762460937883,99.9963422268542,-2
940.05,940,433,433,2165,2165,2026-09-30,2026-12-18,767.206,0,0,3397936134,74902415,6.37151469192387e-05,99.9998615335953,0
821.04,821,533,533,2132,2132,2026-09-30,2026-10-09,767.206,0,0,117657460,21866105,0.0018120397975615,99.9826963798131,0
812.02,812,715,1019,1430,2038,2026-09-30,2026-10-02,767.206,304,608,79448835,22839300,0.00256517291914979,99.9798990129937,0.298331697742885
803.02,803,961,1001,2883,2002,2026-09-30,2026-10-02,767.206,40,-881,79448835,22839300,0.00251986073804606,99.9824188737318,-0.44005994005994
819.17,819,110,114,1870,1938,2026-09-30,2026-10-23,767.206,4,68,43989817,9107792,0.00440556504247335,99.976728705191,0.0350877192982456
985.03,985,640,640,1920,1920,2026-09-30,2026-12-18,767.206,0,0,3397936134,74902415,5.65048877990477e-05,99.9999180384831,0
820.03,820,640,636,5120,1908,2026-09-30,2026-10-09,767.206,-4,-3212,117657460,21866105,0.0016216566293374,99.9843180364424,-1.68343815513627
818.19,818,100,100,1900,1900,2026-09-30,2026-10-09,767.206,0,0,117657460,21866105,0.00161485723047225,99.9859328936729,0
802.04,802,462,465,1848,1860,2026-09-30,2026-10-02,767.206,3,12.0000000000002,79448835,22839300,0.00234112935702581,99.9847600030888,0.00645161290322593
880.03,880,587,587,1761,1761,2026-09-30,2026-10-30,767.206,0,0,364015151,24713100,0.000483771072484837,99.9990486659716,0
965.03,965,571,571,1713,1713,2026-09-30,2026-12-18,767.206,0,0,3397936134,74902415,5.04129545832129e-05,99.9999684514377,0
822.04,822,426,426,1278,1704,2026-09-30,2026-10-09,767.206,0,426,117657460,21866105,0.00144827195827617,99.9873811656312,0.25
818.18,818,80,88,1440,1584,2026-09-30,2026-10-23,767.206,8,144,43989817,9107792,0.00360083334740856,99.9803295385384,0.090909090909091
808.01,808,572,1574,1144,1574,2026-09-30,2026-10-02,767.206,1002,430,79448835,22839300,0.00198114925159066,99.9867411523404,0.273189326556544
855.02,855,779,779,3116,1558,2026-09-30,2026-10-16,767.206,0,-1558,450820741,44945749,0.000345591907893164,99.9966878187621,-1
825.04,825,363,363,2178,1452,2026-09-30,2026-10-09,767.206,0,-726,117657460,21866105,0.00123409089402406,99.9886152565252,-0.5
811.05,811,246,290,1230,1450,2026-09-30,2026-10-09,767.206,44,220,117657460,21866105,0.00123239104430777,99.9898476475695,0.151724137931034
980.05,980,290,290,1450,1450,2026-09-30,2026-10-16,767.206,0,0,450820741,44945749,0.000321635601055897,99.9970094543632,0
817.19,817,78,75,1482,1425,2026-09-30,2026-10-23,767.206,-3,-57,43989817,9107792,0.00323938606064217,99.9835689245991,-0.04
875.03,875,473,473,1419,1419,2026-09-30,2026-10-30,767.206,0,0,364015151,24713100,0.000389818939157288,99.9994384849108,0
875.01,875,1385,1385,1385,1385,2026-09-30,2026-10-16,767.206,0,0,450820741,44945749,0.000307217453422357,99.9973166718166,0
816.01,816,1365,1370,2730,1370,2026-09-30,2026-10-02,767.206,5,-1360,79448835,22839300,0.00172438022533622,99.9884655325657,-0.992700729927007
975.01,975,1299,1299,1299,1299,2026-09-30,2026-10-16,767.206,0,0,450820741,44945749,0.000288141135014904,99.9976048129516,0
850.03,850,431,431,1724,1293,2026-09-30,2026-10-23,767.206,0,-431,43989817,9107792,0.00293931661502479,99.9865082412141,-0.333333333333334
1000.01,1000,1252,1254,1252,1254,2026-09-30,2026-10-16,767.206,2,2,450820741,44945749,0.000278159340499376,99.9978829722921,0.00159489633173844
845.03,845,412,412,824,1236,2026-09-30,2026-10-09,767.206,0,412,117657460,21866105,0.00105050712466511,99.9908981546941,0.333333333333333
813.01,813,1008,1233,1008,1233,2026-09-30,2026-10-02,767.206,225,225,79448835,22839300,0.0015519422028026,99.9900174747685,0.182481751824818
816.05,816,246,246,2214,1230,2026-09-30,2026-10-09,767.206,0,-984,117657460,21866105,0.00104540757551625,99.9919435622697,-0.8
840.01,840,1154,1224,1154,1224,2026-09-30,2026-10-02,767.206,70,70,79448835,22839300,0.00154061415752666,99.991558088926,0.0571895424836601
865.03,865,408,408,1224,1224,2026-09-30,2026-10-23,767.206,0,0,43989817,9107792,0.00278246213208843,99.9892907033462,0
960.01,960,1188,1188,1188,1188,2026-09-30,2026-10-16,767.206,0,0,450820741,44945749,0.000263519375209935,99.9981464916673,0
895.01,895,1186,1186,1186,1186,2026-09-30,2026-10-16,767.206,0,0,450820741,44945749,0.000263075739898134,99.9984095674072,0
950.01,950,1177,1177,1177,1177,2026-09-30,2026-10-16,767.206,0,0,450820741,44945749,0.000261079380995028,99.9986706467882,0
850.01,850,1130,1130,1130,1130,2026-09-30,2026-10-02,767.206,0,0,79448835,22839300,0.00142229901797805,99.992980387944,0
990.02,990,526,526,1052,1052,2026-09-30,2026-11-20,767.206,0,0,385506742,26921533,0.000272887575076443,99.9984845920023,0
940.01,940,1022,1022,1022,1022,2026-09-30,2026-10-16,767.206,0,0,450820741,44945749,0.000226697644330433,99.9988973444325,0
817.05,817,201,201,804,1005,2026-09-30,2026-10-09,767.206,0,201,117657460,21866105,0.000854174482434008,99.9927977367521,0.2
885.01,885,1005,1005,2010,1005,2026-09-30,2026-10-23,767.206,0,-1005,43989817,9107792,0.00228461964276869,99.991575322989,-1
900.01,900,1003,1003,1003,1003,2026-09-30,2026-10-09,767.206,0,0,117657460,21866105,0.000852474632717721,99.9936502113848,0
830.04,830,248,248,744,992,2026-09-30,2026-10-09,767.206,0,248,117657460,21866105,0.000843125459278145,99.9944933368441,0.25
828.17,828,58,58,1102,986,2026-09-30,2026-10-30,767.206,0,-116,364015151,24713100,0.000270867846377087,99.9997093527571,-0.117647058823529
804.02,804,442,483,884,966,2026-09-30,2026-10-02,767.206,41,82,79448835,22839300,0.00121587685961663,99.9941962648036,0.0848861283643892
840.02,840,475,475,950,950,2026-09-30,2026-10-09,767.206,0,0,117657460,21866105,0.000807428615236127,99.9953007654593,0
910.03,910,316,316,948,948,2026-09-30,2026-11-20,767.206,0,0,385506742,26921533,0.000245910096171548,99.9987305020985,0
830.01,830,895,895,895,895,2026-09-30,2026-10-02,767.206,0,0,79448835,22839300,0.00112651116910651,99.9953227759728,0
915.03,915,294,294,882,882,2026-09-30,2026-11-20,767.206,0,0,385506742,26921533,0.000228789773020364,99.9989592918715,0
815.05,815,172,172,860,860,2026-09-30,2026-10-09,767.206,0,0,117657460,21866105,0.000730935378003231,99.9960317008373,0
985.01,985,851,851,851,851,2026-09-30,2026-11-20,767.206,0,0,385506742,26921533,0.00022074840911602,99.9991800402806,0
824.06,824,138,138,828,828,2026-09-30,2026-10-09,767.206,0,0,117657460,21866105,0.000703737782542645,99.9967354386199,0
1000.01,1000,792,792,792,792,2026-09-30,2026-11-20,767.206,0,0,385506742,26921533,0.000205443877814204,99.9993854841584,0
965.01,965,785,785,785,785,2026-09-30,2026-10-16,767.206,0,0,450820741,44945749,0.000174126859881986,99.9990714712924,0
970.01,970,782,782,782,782,2026-09-30,2026-10-16,767.206,0,0,450820741,44945749,0.000173461406914284,99.9992449326993,0
809.04,809,187,189,748,756,2026-09-30,2026-10-09,767.206,2,8,117657460,21866105,0.000642543192756329,99.9973779818126,0.0105820105820106
850.02,850,241,356,482,712,2026-09-30,2026-10-09,767.206,115,230,117657460,21866105,0.000605146498998024,99.9979831283116,0.323033707865169
845.04,845,128,175,512,700,2026-09-30,2026-10-23,767.206,47,188,43989817,9107792,0.00159127736312247,99.9931666003521,0.268571428571429
920.01,920,659,659,659,659,2026-09-30,2026-10-02,767.206,0,0,79448835,22839300,0.00082946464853764,99.9961522406213,0
840.05,840,116,130,580,650,2026-09-30,2026-10-23,767.206,14,69.9999999999999,43989817,9107792,0.00147761469432801,99.9946442150464,0.107692307692308
990.01,990,628,628,628,628,2026-09-30,2026-10-16,767.206,0,0,450820741,44945749,0.000139301487905589,99.9993842341872,0
835.02,835,308,308,616,616,2026-09-30,2026-10-09,767.206,0,0,117657460,21866105,0.000523553712616268,99.9985066820243,0
935.01,935,598,598,598,598,2026-09-30,2026-10-16,767.206,0,0,450820741,44945749,0.00013264695822857,99.9995168811455,0
985.01,985,595,595,595,595,2026-09-30,2026-10-16,767.206,0,0,450820741,44945749,0.000131981505260868,99.9996488626507,0
955.04,955,148,148,592,592,2026-09-30,2026-12-18,767.206,0,0,3397936134,74902415,1.74223404047064e-05,99.9999858737781,0
945.02,945,276,276,552,552,2026-09-30,2026-11-20,767.206,0,0,385506742,26921533,0.000143188157264445,99.9995286723157,0
835.01,835,550,550,1100,550,2026-09-30,2026-10-02,767.206,0,-550,79448835,22839300,0.000692269433529139,99.9968445100548,-1
813.04,813,133,133,532,532,2026-09-30,2026-10-09,767.206,0,0,117657460,21866105,0.000452160024532231,99.9989588420488,0
855.03,855,172,172,516,516,2026-09-30,2026-10-23,767.206,0,0,43989817,9107792,0.00117299874195885,99.9958172137884,0
945.06,945,57,80,228,480,2026-09-30,2026-12-18,767.206,23,252,3397936134,74902415,1.41262219497619e-05,100,0.525
890.01,890,452,472,452,472,2026-09-30,2026-10-30,767.206,20,19.9999999999999,364015151,24713100,0.000129664932545624,99.9998390176897,0.0423728813559321
823.03,823,153,153,459,459,2026-09-30,2026-10-09,767.206,0,0,117657460,21866105,0.000390115509887771,99.9993489575587,0
915.01,915,451,451,451,451,2026-09-30,2026-10-02,767.206,0,0,79448835,22839300,0.000567660935493894,99.9974121709903,0
875.02,875,213,213,426,426,2026-09-30,2026-10-23,767.206,0,0,43989817,9107792,0.000968405938128817,99.9967856197265,0
995.01,995,408,410,408,410,2026-09-30,2026-11-20,767.206,2,1.99999999999994,385506742,26921533,0.000106353522605838,99.9996350258383,0.00487804878048767
860.02,860,202,202,404,404,2026-09-30,2026-10-23,767.206,0,0,43989817,9107792,0.000918394363859254,99.9977040140904,0
880.01,880,395,395,395,395,2026-09-30,2026-10-16,767.206,0,0,450820741,44945749,8.76179740807444e-05,99.9997364806248,0
930.01,930,371,371,371,371,2026-09-30,2026-10-16,767.206,0,0,450820741,44945749,8.22943503391296e-05,99.9998187749751,0
920.01,920,368,368,368,368,2026-09-30,2026-10-16,767.206,0,0,450820741,44945749,8.16288973714277e-05,99.9999004038725,0
925.01,925,359,359,359,359,2026-09-30,2026-10-16,767.206,0,0,450820741,44945749,7.96325384683222e-05,99.999980036411,0
880.03,880,116,116,348,348,2026-09-30,2026-10-23,767.206,0,0,43989817,9107792,0.000791092174809456,99.9984951062652,0
820.01,820,329,328,329,328,2026-09-30,2026-10-02,767.206,-1,-1,79448835,22839300,0.000412844316722832,99.997825015307,-0.00304878048780488
925.01,925,320,320,320,320,2026-09-30,2026-10-02,767.206,0,0,79448835,22839300,0.000402774943144226,99.9982277902502,0
940.01,940,319,319,319,319,2026-09-30,2026-11-20,767.206,0,0,385506742,26921533,8.27482285640545e-05,99.9997177740669,0
860.01,860,309,309,309,309,2026-09-30,2026-10-02,767.206,0,0,79448835,22839300,0.000388929554473643,99.9986167198047,0
845.01,845,214,308,214,308,2026-09-30,2026-10-02,767.206,94,94,79448835,22839300,0.000387670882776318,99.9990043906874,0.305194805194805
885.01,885,293,294,293,294,2026-09-30,2026-10-30,767.206,1,1,364015151,24713100,8.07658690008757e-05,99.9999197835587,0.00340136054421769
824.11,824,25,25,275,275,2026-09-30,2026-10-23,767.206,0,0,43989817,9107792,0.000625144678369542,99.9991202509435,0
865.01,865,268,268,268,268,2026-09-30,2026-10-02,767.206,0,0,79448835,22839300,0.000337324014883289,99.9993417147023,0
930.02,930,134,134,268,268,2026-09-30,2026-11-20,767.206,0,0,385506742,26921533,6.95188879472308e-05,99.9997872929548,0
925.03,925,87,87,261,261,2026-09-30,2026-11-20,767.206,0,0,385506742,26921533,6.77030960978628e-05,99.9998549960509,0
855.03,855,70,70,210,210,2026-09-30,2026-10-09,767.206,0,0,117657460,21866105,0.000178484220210091,99.9995274417789,0
870.01,870,210,210,210,210,2026-09-30,2026-10-23,767.206,0,0,43989817,9107792,0.000477383208936741,99.9995976341525,0
965.04,965,51,51,204,204,2026-09-30,2026-11-20,767.206,0,0,385506742,26921533,5.29173624672951e-05,99.9999079134134,0
865.02,865,98,98,196,196,2026-09-30,2026-10-09,767.206,0,0,117657460,21866105,0.000166585272196085,99.9996940270511,0
910.01,910,156,156,156,156,2026-09-30,2026-10-02,767.206,0,0,79448835,22839300,0.00019635278478281,99.9995380674871,0
895.01,895,156,156,312,156,2026-09-30,2026-10-30,767.206,0,-156,364015151,24713100,4.28553590616892e-05,99.9999626389177,-1
819.04,819,36,36,144,144,2026-09-30,2026-10-09,767.206,0,0,117657460,21866105,0.000122389179572634,99.9998164162307,0
855.02,855,70,70,140,140,2026-09-30,2026-10-02,767.206,0,0,79448835,22839300,0.000176214037625599,99.9997142815247,0
980.01,980,116,116,116,116,2026-09-30,2026-11-20,767.206,0,0,385506742,26921533,3.00902649323835e-05,99.9999380036783,0
870.01,870,24,105,24,105,2026-09-30,2026-10-09,767.206,81,81,117657460,21866105,8.92421101050456e-05,99.9999056583408,0.771428571428571
925.01,925,100,100,100,100,2026-09-30,2026-10-30,767.206,0,0,364015151,24713100,2.74713840139033e-05,99.9999901103018,0
960.03,960,30,30,90,90,2026-09-30,2026-11-20,767.206,0,0,385506742,26921533,2.33458952061596e-05,99.9999613495735,0
870.01,870,79,79,79,79,2026-09-30,2026-10-02,767.206,0,0,79448835,22839300,9.94350640887308e-05,99.9998137165888,0
895.03,895,26,26,78,78,2026-09-30,2026-10-23,767.206,0,0,43989817,9107792,0.000177313763319361,99.9997749479158,0
819.01,819,81,74,81,74,2026-09-30,2026-10-02,767.206,-7,-7,79448835,22839300,9.31417056021023e-05,99.9999068582944,-0.0945945945945946
995.01,995,72,72,72,72,2026-09-30,2026-10-16,767.206,0,0,450820741,44945749,1.59708712248446e-05,99.9999960072822,0
860.02,860,35,35,70,70,2026-09-30,2026-10-09,767.206,0,0,117657460,21866105,5.94947400700304e-05,99.9999651530808,0
975.01,975,50,51,50,51,2026-09-30,2026-11-20,767.206,1,1,385506742,26921533,1.32293406168238e-05,99.9999745789141,0.0196078431372549
920.01,920,50,50,50,50,2026-09-30,2026-10-23,767.206,0,0,43989817,9107792,0.000113662668794462,99.9998886105846,0
935.03,935,12,12,36,36,2026-09-30,2026-11-20,767.206,0,0,385506742,26921533,9.33835808246383e-06,99.9999839172722,0
970.01,970,34,34,34,34,2026-09-30,2026-11-20,767.206,0,0,385506742,26921533,8.81956041121585e-06,99.9999927368326,0
955.01,955,28,28,84,28,2026-09-30,2026-11-20,767.206,0,-56,385506742,26921533,7.26316739747187e-06,100,-2
895.02,895,13,13,26,26,2026-09-30,2026-10-09,767.206,0,0,117657460,21866105,2.20980463117256e-05,99.9999872511271,0
875.01,875,25,25,25,25,2026-09-30,2026-10-02,767.206,0,0,79448835,22839300,3.14667924331427e-05,99.9999383250868,0
890.01,890,25,25,25,25,2026-09-30,2026-10-23,767.206,0,0,43989817,9107792,5.68313343972311e-05,99.999945441919,0
955.01,955,18,18,18,18,2026-09-30,2026-10-16,767.206,0,0,450820741,44945749,3.99271780621114e-06,100,0
930.01,930,12,17,12,17,2026-09-30,2026-10-30,767.206,5,5,364015151,24713100,4.67013528236356e-06,99.999994780437,0.294117647058824
920.01,920,16,16,16,16,2026-09-30,2026-10-30,767.206,0,0,364015151,24713100,4.39542144222453e-06,99.9999991758585,0
880.01,880,14,14,14,14,2026-09-30,2026-10-02,767.206,0,0,79448835,22839300,1.76214037625599e-05,99.9999559464906,0
890.01,890,13,13,13,13,2026-09-30,2026-10-02,767.206,0,0,79448835,22839300,1.63627320652342e-05,99.9999723092227,0
915.02,915,6,6,12,12,2026-09-30,2026-10-23,767.206,0,0,43989817,9107792,2.72790405106709e-05,99.9999727209595,0
930.01,930,10,10,10,10,2026-09-30,2026-10-02,767.206,0,0,79448835,22839300,1.25867169732571e-05,99.9999848959396,0
905.01,905,10,10,10,10,2026-09-30,2026-10-23,767.206,0,0,43989817,9107792,2.27325337588924e-05,99.9999954534933,0
880.01,880,2,8,2,8,2026-09-30,2026-10-09,767.206,6,6,117657460,21866105,6.79939886514633e-06,99.999994050526,0.75
900.01,900,7,7,7,7,2026-09-30,2026-10-02,767.206,0,0,79448835,22839300,8.81070188127995e-06,99.9999937066415,0
890.02,890,2,2,2,4,2026-09-30,2026-10-09,767.206,0,2,117657460,21866105,3.39969943257317e-06,99.9999974502254,0.5
905.01,905,3,3,3,3,2026-09-30,2026-10-02,767.206,0,0,79448835,22839300,3.77601509197712e-06,99.9999974826566,0
895.01,895,2,2,2,2,2026-09-30,2026-10-02,767.206,0,0,79448835,22839300,2.51734339465141e-06,100,0
875.02,875,1,1,2,2,2026-09-30,2026-10-09,767.206,0,0,117657460,21866105,1.69984971628658e-06,99.9999991500751,0
930.02,930,1,1,2,2,2026-09-30,2026-10-23,767.206,0,0,43989817,9107792,4.54650675177849e-06,100,0
910.02,910,1,1,2,2,2026-09-30,2026-10-30,767.206,0,0,364015151,24713100,5.49427680278066e-07,99.9999997252862,0
930.01,930,1,1,1,1,2026-09-30,2026-10-09,767.206,0,0,117657460,21866105,8.49924858143292e-07,100,0
915.01,915,1,1,1,1,2026-09-30,2026-10-30,767.206,0,0,364015151,24713100,2.74713840139033e-07,100,0
762.92,505,0,0,0,0,2026-09-30,2026-10-02,767.206,0,0,79448835,22839300,0,100,
762.94,510,0,0,0,0,2026-09-30,2026-10-02,767.206,0,0,79448835,22839300,0,100,
762.95,515,0,0,0,0,2026-09-30,2026-10-02,767.206,0,0,79448835,22839300,0,100,
765.73,520,0,0,0,0,2026-09-30,2026-10-02,767.206,0,0,79448835,22839300,0,100,
525,525,0,0,0,0,2026-09-30,2026-10-02,767.206,0,0,79448835,22839300,0,100,
530,530,0,0,0,0,2026-09-30,2026-10-02,767.206,0,0,79448835,22839300,0,100,
535,535,0,0,0,0,2026-09-30,2026-10-02,767.206,0,0,79448835,22839300,0,100,
540,540,0,0,0,0,2026-09-30,2026-10-02,767.206,0,0,79448835,22839300,0,100,
765.28,580,0,0,0,0,2026-09-30,2026-10-02,767.206,0,0,79448835,22839300,0,100,
885,885,0,0,0,0,2026-09-30,2026-10-02,767.206,0,0,79448835,22839300,0,100,
510,510,0,0,0,0,2026-09-30,2026-10-09,767.206,0,0,117657460,21866105,0,100,
515,515,0,0,0,0,2026-09-30,2026-10-09,767.206,0,0,117657460,21866105,0,100,
768.11,520,0,0,0,0,2026-09-30,2026-10-09,767.206,0,0,117657460,21866105,0,100,
525,525,0,0,0,0,2026-09-30,2026-10-09,767.206,0,0,117657460,21866105,0,100,
761.91,545,0,0,0,0,2026-09-30,2026-10-09,767.206,0,0,117657460,21866105,0,100,
765.04,555,0,0,0,0,2026-09-30,2026-10-09,767.206,0,0,117657460,21866105,0,100,
766.28,560,0,0,0,0,2026-09-30,2026-10-09,767.206,0,0,117657460,21866105,0,100,
762.19,565,0,0,0,0,2026-09-30,2026-10-09,767.206,0,0,117657460,21866105,0,100,
759.18,570,0,0,0,0,2026-09-30,2026-10-09,767.206,0,0,117657460,21866105,0,100,
757.78,580,0,0,0,0,2026-09-30,2026-10-09,767.206,0,0,117657460,21866105,0,100,
885,885,0,0,0,0,2026-09-30,2026-10-09,767.206,0,0,117657460,21866105,0,100,
905,905,0,0,0,0,2026-09-30,2026-10-09,767.206,0,0,117657460,21866105,0,100,
910,910,0,0,0,0,2026-09-30,2026-10-09,767.206,0,0,117657460,21866105,0,100,
915,915,0,0,0,0,2026-09-30,2026-10-09,767.206,0,0,117657460,21866105,0,100,
920,920,0,0,0,0,2026-09-30,2026-10-09,767.206,0,0,117657460,21866105,0,100,
925,925,0,0,0,0,2026-09-30,2026-10-09,767.206,0,0,117657460,21866105,0,100,
762.83,315,0,0,0,0,2026-09-30,2026-10-16,767.206,0,0,450820741,44945749,0,100,
767.67,325,0,0,0,0,2026-09-30,2026-10-16,767.206,0,0,450820741,44945749,0,100,
767.51,330,0,0,0,0,2026-09-30,2026-10-16,767.206,0,0,450820741,44945749,0,100,
767.71,335,0,0,0,0,2026-09-30,2026-10-16,767.206,0,0,450820741,44945749,0,100,
755.74,340,0,0,0,0,2026-09-30,2026-10-16,767.206,0,0,450820741,44945749,0,100,
345,345,0,0,0,0,2026-09-30,2026-10-16,767.206,0,0,450820741,44945749,0,100,
759.44,350,0,0,0,0,2026-09-30,2026-10-16,767.206,0,0,450820741,44945749,0,100,
769.21,355,0,0,0,0,2026-09-30,2026-10-16,767.206,0,0,450820741,44945749,0,100,
771.77,360,0,0,0,0,2026-09-30,2026-10-16,767.206,0,0,450820741,44945749,0,100,
753.48,365,0,0,0,0,2026-09-30,2026-10-16,767.206,0,0,450820741,44945749,0,100,
370,370,0,0,0,0,2026-09-30,2026-10-16,767.206,0,0,450820741,44945749,0,100,
375,375,0,0,0,0,2026-09-30,2026-10-16,767.206,0,0,450820741,44945749,0,100,
385,385,0,0,0,0,2026-09-30,2026-10-16,767.206,0,0,450820741,44945749,0,100,
395,395,0,0,0,0,2026-09-30,2026-10-16,767.206,0,0,450820741,44945749,0,100,
775.11,400,0,0,0,0,2026-09-30,2026-10-16,767.206,0,0,450820741,44945749,0,100,
740.63,405,0,0,0,0,2026-09-30,2026-10-16,767.206,0,0,450820741,44945749,0,100,
740.56,410,0,0,0,0,2026-09-30,2026-10-16,767.206,0,0,450820741,44945749,0,100,
415,415,0,0,0,0,2026-09-30,2026-10-16,767.206,0,0,450820741,44945749,0,100,
772.54,420,0,0,0,0,2026-09-30,2026-10-16,767.206,0,0,450820741,44945749,0,100,
425,425,0,0,0,0,2026-09-30,2026-10-16,767.206,0,0,450820741,44945749,0,100,
430,430,0,0,0,0,2026-09-30,2026-10-16,767.206,0,0,450820741,44945749,0,100,
435,435,0,0,0,0,2026-09-30,2026-10-16,767.206,0,0,450820741,44945749,0,100,
738.33,440,0,0,0,0,2026-09-30,2026-10-16,767.206,0,0,450820741,44945749,0,100,
759.16,445,0,0,0,0,2026-09-30,2026-10-16,767.206,0,0,450820741,44945749,0,100,
763.15,455,0,0,0,0,2026-09-30,2026-10-16,767.206,0,0,450820741,44945749,0,100,
762.99,460,0,0,0,0,2026-09-30,2026-10-16,767.206,0,0,450820741,44945749,0,100,
763,465,0,0,0,0,2026-09-30,2026-10-16,767.206,0,0,450820741,44945749,0,100,
763.02,475,0,0,0,0,2026-09-30,2026-10-16,767.206,0,0,450820741,44945749,0,100,
763.24,485,0,0,0,0,2026-09-30,2026-10-16,767.206,0,0,450820741,44945749,0,100,
490,490,0,0,0,0,2026-09-30,2026-10-16,767.206,0,0,450820741,44945749,0,100,
768.4,495,0,0,0,0,2026-09-30,2026-10-16,767.206,0,0,450820741,44945749,0,100,
505,505,0,0,0,0,2026-09-30,2026-10-23,767.206,0,0,43989817,9107792,0,100,
545,545,0,0,0,0,2026-09-30,2026-10-23,767.206,0,0,43989817,9107792,0,100,
560,560,0,0,0,0,2026-09-30,2026-10-23,767.206,0,0,43989817,9107792,0,100,
565,565,0,0,0,0,2026-09-30,2026-10-23,767.206,0,0,43989817,9107792,0,100,
570,570,0,0,0,0,2026-09-30,2026-10-23,767.206,0,0,43989817,9107792,0,100,
610,610,0,0,0,0,2026-09-30,2026-10-23,767.206,0,0,43989817,9107792,0,100,
764,640,0,0,0,0,2026-09-30,2026-10-23,767.206,0,0,43989817,9107792,0,100,
665,665,0,0,0,0,2026-09-30,2026-10-23,767.206,0,0,43989817,9107792,0,100,
724,724,0,0,0,0,2026-09-30,2026-10-23,767.206,0,0,43989817,9107792,0,100,
738,738,0,0,0,0,2026-09-30,2026-10-23,767.206,0,0,43989817,9107792,0,100,
900,900,0,0,0,0,2026-09-30,2026-10-23,767.206,0,0,43989817,9107792,0,100,
910,910,0,0,0,0,2026-09-30,2026-10-23,767.206,0,0,43989817,9107792,0,100,
925,925,0,0,0,0,2026-09-30,2026-10-23,767.206,0,0,43989817,9107792,0,100,
485,485,0,0,0,0,2026-09-30,2026-10-30,767.206,0,0,364015151,24713100,0,100,
505,505,0,0,0,0,2026-09-30,2026-10-30,767.206,0,0,364015151,24713100,0,100,
515,515,0,0,0,0,2026-09-30,2026-10-30,767.206,0,0,364015151,24713100,0,100,
535,535,0,0,0,0,2026-09-30,2026-10-30,767.206,0,0,364015151,24713100,0,100,
763.49,625,0,0,0,0,2026-09-30,2026-10-30,767.206,0,0,364015151,24713100,0,100,
643,643,0,0,0,0,2026-09-30,2026-10-30,767.206,0,0,364015151,24713100,0,100,
647,647,0,0,0,0,2026-09-30,2026-10-30,767.206,0,0,364015151,24713100,0,100,
773.55,649,0,0,0,0,2026-09-30,2026-10-30,767.206,0,0,364015151,24713100,0,100,
653,653,0,0,0,0,2026-09-30,2026-10-30,767.206,0,0,364015151,24713100,0,100,
762.73,671,0,0,0,0,2026-09-30,2026-10-30,767.206,0,0,364015151,24713100,0,100,
676,676,0,0,0,0,2026-09-30,2026-10-30,767.206,0,0,364015151,24713100,0,100,
777.24,701,0,0,0,0,2026-09-30,2026-10-30,767.206,0,0,364015151,24713100,0,100,
905,905,0,0,0,0,2026-09-30,2026-10-30,767.206,0,0,364015151,24713100,0,100,
305,305,0,0,0,0,2026-09-30,2026-11-20,767.206,0,0,385506742,26921533,0,100,
315,315,0,0,0,0,2026-09-30,2026-11-20,767.206,0,0,385506742,26921533,0,100,
330,330,0,0,0,0,2026-09-30,2026-11-20,767.206,0,0,385506742,26921533,0,100,
335,335,0,0,0,0,2026-09-30,2026-11-20,767.206,0,0,385506742,26921533,0,100,
762.85,345,0,0,0,0,2026-09-30,2026-11-20,767.206,0,0,385506742,26921533,0,100,
355,355,0,0,0,0,2026-09-30,2026-11-20,767.206,0,0,385506742,26921533,0,100,
365,365,0,0,0,0,2026-09-30,2026-11-20,767.206,0,0,385506742,26921533,0,100,
370,370,0,0,0,0,2026-09-30,2026-11-20,767.206,0,0,385506742,26921533,0,100,
375,375,0,0,0,0,2026-09-30,2026-11-20,767.206,0,0,385506742,26921533,0,100,
385,385,0,0,0,0,2026-09-30,2026-11-20,767.206,0,0,385506742,26921533,0,100,
390,390,0,0,0,0,2026-09-30,2026-11-20,767.206,0,0,385506742,26921533,0,100,
405,405,0,0,0,0,2026-09-30,2026-11-20,767.206,0,0,385506742,26921533,0,100,
420,420,0,0,0,0,2026-09-30,2026-11-20,767.206,0,0,385506742,26921533,0,100,
455,455,0,0,0,0,2026-09-30,2026-11-20,767.206,0,0,385506742,26921533,0,100,
475,475,0,0,0,0,2026-09-30,2026-11-20,767.206,0,0,385506742,26921533,0,100,
701,701,0,0,0,0,2026-09-30,2026-11-20,767.206,0,0,385506742,26921533,0,100,
702,702,0,0,0,0,2026-09-30,2026-11-20,767.206,0,0,385506742,26921533,0,100,
704,704,0,0,0,0,2026-09-30,2026-11-20,767.206,0,0,385506742,26921533,0,100,
706,706,0,0,0,0,2026-09-30,2026-11-20,767.206,0,0,385506742,26921533,0,100,
707,707,0,0,0,0,2026-09-30,2026-11-20,767.206,0,0,385506742,26921533,0,100,
708,708,0,0,0,0,2026-09-30,2026-11-20,767.206,0,0,385506742,26921533,0,100,
709,709,0,0,0,0,2026-09-30,2026-11-20,767.206,0,0,385506742,26921533,0,100,
711,711,0,0,0,0,2026-09-30,2026-11-20,767.206,0,0,385506742,26921533,0,100,
712,712,0,0,0,0,2026-09-30,2026-11-20,767.206,0,0,385506742,26921533,0,100,
713,713,0,0,0,0,2026-09-30,2026-11-20,767.206,0,0,385506742,26921533,0,100,
716,716,0,0,0,0,2026-09-30,2026-11-20,767.206,0,0,385506742,26921533,0,100,
718,718,0,0,0,0,2026-09-30,2026-11-20,767.206,0,0,385506742,26921533,0,100,
777.02,721,0,0,0,0,2026-09-30,2026-11-20,767.206,0,0,385506742,26921533,0,100,
722,722,0,0,0,0,2026-09-30,2026-11-20,767.206,0,0,385506742,26921533,0,100,
723,723,0,0,0,0,2026-09-30,2026-11-20,767.206,0,0,385506742,26921533,0,100,
724,724,0,0,0,0,2026-09-30,2026-11-20,767.206,0,0,385506742,26921533,0,100,
726,726,0,0,0,0,2026-09-30,2026-11-20,767.206,0,0,385506742,26921533,0,100,
776.47,728,0,0,0,0,2026-09-30,2026-11-20,767.206,0,0,385506742,26921533,0,100,
736,736,0,0,0,0,2026-09-30,2026-11-20,767.206,0,0,385506742,26921533,0,100,
741,741,0,0,0,0,2026-09-30,2026-11-20,767.206,0,0,385506742,26921533,0,100,
744,744,0,0,0,0,2026-09-30,2026-11-20,767.206,0,0,385506742,26921533,0,100,
701,701,0,0,0,0,2026-09-30,2026-12-18,767.206,0,0,3397936134,74902415,0,100,
703,703,0,0,0,0,2026-09-30,2026-12-18,767.206,0,0,3397936134,74902415,0,100,
704,704,0,0,0,0,2026-09-30,2026-12-18,767.206,0,0,3397936134,74902415,0,100,
706,706,0,0,0,0,2026-09-30,2026-12-18,767.206,0,0,3397936134,74902415,0,100,
707,707,0,0,0,0,2026-09-30,2026-12-18,767.206,0,0,3397936134,74902415,0,100,
708,708,0,0,0,0,2026-09-30,2026-12-18,767.206,0,0,3397936134,74902415,0,100,
709,709,0,0,0,0,2026-09-30,2026-12-18,767.206,0,0,3397936134,74902415,0,100,
711,711,0,0,0,0,2026-09-30,2026-12-18,767.206,0,0,3397936134,74902415,0,100,
712,712,0,0,0,0,2026-09-30,2026-12-18,767.206,0,0,3397936134,74902415,0,100,
714,714,0,0,0,0,2026-09-30,2026-12-18,767.206,0,0,3397936134,74902415,0,100,
716,716,0,0,0,0,2026-09-30,2026-12-18,767.206,0,0,3397936134,74902415,0,100,
717,717,0,0,0,0,2026-09-30,2026-12-18,767.206,0,0,3397936134,74902415,0,100,
719,719,0,0,0,0,2026-09-30,2026-12-18,767.206,0,0,3397936134,74902415,0,100,
722,722,0,0,0,0,2026-09-30,2026-12-18,767.206,0,0,3397936134,74902415,0,100,
726,726,0,0,0,0,2026-09-30,2026-12-18,767.206,0,0,3397936134,74902415,0,100,
727,727,0,0,0,0,2026-09-30,2026-12-18,767.206,0,0,3397936134,74902415,0,100,
729,729,0,0,0,0,2026-09-30,2026-12-18,767.206,0,0,3397936134,74902415,0,100,
731,731,0,0,0,0,2026-09-30,2026-12-18,767.206,0,0,3397936134,74902415,0,100,
732,732,0,0,0,0,2026-09-30,2026-12-18,767.206,0,0,3397936134,74902415,0,100,
733,733,0,0,0,0,2026-09-30,2026-12-18,767.206,0,0,3397936134,74902415,0,100,
734,734,0,0,0,0,2026-09-30,2026-12-18,767.206,0,0,3397936134,74902415,0,100,
738,738,0,0,0,0,2026-09-30,2026-12-18,767.206,0,0,3397936134,74902415,0,100,
751,751,0,0,0,0,2026-09-30,2026-12-18,767.206,0,0,3397936134,74902415,0,100,
788.08,759,0,0,0,0,2026-09-30,2026-12-18,767.206,0,0,3397936134,74902415,0,100,
761,761,0,0,0,0,2026-09-30,2026-12-18,767.206,0,0,3397936134,74902415,0,100,
