Watch,strike,open_interest.yt,open_interest.td,OI_Dollar.yt,OI_Dollar.td,Date.td,expiry,stkClose,diff_oi,diff_oi_d,totalOI,totalOIdiff,OI_pct,cum_sep_OI,pct
724.09,735,49647,49799,46519239,54330709,2026-10-01,2026-12-18,763.04,152,7811470.00000001,529252790,71235277,10.2655498518959,10.2655498518959,0.143776330988061
746.76,755,61081,61128,41229675,50369472,2026-10-01,2026-10-30,763.04,47,9139797,234901454,52625378,21.4428098005728,21.4428098005728,0.181455088510755
739.64,750,40409,40845,36691372,42315420,2026-10-01,2026-11-20,763.04,436,5624047.99999999,451091708,86025104,9.38066899691271,9.38066899691271,0.132907767428516
742.63,760,19762,20078,30077764,34875486,2026-10-01,2026-12-18,763.04,316,4797722.00000001,529252790,71235277,6.58957055285434,16.8551204047503,0.137567172540621
753.92,780,12450,12465,28635000,32508720,2026-10-01,2026-12-18,763.04,15,3873720,529252790,71235277,6.14238046813131,22.9975008728816,0.119159413228205
735.78,750,21932,22006,27700116,31292532,2026-10-01,2026-12-18,763.04,74,3592416,529252790,71235277,5.91258706449143,28.910087937373,0.114801064995316
723.53,730,44010,47490,24205500,30726030,2026-10-01,2026-11-20,763.04,3480,6520530,451091708,86025104,6.81148189050728,16.19215088742,0.212215180418687
608.16,610,158191,158197,25785133,29108248,2026-10-01,2026-12-18,763.04,6,3323115,529252790,71235277,5.49987615558909,34.4099640929621,0.114164033506929
740.53,745,61466,61438,21144304,27462786,2026-10-01,2026-10-23,763.04,-28,6318482,90832255,18310549,30.2346187485932,30.2346187485932,0.230074326763497
735.87,745,29642,29714,23802526,27128882,2026-10-01,2026-11-20,763.04,72,3326356,451091708,86025104,6.01405025161757,22.2062011390376,0.122613088147164
746.21,750,67838,71432,20147886,27072728,2026-10-01,2026-10-16,763.04,3594,6924842,353058462,80809152,7.66805810194687,7.66805810194687,0.255786635170272
694.06,700,40376,43719,21278152,25969086,2026-10-01,2026-12-18,763.04,3343,4690934,529252790,71235277,4.90674522471577,39.3167093176779,0.180635313849706
748.7,770,10319,11894,19327487,25334220,2026-10-01,2026-12-18,763.04,1575,6006733,529252790,71235277,4.78679007058234,44.1034993882602,0.237099583093539
752.23,770,13717,13796,20575500,24515492,2026-10-01,2026-11-20,763.04,79,3939992,451091708,86025104,5.43470242640771,27.6409035654453,0.160714376036182
746.62,760,17807,17856,20602699,23891328,2026-10-01,2026-11-20,763.04,49,3288629,451091708,86025104,5.29633499713987,32.9372385625852,0.13764948520233
759.68,767,26077,30819,14003349,22559508,2026-10-01,2026-10-09,763.04,4742,8556159,87098388,26450019,25.901177413295,25.901177413295,0.379270638349028
731.8,740,19446,27328,13553862,22408960,2026-10-01,2026-11-20,763.04,7882,8855098,451091708,86025104,4.9677171188436,37.9049556814288,0.39515881147541
750.12,760,17321,22399,13995368,22130212,2026-10-01,2026-10-30,763.04,5078,8134844,234901454,52625378,9.42106216166717,30.86387196224,0.367589971573702
728.18,740,17693,17692,18329948,20911944,2026-10-01,2026-12-18,763.04,-1,2581996,529252790,71235277,3.95122036106791,48.0547197493281,0.123469917478738
721.86,725,62011,61844,15378728,19419016,2026-10-01,2026-10-30,763.04,-167,4040288,234901454,52625378,8.26687773503522,39.1307496972752,0.208058327981191
749.7,765,13010,11997,17121160,18355410,2026-10-01,2026-11-20,763.04,-1013,1234250,451091708,86025104,4.06910827099486,41.9740639524236,0.0672417559727623
714.76,720,33480,33584,14999040,17598016,2026-10-01,2026-11-20,763.04,104,2598976,451091708,86025104,3.90120582752986,45.8752697799535,0.147685739119682
618.97,620,164027,164059,14270349,16898077,2026-10-01,2026-11-20,763.04,32,2627728,451091708,86025104,3.74604026195046,49.6213100419039,0.15550455829974
720,730,15914,16305,13908836,16305000,2026-10-01,2026-12-18,763.04,391,2396164,529252790,71235277,3.0807584405932,51.1354781899213,0.146958846979454
719.38,725,17470,28905,8909700,16244610,2026-10-01,2026-11-20,763.04,11435,7334910,451091708,86025104,3.60117681436077,53.2224868562647,0.451528845567853
741.96,745,52502,52324,12022958,15906496,2026-10-01,2026-10-16,763.04,-178,3883538,353058462,80809152,4.50534336718433,12.1734014691312,0.244147925476485
751.36,757,27597,27655,11921904,15597420,2026-10-01,2026-10-16,763.04,58,3675516,353058462,80809152,4.41780092499242,16.5912023941236,0.235648972714718
479.5,480,311407,311402,13079094,15570100,2026-10-01,2026-12-18,763.04,-5,2491006,529252790,71235277,2.94190229965533,54.0773804895767,0.159986512610709
748.2,753,31667,31852,11051783,15288960,2026-10-01,2026-10-16,763.04,185,4237177,353058462,80809152,4.33043295815411,20.9216353522777,0.277139648478379
627.55,630,62333,62296,13027597,15262520,2026-10-01,2026-12-18,763.04,-37,2234923,529252790,71235277,2.88378640384683,56.9611668934235,0.146432109507473
756.55,765,16526,17976,10841056,15189720,2026-10-01,2026-10-16,763.04,1450,4348664,353058462,80809152,4.30232429891455,25.2239596511923,0.286289938195042
753.5,760,23124,22930,11723868,14904500,2026-10-01,2026-10-16,763.04,-194,3180632,353058462,80809152,4.22153881132581,29.4454984625181,0.213400784997819
764.25,785,7160,7159,12315200,14854925,2026-10-01,2026-10-16,763.04,-1,2539725,353058462,80809152,4.2074972274705,33.6529956899886,0.170968550834151
743.16,750,20131,21466,11273360,14682744,2026-10-01,2026-10-30,763.04,1335,3409384,234901454,52625378,6.25059732495313,45.3813470222283,0.232203462785975
758.3,768,14631,14992,11441442,14542240,2026-10-01,2026-10-16,763.04,361,3100798,353058462,80809152,4.11893257496828,37.7719282649569,0.213226985663832
696.52,700,42436,41608,12603492,14479584,2026-10-01,2026-11-20,763.04,-828,1876092,451091708,86025104,3.20989806356627,56.432384919831,0.129568087038965
743.12,755,11882,12103,12036466,14378364,2026-10-01,2026-11-20,763.04,221,2341898,451091708,86025104,3.18745916739396,59.6198440872249,0.162876527538182
759.12,770,13222,13064,11370920,14213632,2026-10-01,2026-10-16,763.04,-158,2842712,353058462,80809152,4.02585790451894,41.7977861694758,0.19999898688808
746.1,765,7369,7484,12564145,14144760,2026-10-01,2026-12-18,763.04,115,1580615,529252790,71235277,2.67259054033518,59.6337574337586,0.111745621700191
666.2,670,36033,36700,12359319,13946000,2026-10-01,2026-12-18,763.04,667,1586681,529252790,71235277,2.63503570760581,62.2687931413645,0.113773196615517
702.9,710,19130,19157,11841470,13601470,2026-10-01,2026-12-18,763.04,27,1760000,529252790,71235277,2.56993827089698,64.8387314122614,0.129397778328372
738.96,745,21914,21917,10343408,13237868,2026-10-01,2026-10-30,763.04,3,2894460,234901454,52625378,5.63549853548374,51.0168455577121,0.218650012222512
710.27,715,23662,26746,9464800,12650858,2026-10-01,2026-11-20,763.04,3084,3186058,451091708,86025104,2.80449801573387,62.4243421029588,0.25184521081495
749.88,755,23965,23999,9322385,12287488,2026-10-01,2026-10-16,763.04,34,2965103,353058462,80809152,3.48029839885271,45.2780845683285,0.241310754484562
628.83,630,102487,102481,10351187,11990277,2026-10-01,2026-11-20,763.04,-6,1639090,451091708,86025104,2.65805750523794,65.0823996081967,0.136701595801331
723.09,725,62404,62366,10109448,11911906,2026-10-01,2026-10-23,763.04,-38,1802458,90832255,18310549,13.1141806399059,43.3487993884992,0.151315666863053
739.38,755,7584,7602,10223232,11874324,2026-10-01,2026-12-18,763.04,18,1651092,529252790,71235277,2.24360158781591,67.0823330000773,0.139047241762984
677.6,680,47361,47107,9472200,11305680,2026-10-01,2026-11-20,763.04,-254,1833480,451091708,86025104,2.50629302190587,67.5886926301026,0.162173350032904
743.63,745,79933,80163,8632764,10982331,2026-10-01,2026-10-09,763.04,230,2349567,87098388,26450019,12.6091093672136,38.5102867805085,0.213940647026574
755,775,5297,5476,9433957,10952000,2026-10-01,2026-11-20,763.04,179,1518043,451091708,86025104,2.42788767910582,70.0165803092084,0.138608747260774
737.68,740,47165,46883,8395370,10876856,2026-10-01,2026-10-16,763.04,-282,2481486,353058462,80809152,3.0807521050154,48.3588366733439,0.228143684167557
638.65,640,79211,79096,8871632,10677960,2026-10-01,2026-11-20,763.04,-115,1806328,451091708,86025104,2.36713728286932,72.3837175920778,0.169164147458878
760.97,800,2567,2560,8956263,9991680,2026-10-01,2026-12-18,763.04,-7,1035417,529252790,71235277,1.88788423770048,68.9702172377778,0.103627918428132
761.13,775,7503,7178,8898558,9955886,2026-10-01,2026-10-16,763.04,-325,1057328,353058462,80809152,2.81989728941832,51.1787339627622,0.106201296398934
730.32,732,58210,56410,6577730,9476880,2026-10-01,2026-10-16,763.04,-1800,2899150,353058462,80809152,2.68422400820406,53.8629579709663,0.305918192485291
757.83,780,4250,4256,8589250,9435552,2026-10-01,2026-11-20,763.04,6,846302,451091708,86025104,2.09171479605207,74.4754323881298,0.0896928976704278
762.56,775,7029,7137,6804072,8878428,2026-10-01,2026-10-09,763.04,108,2074356,87098388,26450019,10.1935617912929,48.7038485718014,0.23364000924488
752.82,775,3955,3954,8404375,8769972,2026-10-01,2026-12-18,763.04,-1,365597,529252790,71235277,1.65704785420215,70.62726509198,0.0416873622857633
762.31,780,4755,4800,6880485,8491200,2026-10-01,2026-10-16,763.04,45,1610715,353058462,80809152,2.40504078330234,56.2679987542686,0.189692269643867
728.6,730,64544,58583,7228928,8201620,2026-10-01,2026-10-16,763.04,-5961,972691.999999999,353058462,80809152,2.32302037275628,58.5910191270249,0.118597545362989
733.99,736,40466,37932,6110366,7624332,2026-10-01,2026-10-16,763.04,-2534,1513966,353058462,80809152,2.15950977546602,60.7505289024909,0.198570314094402
499.75,500,304096,304079,6386016,7601975,2026-10-01,2026-11-20,763.04,-17,1215959,451091708,86025104,1.68523935713755,76.1606717452674,0.159953038519595
689.38,695,13232,13248,6364592,7445376,2026-10-01,2026-12-18,763.04,16,1080784,529252790,71235277,1.40677123308127,72.0340363250612,0.145161775577217
732,745,5477,5427,6232826,7055100,2026-10-01,2026-12-18,763.04,-50,822274,529252790,71235277,1.33303028974113,73.3670666148024,0.116550296948307
723.84,725,59737,59144,5495804,6860704,2026-10-01,2026-10-16,763.04,-593,1364900,353058462,80809152,1.94322038371084,62.6937492862018,0.198944598105384
757.36,767,6671,6954,5036605,6703656,2026-10-01,2026-10-16,763.04,283,1667051,353058462,80809152,1.8987382321968,64.5924875183986,0.248677885619429
727.76,735,8327,9255,5187721,6700620,2026-10-01,2026-11-20,763.04,928,1512899,451091708,86025104,1.48542300405132,77.6460947493187,0.22578492736493
661.41,665,18211,18480,5754676,6634320,2026-10-01,2026-12-18,763.04,269,879644,529252790,71235277,1.25352574900928,74.6205923638116,0.132589926322517
726.39,730,17874,17829,5165586,6436269,2026-10-01,2026-10-30,763.04,-45,1270683,234901454,52625378,2.73998687126049,53.7568324289725,0.19742540282266
669.17,670,76474,76464,5506128,6346512,2026-10-01,2026-10-30,763.04,-10,840384,234901454,52625378,2.70177637980904,56.4586088087816,0.132416672339074
711.73,720,7829,7613,5629051,6295951,2026-10-01,2026-12-18,763.04,-216,666899.999999999,529252790,71235277,1.1895924063055,75.8101847701171,0.105925220828434
761.34,765,15059,16937,3403334,6198942,2026-10-01,2026-10-02,763.04,1878,2795608,38516943,13375764,16.094065409085,16.094065409085,0.450981473935391
675.35,680,13260,13256,5078580,6164040,2026-10-01,2026-12-18,763.04,-4,1085460,529252790,71235277,1.16466839976413,76.9748531698813,0.176095547725193
722.22,728,10609,10482,5728860,6058596,2026-10-01,2026-11-20,763.04,-127,329735.999999999,451091708,86025104,1.34309629118698,78.9891910405057,0.0544244904264947
715.95,725,6521,6540,5164632,5918700,2026-10-01,2026-12-18,763.04,19,754068.000000001,529252790,71235277,1.11831247975093,78.0931656496322,0.127404328653252
755.58,770,3855,4034,4502640,5817028,2026-10-01,2026-10-30,763.04,179,1314388,234901454,52625378,2.47636951621423,58.9349783249958,0.22595524724997
656.58,660,17044,16999,5062068,5813658,2026-10-01,2026-12-18,763.04,-45,751590,529252790,71235277,1.09846525324883,79.191630902881,0.129280050529288
759.9,790,1920,1914,4896000,5761140,2026-10-01,2026-11-20,763.04,-6,865140,451091708,86025104,1.27715493276148,80.2663459732672,0.150168195877899
733.14,735,30719,30672,4269941,5704992,2026-10-01,2026-10-16,763.04,-47,1435051,353058462,80809152,1.61587742938732,66.2083649477859,0.25154303459146
722.97,729,234,9252,122148,5578956,2026-10-01,2026-11-20,763.04,9018,5456808,451091708,86025104,1.23676757986427,81.5031135531314,0.978105581044195
687.27,690,20337,20365,4880880,5559645,2026-10-01,2026-11-20,763.04,28,678765,451091708,86025104,1.23248663218611,82.7356001853175,0.122087831147492
617.91,620,26061,26435,4743102,5524915,2026-10-01,2026-12-18,763.04,374,781812.999999999,529252790,71235277,1.0439085262073,80.2355394290883,0.141506792412191
685.13,690,11425,11333,5244075,5519171,2026-10-01,2026-12-18,763.04,-92,275096,529252790,71235277,1.0428232225285,81.2783626516168,0.0498437174713376
647.02,650,18475,18493,4785025,5510914,2026-10-01,2026-12-18,763.04,18,725889,529252790,71235277,1.04126309849023,82.3196257501071,0.131718440897463
622.77,625,24407,24324,4759365,5424252,2026-10-01,2026-12-18,763.04,-83,664887,529252790,71235277,1.02488869260377,83.3445144427108,0.122576716568478
719.95,726,8733,8648,4340301,5232040,2026-10-01,2026-11-20,763.04,-85,891739.000000001,451091708,86025104,1.1598617104263,83.8954618957438,0.170438108271344
731.34,733,6919,29974,864875,4975684,2026-10-01,2026-10-16,763.04,23055,4110809,353058462,80809152,1.40930880733288,67.6176737551188,0.826179677005212
598.35,600,29769,30134,4346274,4972110,2026-10-01,2026-12-18,763.04,365,625836,529252790,71235277,0.93945843913265,84.2839728818435,0.125869298949541
727.59,729,39041,33974,4255469,4790334,2026-10-01,2026-10-16,763.04,-5067,534865,353058462,80809152,1.35681041968624,68.974484174805,0.111655053697717
757,766,5238,5277,3692790,4749300,2026-10-01,2026-10-16,763.04,39,1056510,353058462,80809152,1.34518798192691,70.319672156732,0.222455940875497
519.69,520,153191,153191,4595730,4748921,2026-10-01,2026-11-20,763.04,0,153191,451091708,86025104,1.0527617590346,84.9482236547784,0.032258064516129
730.79,735,10970,11146,3565250,4692466,2026-10-01,2026-10-30,763.04,176,1127216,234901454,52625378,1.99763173879716,60.932610063793,0.240218256243093
509.77,510,200284,200285,4606532,4606555,2026-10-01,2026-11-20,763.04,1,23,451091708,86025104,1.02120143605034,85.9694250908288,4.99288513867739e-06
753.34,765,3246,3896,3132390,4542736,2026-10-01,2026-10-30,763.04,650,1410346,234901454,52625378,1.93389011546944,62.8665001792624,0.310461800993938
756.76,785,1487,1487,3876609,4199288,2026-10-01,2026-12-18,763.04,0,322679,529252790,71235277,0.793437102145461,85.0774099839889,0.076841359773371
759.92,774,2965,2971,3157725,4183168,2026-10-01,2026-10-16,763.04,6,1025443,353058462,80809152,1.18483720126782,71.5045093579998,0.245135504957009
671.03,675,10816,10479,3926208,4160163,2026-10-01,2026-12-18,763.04,-337,233955.000000001,529252790,71235277,0.786044604507423,85.8634545884964,0.0562369791760564
707.29,715,5317,5246,3610243,4044666,2026-10-01,2026-12-18,763.04,-71,434423,529252790,71235277,0.764221951479935,86.6276765399763,0.107406396473775
757.75,790,1222,1222,3409380,3940950,2026-10-01,2026-12-18,763.04,0,531570.000000001,529252790,71235277,0.744625266878612,87.3723018068549,0.134883720930233
758.15,769,3758,3629,3145446,3937465,2026-10-01,2026-10-16,763.04,-129,792019.000000001,353058462,80809152,1.11524447755624,72.619753835556,0.201149470534976
705.77,710,9243,9247,3308994,3911481,2026-10-01,2026-11-20,763.04,4,602487.000000001,451091708,86025104,0.867114365134817,86.8365394559636,0.154030404340453
760.62,770,3845,3972,2614600,3725736,2026-10-01,2026-10-09,763.04,127,1111136,87098388,26450019,4.27761762938713,52.9814662011885,0.298232617662658
755.63,760,6545,8392,2061675,3667304,2026-10-01,2026-10-09,763.04,1847,1605629,87098388,26450019,4.21053027984858,57.1919964810371,0.437822716633254
755.96,767,3264,3293,2852736,3635472,2026-10-01,2026-10-23,763.04,29,782736,90832255,18310549,4.00240201016698,47.3512013986662,0.215305192833283
760.16,772,2827,3063,2552781,3626592,2026-10-01,2026-10-16,763.04,236,1073811,353058462,80809152,1.02719305450325,73.6469468900592,0.296093687958282
705.31,707,21326,21330,3177574,3604770,2026-10-01,2026-10-30,763.04,4,427196,234901454,52625378,1.53458820225097,64.4010883815134,0.118508531750985
724.06,727,12014,12049,2991486,3542406,2026-10-01,2026-10-30,763.04,35,550920,234901454,52625378,1.5080391967263,65.9091275782397,0.155521416799768
569.77,570,150815,150615,2563855,3464145,2026-10-01,2026-10-30,763.04,-200,900290,234901454,52625378,1.47472267242756,67.3838502506672,0.259888082051993
762.77,770,4375,4747,1960000,3432081,2026-10-01,2026-10-02,763.04,372,1472081,38516943,13375764,8.91057475667267,25.0046401657577,0.428917907240534
701.21,705,8501,9053,2677815,3431087,2026-10-01,2026-11-20,763.04,552,753272.000000001,451091708,86025104,0.760618503765536,87.5971579597291,0.21954325261936
680.33,685,6925,6968,2846175,3254056,2026-10-01,2026-12-18,763.04,43,407881,529252790,71235277,0.614839649688006,87.9871414565429,0.125345415075831
747.96,752,8014,7990,2780858,3227960,2026-10-01,2026-10-16,763.04,-24,447102,353058462,80809152,0.914284841585244,74.5612317316445,0.138509151290598
760.3,768,2178,4171,1285020,3211670,2026-10-01,2026-10-09,763.04,1993,1926650,87098388,26450019,3.68740463945211,60.8794011204892,0.599890399698599
759.26,771,2844,2675,2880972,3140450,2026-10-01,2026-10-23,763.04,-169,259478,90832255,18310549,3.45741719172336,50.8086185903895,0.0826244646467863
719.08,720,34216,33866,2566200,3115672,2026-10-01,2026-10-16,763.04,-350,549472,353058462,80809152,0.882480477128459,75.443712208773,0.176357459963693
752.8,759,4905,5008,2315160,3104960,2026-10-01,2026-10-16,763.04,103,789800,353058462,80809152,0.879446418706713,76.3231586274797,0.254367206018757
752.2,758,5442,5225,2481552,3030500,2026-10-01,2026-10-16,763.04,-217,548948.000000001,353058462,80809152,0.858356427100733,77.1815150545804,0.181141065830721
722.89,724,26648,26500,2158488,2941500,2026-10-01,2026-10-16,763.04,-148,783012.000000001,353058462,80809152,0.833148137375617,78.014663191956,0.266194798572157
658.33,660,15964,17546,2362672,2930182,2026-10-01,2026-11-20,763.04,1582,567510,451091708,86025104,0.649575673423817,88.2467336331529,0.193677389322575
698.49,705,4416,4423,2472960,2879373,2026-10-01,2026-12-18,763.04,7,406413,529252790,71235277,0.544044935502371,88.5311863920453,0.141146353737428
726.86,728,25161,25114,2742549,2862996,2026-10-01,2026-10-16,763.04,-47,120447,353058462,80809152,0.810912726402802,78.8255759183588,0.0420702648554172
735.01,740,4252,5531,1785840,2759969,2026-10-01,2026-10-30,763.04,1279,974129,234901454,52625378,1.17494760164405,68.5587978523113,0.352949254140173
698.01,700,15314,13654,2817776,2717146,2026-10-01,2026-11-06,763.04,-1660,-100630,17322238,6830610,15.6858830827749,15.6858830827749,-0.0370351832400615
761.97,767,4399,5334,1328498,2683002,2026-10-01,2026-10-02,763.04,935,1354504,38516943,13375764,6.96577088166109,31.9704110474188,0.504846436938921
755.25,763,3007,3434,1774130,2661350,2026-10-01,2026-10-16,763.04,427,887220,353058462,80809152,0.753798672583579,79.5793745909424,0.333372160745486
758.13,777,1403,1404,1854766,2649348,2026-10-01,2026-10-16,763.04,1,794582.000000001,353058462,80809152,0.750399235580424,80.3297738265228,0.299916054818016
648.54,650,17208,18067,2288664,2637782,2026-10-01,2026-11-20,763.04,859,349118,451091708,86025104,0.584755151384871,88.8314887845378,0.132352863125156
732.17,734,14231,14246,1906954,2607018,2026-10-01,2026-10-16,763.04,15,700064,353058462,80809152,0.738409719804421,81.0681835463272,0.268530558668947
759.56,773,1940,1930,1784800,2593920,2026-10-01,2026-10-16,763.04,-10,809120,353058462,80809152,0.734699852626673,81.8028833989539,0.31192943498643
726.79,734,3592,3558,2165976,2565318,2026-10-01,2026-11-20,763.04,-34,399342,451091708,86025104,0.568691012161101,89.4001797966989,0.155669589501185
758.46,785,955,955,2193635,2534570,2026-10-01,2026-11-20,763.04,0,340935,451091708,86025104,0.561874659864065,89.962054456563,0.134513941220799
754.83,762,3619,3522,2033878,2525274,2026-10-01,2026-10-16,763.04,-97,491396,353058462,80809152,0.715256613789928,82.5181400127439,0.194591161196765
724.68,725,78584,78634,1964600,2516288,2026-10-01,2026-10-09,763.04,50,551688,87098388,26450019,2.88901787711616,63.7684189976053,0.219246763486533
758.7,771,2039,2043,1888114,2512890,2026-10-01,2026-10-16,763.04,4,624776,353058462,80809152,0.711748979408402,83.2298889921522,0.248628471600428
751.74,760,3079,3027,1979797,2500302,2026-10-01,2026-10-23,763.04,-52,520505,90832255,18310549,2.75265873339817,53.5612773237877,0.20817685223625
755.07,765,2152,2455,1730208,2437815,2026-10-01,2026-10-23,763.04,303,707607,90832255,18310549,2.68386488918502,56.2451422129727,0.290262796807797
754.17,761,3465,3560,1888425,2431480,2026-10-01,2026-10-16,763.04,95,543055,353058462,80809152,0.68869047529018,83.9185794674424,0.223343395791863
760.76,800,607,610,1993995,2393640,2026-10-01,2026-11-20,763.04,3,399645,451091708,86025104,0.530632675695293,90.4926871322583,0.166961197172507
765.37,795,787,787,2331881,2331881,2026-10-01,2026-12-18,763.04,0,0,529252790,71235277,0.440598716541485,88.9717851085868,0
758.92,777,1275,1281,1912500,2316048,2026-10-01,2026-10-30,763.04,6,403548,234901454,52625378,0.985965799939238,69.5447636522505,0.174239912126174
736.34,740,6154,6283,1698504,2299578,2026-10-01,2026-10-23,763.04,129,601074.000000001,90832255,18310549,2.53167555952453,58.7768177724972,0.261384480108959
752.69,769,1155,1387,1744050,2262197,2026-10-01,2026-11-20,763.04,232,518147,451091708,86025104,0.501493811542197,90.9941809438005,0.229045923056215
739.28,742,7275,8314,1462275,2261408,2026-10-01,2026-10-16,763.04,1039,799133,353058462,80809152,0.640519416299956,84.5590988837424,0.353378514624517
762.15,768,3623,3849,1242689,2251665,2026-10-01,2026-10-02,763.04,226,1008976,38516943,13375764,5.84590786449485,37.8163189119137,0.448102182162977
759.8,787,518,818,1087800,2224960,2026-10-01,2026-10-30,763.04,300,1137160,234901454,52625378,0.947188687899735,70.4919523401503,0.511092334244211
720.93,722,20651,20652,1714033,2209764,2026-10-01,2026-10-16,763.04,1,495731.000000001,353058462,80809152,0.625891810518339,85.1849906942607,0.22433662599264
757.43,763,4126,3964,1642148,2207948,2026-10-01,2026-10-09,763.04,-162,565800,87098388,26450019,2.53500443659187,66.3034234341972,0.256256035015317
682.52,685,7963,8892,1727971,2205216,2026-10-01,2026-11-20,763.04,929,477245,451091708,86025104,0.488862012067843,91.4830429558683,0.216416441745389
751.99,763,2163,1991,1933722,2192091,2026-10-01,2026-10-30,763.04,-172,258369,234901454,52625378,0.933196011634734,71.425148351785,0.117864176259106
760.86,776,1449,1447,1589553,2190758,2026-10-01,2026-10-16,763.04,-2,601205,353058462,80809152,0.620508566085579,85.8054992603463,0.274427846434887
757.86,772,1503,1546,1953900,2186044,2026-10-01,2026-10-30,763.04,43,232144,234901454,52625378,0.930621740638523,72.3557700924235,0.106193653924624
750.35,766,832,1394,1129024,2181610,2026-10-01,2026-11-20,763.04,562,1052586,451091708,86025104,0.483628929840581,91.9666718857089,0.482481286756111
762.99,774,1695,1969,1303455,2167869,2026-10-01,2026-10-02,763.04,274,864414,38516943,13375764,5.62835165812614,43.4446705700398,0.398739038198341
758.66,775,1193,1312,1685709,2143808,2026-10-01,2026-10-30,763.04,119,458099,234901454,52625378,0.912641434735436,73.268411527159,0.213684714302773
637.36,640,8106,8109,1848168,2140776,2026-10-01,2026-12-18,763.04,3,292608,529252790,71235277,0.404490262583217,89.37627537117,0.136683146672048
642.25,645,8277,7780,2027865,2139500,2026-10-01,2026-12-18,763.04,-497,111635,529252790,71235277,0.404249167963763,89.7805245391338,0.0521780789904182
725.67,727,15865,15792,1649960,2100336,2026-10-01,2026-10-16,763.04,-73,450376,353058462,80809152,0.594897510203282,86.4003967705496,0.214430453032277
752.35,764,943,1802,908109,2099330,2026-10-01,2026-10-30,763.04,859,1191221,234901454,52625378,0.893706686038648,74.1621182131976,0.567429132151687
653.45,655,13272,13465,1831536,2087075,2026-10-01,2026-11-20,763.04,193,255539,451091708,86025104,0.462671993961813,92.4293438796707,0.122438819879497
758.44,760,12462,13354,1246200,2083224,2026-10-01,2026-10-02,763.04,892,837024,38516943,13375764,5.40859122698289,48.8532617970227,0.401792606075967
753.59,771,1144,1181,1724008,2056121,2026-10-01,2026-11-20,763.04,37,332113,451091708,86025104,0.455809974675926,92.8851538543466,0.161524054275016
349.87,350,157924,157934,1579240,2053142,2026-10-01,2026-12-18,763.04,10,473902,529252790,71235277,0.387932201547771,90.1684567406815,0.230817936606431
763.03,772,1629,2280,975771,2045160,2026-10-01,2026-10-02,763.04,651,1069389,38516943,13375764,5.3097671847945,54.1630289818172,0.522887695828199
624.87,625,156601,156692,1879212,2036996,2026-10-01,2026-10-16,763.04,91,157784,353058462,80809152,0.57695713861689,86.9773539091665,0.077459160449996
758.95,770,1808,1826,1806192,2017730,2026-10-01,2026-10-23,763.04,18,211538,90832255,18310549,2.22138049969144,60.9981982721887,0.104839596972836
741.55,750,373,2362,261473,1995890,2026-10-01,2026-11-06,763.04,1989,1734417,17322238,6830610,11.5221254897895,27.2080085725644,0.868994283252083
750.4,753,7555,7637,1359900,1985620,2026-10-01,2026-10-09,763.04,82,625720,87098388,26450019,2.2797436848085,68.5831671190057,0.3151257541725
760.21,776,1262,1255,1583810,1981645,2026-10-01,2026-10-23,763.04,-7,397835,90832255,18310549,2.18165342256448,63.1798516947532,0.200759974667511
760.19,780,975,993,1684800,1967133,2026-10-01,2026-10-30,763.04,18,282333,234901454,52625378,0.837429043755514,74.9995472569531,0.143525120060514
746.12,754,2264,2463,1478392,1940844,2026-10-01,2026-10-30,763.04,199,462452,234901454,52625378,0.826237542148207,75.8257847991013,0.238273658264137
764.24,800,535,535,1907275,1913160,2026-10-01,2026-10-16,763.04,0,5884.99999999977,353058462,80809152,0.541881927758468,87.5192358369249,0.00307606263982091
755.02,768,1104,1430,1200048,1856140,2026-10-01,2026-10-30,763.04,326,656092,234901454,52625378,0.790178165521274,76.6159629646226,0.353471182130658
691.99,695,6130,6159,1667360,1853859,2026-10-01,2026-11-20,763.04,29,186499,451091708,86025104,0.410971642156632,93.2961254965033,0.100600423225283
759.88,775,1229,1223,1457594,1849176,2026-10-01,2026-10-23,763.04,-6,391582,90832255,18310549,2.03581426003351,65.2156659547867,0.211760265112677
748.48,755,2745,2811,1427400,1832772,2026-10-01,2026-10-23,763.04,66,405372,90832255,18310549,2.01775459609585,67.2334205508825,0.221179721209185
651.89,655,5885,5882,1630145,1829302,2026-10-01,2026-12-18,763.04,-3,199157,529252790,71235277,0.345638612505,90.5140953531865,0.108870487213156
762.7,769,1823,2892,709147,1821960,2026-10-01,2026-10-02,763.04,1069,1112813,38516943,13375764,4.730281943715,58.8933109255322,0.610777953412808
603.11,605,9343,9614,1392107,1817046,2026-10-01,2026-12-18,763.04,271,424939,529252790,71235277,0.343322894906232,90.8574182480928,0.233862543931194
757.43,769,1434,1514,1380942,1751698,2026-10-01,2026-10-23,763.04,80,370756,90832255,18310549,1.92849775666144,69.161918307544,0.211655205406411
759.07,773,1285,1256,1440485,1749608,2026-10-01,2026-10-23,763.04,-29,309123,90832255,18310549,1.92619681191445,71.0881151194584,0.176681290894875
755.99,764,2021,2179,1269188,1745379,2026-10-01,2026-10-16,763.04,158,476191,353058462,80809152,0.494359769799258,88.0135956067242,0.272829568821442
752.06,755,6148,5929,1303376,1743126,2026-10-01,2026-10-09,763.04,-219,439750,87098388,26450019,2.00132980647127,70.584496925477,0.252276656994388
763.45,775,1771,1502,1461075,1734810,2026-10-01,2026-10-02,763.04,-269,273735,38516943,13375764,4.50401788116985,63.397328806702,0.157789613848203
754.22,771,829,1019,1006406,1709882,2026-10-01,2026-10-30,763.04,190,703476,234901454,52625378,0.727914608821451,77.3438775734441,0.411417863922774
758.85,778,888,888,1130424,1700520,2026-10-01,2026-10-16,763.04,0,570096,353058462,80809152,0.481653942060168,88.4952495487844,0.335248041775457
751.55,762,1478,1625,1282904,1698125,2026-10-01,2026-10-30,763.04,147,415221,234901454,52625378,0.722909531245388,78.0667871046894,0.244517335296283
736.13,738,7798,8978,1294468,1678886,2026-10-01,2026-10-16,763.04,1180,384418,353058462,80809152,0.475526344982492,88.9707758937669,0.22897206838344
740.97,742,16255,16225,1300400,1671175,2026-10-01,2026-10-09,763.04,-30,370775,87098388,26450019,1.91872092971457,72.5032178551915,0.221864855565695
717.27,720,5852,6119,1281588,1670487,2026-10-01,2026-10-30,763.04,267,388899,234901454,52625378,0.711143746262209,78.7779308509517,0.232805762630897
754.33,767,1078,1318,1118964,1669906,2026-10-01,2026-10-30,763.04,240,550942,234901454,52625378,0.710896408499881,79.4888272594515,0.329923959791749
744.26,748,4381,4419,1169727,1652706,2026-10-01,2026-10-16,763.04,38,482979,353058462,80809152,0.468111142454362,89.4388870362212,0.292235279596008
699.5,700,32849,32693,1412507,1634650,2026-10-01,2026-10-16,763.04,-156,222143,353058462,80809152,0.462996975271478,89.9018840114927,0.135896369253357
748.02,750,8073,8203,1146366,1624194,2026-10-01,2026-10-09,763.04,130,477828,87098388,26450019,1.86478078101744,74.367998636209,0.294193920184412
761.76,779,930,931,1221090,1605044,2026-10-01,2026-10-16,763.04,1,383954,353058462,80809152,0.454611395208536,90.3564954067012,0.239217118035393
749.21,764,831,1066,1095258,1576614,2026-10-01,2026-11-20,763.04,235,481356,451091708,86025104,0.349510747379998,93.6456362438832,0.305309987098935
724.77,726,12841,12740,1271259,1567020,2026-10-01,2026-10-16,763.04,-101,295761,353058462,80809152,0.443841507472493,90.8003369141737,0.188741049890876
588.68,590,11795,11788,1556940,1556016,2026-10-01,2026-12-18,763.04,-7,-924.000000000233,529252790,71235277,0.294002418012761,91.1514206661055,-0.000593824228028653
549,550,15352,15349,1320272,1534900,2026-10-01,2026-12-18,763.04,-3,214628,529252790,71235277,0.290012642162926,91.4414333082684,0.139831910873673
756.28,761,3095,3231,1086345,1525032,2026-10-01,2026-10-09,763.04,136,438687,87098388,26450019,1.7509302238751,76.1189288600841,0.287657570464095
760.35,763,4552,5739,760184,1520835,2026-10-01,2026-10-02,763.04,1187,760651,38516943,13375764,3.94848313896562,67.3458119456677,0.500153534078319
632.61,635,6356,6351,1404676,1517889,2026-10-01,2026-12-18,763.04,-5,113213,529252790,71235277,0.286798488110001,91.7282317963784,0.0745858228104955
756.9,772,943,1001,1028813,1511510,2026-10-01,2026-10-23,763.04,58,482697,90832255,18310549,1.66406746149812,72.7521825809565,0.319347539877341
698.46,700,9642,9765,1234176,1503810,2026-10-01,2026-10-30,763.04,123,269634,234901454,52625378,0.640187608204418,80.129014867656,0.1793005765356
761.46,790,633,525,1334997,1498350,2026-10-01,2026-10-16,763.04,-108,163353,353058462,80809152,0.424391470894698,91.2247283850684,0.109021924116528
756.82,768,1273,1328,1192801,1484704,2026-10-01,2026-10-23,763.04,55,291903,90832255,18310549,1.63455591848953,74.386738499446,0.19660686574563
749.16,754,2529,3055,998955,1478620,2026-10-01,2026-10-16,763.04,526,479665,353058462,80809152,0.418803161273614,91.643531546342,0.324400454477824
755.26,773,822,829,1080930,1470646,2026-10-01,2026-10-30,763.04,7,389716,234901454,52625378,0.626069347361298,80.7550842150173,0.264996470938622
683.82,685,12487,12444,1123830,1468392,2026-10-01,2026-10-30,763.04,-43,344562,234901454,52625378,0.625109796042386,81.3801940110596,0.234652599578314
743.62,747,4418,4343,1117754,1467934,2026-10-01,2026-10-16,763.04,-75,350180,353058462,80809152,0.415776467071337,92.0593080134134,0.23855295946548
761.8,771,1378,1582,1069328,1455440,2026-10-01,2026-10-09,763.04,204,386112,87098388,26450019,1.67102977841565,77.7899586384997,0.265288847358874
758.4,765,2030,2193,956130,1447380,2026-10-01,2026-10-09,763.04,163,491250,87098388,26450019,1.66177587580611,79.4517345143058,0.339406375658086
750.68,756,2378,2701,967846,1436932,2026-10-01,2026-10-16,763.04,323,469086,353058462,80809152,0.406995485070685,92.4663034984841,0.326449685858482
761.76,766,2713,3342,702667,1417008,2026-10-01,2026-10-02,763.04,629,714341,38516943,13375764,3.67892124772207,71.0247331933897,0.504119242798912
744.71,750,2605,2650,1125360,1401850,2026-10-01,2026-10-23,763.04,45,276490,90832255,18310549,1.54333942276342,75.9300779222095,0.197232228840461
761.61,788,531,531,1401309,1401309,2026-10-01,2026-10-30,763.04,0,0,234901454,52625378,0.596551862978251,81.9767458740379,0
762.22,773,1411,1299,1000399,1400322,2026-10-01,2026-10-02,763.04,-112,399923,38516943,13375764,3.63560005268331,74.660333246073,0.285593599186473
558.87,560,12217,12216,1160615,1380408,2026-10-01,2026-12-18,763.04,-1,219793,529252790,71235277,0.260822054428849,91.9890538508073,0.159223215165371
672.89,675,6217,6362,1162579,1342382,2026-10-01,2026-11-20,763.04,145,179803,451091708,86025104,0.297585164212329,93.9432214080956,0.133943244173417
578.7,580,10306,10311,1267638,1340430,2026-10-01,2026-12-18,763.04,5,72792,529252790,71235277,0.253268386171379,92.2423222369787,0.0543049618406034
759.08,778,706,706,1129600,1335752,2026-10-01,2026-10-23,763.04,0,206152,90832255,18310549,1.47057011851132,77.4006480407208,0.154334038054968
709.34,710,19853,19689,1091915,1299474,2026-10-01,2026-10-16,763.04,-164,207559,353058462,80809152,0.368061989688269,92.8343654881723,0.159725396583541
754.95,774,597,680,830427,1295400,2026-10-01,2026-10-30,763.04,83,464973,234901454,52625378,0.551465296591991,82.5282111706299,0.358941639647985
752.11,768,448,815,649152,1295035,2026-10-01,2026-11-20,763.04,367,645883,451091708,86025104,0.287089072362199,94.2303104804578,0.498737871949407
758.95,766,1309,1823,657118,1285215,2026-10-01,2026-10-09,763.04,514,628097,87098388,26450019,1.47558988118127,80.9273243954871,0.488709671144517
756.97,762,2311,2543,924400,1279129,2026-10-01,2026-10-09,763.04,232,354729,87098388,26450019,1.46860238102225,82.3959267765094,0.277320739346852
746.85,751,3116,3081,944148,1278615,2026-10-01,2026-10-16,763.04,-35,334467,353058462,80809152,0.362153902998649,93.196519391171,0.261585387313617
760.45,790,432,432,1221696,1276560,2026-10-01,2026-10-30,763.04,0,54864,234901454,52625378,0.543444912009783,83.0716560826397,0.0429780033840948
762.93,810,274,262,1164226,1233234,2026-10-01,2026-12-18,763.04,-12,69008,529252790,71235277,0.233014170789728,92.4753364077684,0.0559569392345654
751.14,774,734,539,1465798,1232154,2026-10-01,2026-12-18,763.04,-195,-233644,529252790,71235277,0.232810109513074,92.7081465172815,-0.189622401095967
753.86,766,904,1011,910328,1227354,2026-10-01,2026-10-30,763.04,107,317026,234901454,52625378,0.522497404379626,83.5941534870193,0.258300376256565
703.39,705,1651,7601,239395,1223761,2026-10-01,2026-10-30,763.04,5950,984366,234901454,52625378,0.520967826789186,84.1151213138085,0.804377652172279
524.96,525,301723,301761,603446,1207044,2026-10-01,2026-10-16,763.04,38,603598,353058462,80809152,0.341882189471499,93.5384015806425,0.500062963736202
613.08,615,6763,6225,1149710,1195200,2026-10-01,2026-12-18,763.04,-538,45490,529252790,71235277,0.225827812830236,92.9339743301117,0.0380605756358768
760.88,764,2975,3827,577150,1194024,2026-10-01,2026-10-02,763.04,852,616874,38516943,13375764,3.09999679881137,77.7603300448844,0.516634506509082
721.16,725,715,3107,237380,1193088,2026-10-01,2026-11-06,763.04,2392,955708,17322238,6830610,6.88760886439731,34.0956174369617,0.801037308228731
749.96,773,435,513,853905,1181952,2026-10-01,2026-12-18,763.04,78,328047,529252790,71235277,0.223324661169949,93.1572989912816,0.277546803931124
750.91,767,403,732,559364,1177788,2026-10-01,2026-11-20,763.04,329,618424,451091708,86025104,0.261097240120406,94.4914077205782,0.525072423899717
760.01,792,368,368,907120,1177232,2026-10-01,2026-10-30,763.04,0,270112,234901454,52625378,0.50115994599165,84.6162812598001,0.229446702094405
739.75,746,1802,1876,902802,1172500,2026-10-01,2026-10-30,763.04,74,269698,234901454,52625378,0.499145484216543,85.1154267440167,0.230019616204691
713.55,715,8031,8079,979782,1171455,2026-10-01,2026-10-23,763.04,48,191673,90832255,18310549,1.28969053999595,78.6903385807167,0.163619601265093
740.25,743,2771,4245,573597,1167375,2026-10-01,2026-10-16,763.04,1474,593778,353058462,80809152,0.330646373234357,93.8690479538768,0.50864375200771
499.41,500,19732,19751,1065528,1165309,2026-10-01,2026-12-18,763.04,19,99781,529252790,71235277,0.220180039107588,93.3774790303892,0.0856262158792217
749,758,1206,1286,908118,1157400,2026-10-01,2026-10-30,763.04,80,249282,234901454,52625378,0.492717256658616,85.6081440006753,0.215381026438569
738.39,741,4203,4430,785961,1156230,2026-10-01,2026-10-16,763.04,227,370269,353058462,80809152,0.327489672234509,94.1965376261113,0.320238187903791
746.64,766,563,592,975116,1146112,2026-10-01,2026-12-18,763.04,29,170996,529252790,71235277,0.216552849915066,93.5940318803043,0.149196588117043
734.89,737,5405,5402,799940,1139822,2026-10-01,2026-10-16,763.04,-3,339882,353058462,80809152,0.322842283270355,94.5193799093817,0.298188664545868
748.89,771,439,497,826198,1098867,2026-10-01,2026-12-18,763.04,58,272669,529252790,71235277,0.207626113789594,93.8016579940939,0.248136489675275
747.87,757,1149,1166,833025,1064558,2026-10-01,2026-10-30,763.04,17,231533,234901454,52625378,0.453193448517352,86.0613374491926,0.217492142278768
579.41,580,17652,17642,935556,1040878,2026-10-01,2026-11-20,763.04,-10,105322,451091708,86025104,0.230746427287464,94.7221541478657,0.1011857297397
765.8,880,91,91,1052779,1039220,2026-10-01,2026-10-16,763.04,0,-13558.9999999999,353058462,80809152,0.294347852226241,94.8137277616079,-0.013047285464098
668.04,670,5135,5202,924300,1019592,2026-10-01,2026-11-20,763.04,67,95292,451091708,86025104,0.226027652895805,94.9481818007614,0.0934609137772756
762.87,771,1213,1246,651381,1012998,2026-10-01,2026-10-02,763.04,33,361617,38516943,13375764,2.63000622868746,80.3903362735719,0.356977012787784
757.76,776,549,549,763659,1001376,2026-10-01,2026-10-30,763.04,0,237717,234901454,52625378,0.42629621185742,86.4876336610501,0.237390350877193
757.9,764,960,1634,416640,996740,2026-10-01,2026-10-09,763.04,674,580100,87098388,26450019,1.14438398102155,83.5403107575309,0.581997311234625
573.72,575,7723,7724,872699,988672,2026-10-01,2026-12-18,763.04,1,115973,529252790,71235277,0.186805250473975,93.9884632445679,0.117301794730709
763,772,1135,1091,922755,981900,2026-10-01,2026-10-09,763.04,-44,59144.9999999999,87098388,26450019,1.127345778202,84.6676565357329,0.0602352581729299
744.33,752,1143,1252,694944,960284,2026-10-01,2026-10-30,763.04,109,265340,234901454,52625378,0.408802918691172,86.8964365797412,0.276314090414919
749.41,759,855,1000,666900,959000,2026-10-01,2026-10-30,763.04,145,292100,234901454,52625378,0.408256306493531,87.3046928862348,0.30458811261731
708.86,710,8268,8387,835068,956118,2026-10-01,2026-10-23,763.04,119,121050,90832255,18310549,1.05261946871186,79.7429580494286,0.126605711847282
762.18,781,506,506,950774,952292,2026-10-01,2026-10-16,763.04,0,1518,353058462,80809152,0.269726434145062,95.083454195753,0.00159404888416578
745.07,749,2473,2417,714697,949881,2026-10-01,2026-10-16,763.04,-56,235184,353058462,80809152,0.269043544408801,95.3524977401618,0.247593119559187
449.64,450,26247,26252,813657,945072,2026-10-01,2026-12-18,763.04,5,131415,529252790,71235277,0.178567221157209,94.1670304657251,0.139052897557011
759.69,774,757,654,871307,935874,2026-10-01,2026-10-23,763.04,-103,64567,90832255,18310549,1.03033223165053,80.7732902810791,0.0689911248736475
761.33,773,889,791,688975,923097,2026-10-01,2026-10-09,763.04,-98,234122,87098388,26450019,1.05983247359297,85.7274890093259,0.253626650287023
749.04,756,1255,1318,678955,917328,2026-10-01,2026-10-23,763.04,63,238373,90832255,18310549,1.00991437457982,81.783204655659,0.259855798580224
755.17,769,386,662,435408,915546,2026-10-01,2026-10-30,763.04,276,480138,234901454,52625378,0.389757485281466,87.6944503715162,0.524428046215046
741.23,744,3108,3290,693084,911330,2026-10-01,2026-10-16,763.04,182,218246,353058462,80809152,0.25812438960888,95.6106221297707,0.239480758890852
379.94,380,150509,150509,752545,903054,2026-10-01,2026-11-20,763.04,0,150509,451091708,86025104,0.200192994902048,95.1483747956635,0.166666666666666
679.73,680,32601,33259,847626,897993,2026-10-01,2026-10-16,763.04,658,50367,353058462,80809152,0.254346828259848,95.8649689580305,0.0560884104887232
583.53,585,5892,5964,730608,876708,2026-10-01,2026-12-18,763.04,72,146100,529252790,71235277,0.165650142345022,94.3326806080701,0.166646135315293
759.75,762,3909,3863,539442,869175,2026-10-01,2026-10-02,763.04,-46,329733,38516943,13375764,2.25660432085693,82.6469405944288,0.379363189231168
519.27,520,11792,11789,754688,860597,2026-10-01,2026-12-18,763.04,-3,105909,529252790,71235277,0.162606039355976,94.4952866474261,0.123064570292483
715.2,716,10745,10745,719915,859600,2026-10-01,2026-10-16,763.04,0,139685,353058462,80809152,0.243472425255169,96.1084413832857,0.1625
748.01,767,346,450,617610,854550,2026-10-01,2026-12-18,763.04,104,236940,529252790,71235277,0.161463485152341,94.6567501325784,0.277268737932245
743.76,751,1049,1165,593734,843460,2026-10-01,2026-10-30,763.04,116,249726,234901454,52625378,0.359069722914529,88.0535200944308,0.296073317051194
755.76,779,356,359,665364,834316,2026-10-01,2026-11-20,763.04,3,168952,451091708,86025104,0.18495485179701,95.3333296474605,0.202503607745746
724.84,732,1104,1163,622656,832708,2026-10-01,2026-11-20,763.04,59,210052,451091708,86025104,0.184598383262678,95.5179280307232,0.252251689667927
751.47,778,46,306,102810,811818,2026-10-01,2026-12-18,763.04,260,709008,529252790,71235277,0.153389460639404,94.8101395932178,0.873358314301974
753.32,762,1154,935,820494,811580,2026-10-01,2026-10-23,763.04,-219,-8914,90832255,18310549,0.89349317596486,82.6766978316238,-0.0109835136400601
750.84,761,710,794,591430,806704,2026-10-01,2026-10-30,763.04,84,215274,234901454,52625378,0.343422310191405,88.3969424046222,0.266856244669668
762.26,776,754,580,692172,796920,2026-10-01,2026-10-02,763.04,-174,104748,38516943,13375764,2.06901155161769,84.7159521460465,0.131441048034935
732.1,735,2709,2716,582435,787640,2026-10-01,2026-10-23,763.04,7,205205,90832255,18310549,0.867136899772003,83.5438347313958,0.260531461073587
759.41,779,399,401,592116,785559,2026-10-01,2026-10-23,763.04,2,193443,90832255,18310549,0.864845863399516,84.4086805947953,0.246248849545356
754.44,755,14048,13900,618112,778400,2026-10-01,2026-10-02,763.04,-148,160288,38516943,13375764,2.02092881566432,86.7368809617108,0.205919835560123
727.71,730,4108,3396,727116,777684,2026-10-01,2026-10-23,763.04,-712,50568,90832255,18310549,0.856176035704497,85.2648566304998,0.0650238400172821
754.79,759,1608,1842,469536,775482,2026-10-01,2026-10-09,763.04,234,305946,87098388,26450019,0.890351724994038,86.6178407343199,0.394523663992201
750.89,758,956,1073,576468,762903,2026-10-01,2026-10-23,763.04,117,186435,90832255,18310549,0.839903181969885,86.1047598124697,0.244375759434686
736.76,739,3418,3387,563970,758688,2026-10-01,2026-10-16,763.04,-31,194718,353058462,80809152,0.214890190055833,96.3233315733415,0.256650955333418
758.14,787,259,259,676767,747474,2026-10-01,2026-11-20,763.04,0,70707,451091708,86025104,0.165703334098972,95.6836313648222,0.0945945945945946
719.19,729,102,759,85272,744579,2026-10-01,2026-12-18,763.04,657,659307,529252790,71235277,0.140684945657065,94.9508245388749,0.885476222133582
763.48,805,178,178,739056,739056,2026-10-01,2026-12-18,763.04,0,0,529252790,71235277,0.139641398961732,95.0904659378366,0
760.69,769,822,887,543342,737097,2026-10-01,2026-10-09,763.04,65,193755,87098388,26450019,0.846280874911256,87.4641216092312,0.262862282711773
736.51,746,703,766,547637,726934,2026-10-01,2026-11-20,763.04,63,179297,451091708,86025104,0.161149936278589,95.8447813011008,0.2466482514231
712.63,715,3017,3065,561162,726405,2026-10-01,2026-10-30,763.04,48,165243,234901454,52625378,0.309238188027563,88.7061805926497,0.227480537716563
649.1,650,453,8067,33975,726030,2026-10-01,2026-11-06,763.04,7614,692055,17322238,6830610,4.1913175422252,38.2869349791869,0.953204413040783
762.55,777,536,502,545648,725390,2026-10-01,2026-10-09,763.04,-34,179742,87098388,26450019,0.832839753589929,88.2969613628211,0.247786707839921
726.52,733,1084,1116,631972,723168,2026-10-01,2026-11-20,763.04,32,91196,451091708,86025104,0.160315072783382,96.0050963738841,0.126106243639099
755.29,766,542,675,455822,722925,2026-10-01,2026-10-23,763.04,133,267103,90832255,18310549,0.795890182402716,86.9006499948724,0.36947539509631
755,770,408,472,533256,708000,2026-10-01,2026-11-06,763.04,64,174744,17322238,6830610,4.08723168449712,42.374166663684,0.246813559322034
748.2,763,474,471,566904,697080,2026-10-01,2026-11-20,763.04,-3,130176,451091708,86025104,0.154531769845789,96.1596281437299,0.186744706489929
759.65,779,356,360,555360,696600,2026-10-01,2026-10-30,763.04,4,141240,234901454,52625378,0.296549888533257,89.002730481183,0.20275624461671
748.35,769,333,337,612720,695905,2026-10-01,2026-12-18,763.04,4,83184.9999999999,529252790,71235277,0.131488206231279,95.2219541440679,0.119534994000618
760.4,782,320,320,693760,691200,2026-10-01,2026-10-30,763.04,0,-2560,234901454,52625378,0.294251052188038,89.296981533371,-0.0037037037037037
704.48,705,13334,13285,600030,690820,2026-10-01,2026-10-16,763.04,-49,90790,353058462,80809152,0.195667311324774,96.5189988846663,0.131423525665152
568.78,570,5608,5630,605664,686860,2026-10-01,2026-12-18,763.04,22,81196,529252790,71235277,0.129779193039304,95.3517333371072,0.118213318580206
751.93,777,191,269,408358,674383,2026-10-01,2026-12-18,763.04,78,266025,529252790,71235277,0.127421718457072,95.4791550555643,0.394471687453569
689.66,690,19509,19797,663306,673098,2026-10-01,2026-10-16,763.04,288,9792,353058462,80809152,0.190647746038162,96.7096466307045,0.0145476587361721
742.53,749,859,1040,440667,672880,2026-10-01,2026-10-30,763.04,181,232213,234901454,52625378,0.286452037031665,89.5834335704027,0.345103138746879
764.05,781,394,396,667830,671220,2026-10-01,2026-10-30,763.04,2,3390.00000000012,234901454,52625378,0.285745357710728,89.8691789281134,0.00505050505050522
734.43,744,666,701,484182,670857,2026-10-01,2026-11-20,763.04,35,186675,451091708,86025104,0.148718539512591,96.3083466832425,0.278263474928338
752.71,756,2391,2030,547539,667870,2026-10-01,2026-10-09,763.04,-361,120331,87098388,26450019,0.766799495761047,89.0637608585822,0.18017129082007
753.56,757,1836,1937,455328,666328,2026-10-01,2026-10-09,763.04,101,211000,87098388,26450019,0.765029084120363,89.8287899427025,0.316660863718769
714.18,715,8267,8122,529088,666004,2026-10-01,2026-10-16,763.04,-145,136916,353058462,80809152,0.188638447079623,96.8982850777841,0.205578344874806
754.05,764,617,669,502855,665655,2026-10-01,2026-10-23,763.04,52,162800,90832255,18310549,0.732839892613037,87.6334898874855,0.244571136699942
759.25,777,361,370,467495,656750,2026-10-01,2026-10-23,763.04,9,189255,90832255,18310549,0.723036106502035,88.3565259939875,0.288169014084507
599.7,600,21765,21781,565890,653430,2026-10-01,2026-10-30,763.04,16,87540,234901454,52625378,0.278171969084534,90.1473508971979,0.133969973830403
748.75,751,2531,2898,394836,652050,2026-10-01,2026-10-09,763.04,367,257214,87098388,26450019,0.748636128604355,90.5774260713069,0.394469749252358
759.06,795,181,181,570331,650514,2026-10-01,2026-11-20,763.04,0,80183,451091708,86025104,0.144208813521352,96.4525554967639,0.123260990539789
741.51,748,921,997,499182,647053,2026-10-01,2026-10-30,763.04,76,147871,234901454,52625378,0.275457213645004,90.4228081108429,0.228529965860602
760.16,794,190,191,508060,646344,2026-10-01,2026-10-30,763.04,1,138284,234901454,52625378,0.275155384947085,90.69796349579,0.213947990543735
593.43,595,3980,4077,549240,640089,2026-10-01,2026-12-18,763.04,97,90849,529252790,71235277,0.120942017140807,95.6000970727051,0.141931825105571
760.98,789,225,225,539325,630450,2026-10-01,2026-10-30,763.04,0,91125,234901454,52625378,0.268389143304324,90.9663526390944,0.144539614561028
746.2,764,340,353,546720,628340,2026-10-01,2026-12-18,763.04,13,81620,529252790,71235277,0.118722094974691,95.7188191676798,0.129897826017761
751.26,759,774,811,481428,627714,2026-10-01,2026-10-23,763.04,37,146286,90832255,18310549,0.691069488476313,89.0475954824638,0.23304562268804
688.89,690,5529,5640,580545,626040,2026-10-01,2026-10-30,763.04,111,45495,234901454,52625378,0.266511760289061,91.2328643993834,0.0726710753306498
389.94,390,104317,104337,625902,626022,2026-10-01,2026-11-20,763.04,20,119.999999999884,451091708,86025104,0.138779318905148,96.591334815669,0.000191686554146473
740.73,747,940,998,480340,625746,2026-10-01,2026-10-30,763.04,58,145406,234901454,52625378,0.266386601421377,91.4992510008048,0.232372240493746
739.09,740,6903,6843,469404,622713,2026-10-01,2026-10-09,763.04,-60,153309,87098388,26450019,0.714953530483251,91.2923796017901,0.246195277760381
743.18,746,2108,2185,518568,616170,2026-10-01,2026-10-16,763.04,77,97602,353058462,80809152,0.17452350426882,97.0728085820529,0.158401090608111
721.98,723,6095,6023,475410,614346,2026-10-01,2026-10-16,763.04,-72,138936,353058462,80809152,0.17400687594906,97.246815458002,0.226152689201199
399.92,400,76108,76761,456648,614088,2026-10-01,2026-11-20,763.04,653,157440,451091708,86025104,0.136133737133559,96.7274685528026,0.256380193066792
744.01,761,351,359,536679,609941,2026-10-01,2026-12-18,763.04,8,73262,529252790,71235277,0.115245684392141,95.8340648520719,0.120113256855991
399.79,400,28780,28774,546820,604254,2026-10-01,2026-12-18,763.04,-6,57434,529252790,71235277,0.114171150614057,95.948236002686,0.0950494328543957
737.53,743,1097,1101,485971,602247,2026-10-01,2026-10-30,763.04,4,116276,234901454,52625378,0.256382831925766,91.7556338327306,0.193070285115575
738.57,744,1072,1109,508128,602187,2026-10-01,2026-10-30,763.04,37,94059,234901454,52625378,0.256357289299708,92.0119911220303,0.156195666794534
754.12,758,1503,1546,402804,599848,2026-10-01,2026-10-09,763.04,43,197044,87098388,26450019,0.68870160949477,91.9810812112849,0.328489884103973
594.72,595,21347,21347,747145,597716,2026-10-01,2026-10-30,763.04,0,-149429,234901454,52625378,0.254453937947953,92.2664450599782,-0.25
734.38,735,9566,9591,468734,594642,2026-10-01,2026-10-09,763.04,25,125908,87098388,26450019,0.682724460985432,92.6638056722703,0.211737482384359
756.94,758,4684,5543,351300,587558,2026-10-01,2026-10-02,763.04,859,236258,38516943,13375764,1.52545335698111,88.2623343186919,0.402101579758934
730.3,742,112,502,123536,587340,2026-10-01,2026-12-18,763.04,390,463804,529252790,71235277,0.110975324286906,96.0592113269729,0.789668675724453
707.94,710,2770,2825,454280,581950,2026-10-01,2026-10-30,763.04,55,127670,234901454,52625378,0.247742187240782,92.514187247219,0.219383108514477
759.11,761,2578,3061,311938,578529,2026-10-01,2026-10-02,763.04,483,266591,38516943,13375764,1.50201172507382,89.7643460437657,0.460808360514339
765.82,784,315,315,572670,572670,2026-10-01,2026-10-30,763.04,0,0,234901454,52625378,0.24379159441048,92.7579788416295,0
745.29,753,696,741,448224,571311,2026-10-01,2026-10-30,763.04,45,123087,234901454,52625378,0.243213053930266,93.0011918955597,0.215446578133451
629.83,630,33462,33455,401544,568735,2026-10-01,2026-10-16,763.04,-7,167191,353058462,80809152,0.161088052323754,97.4079035103257,0.293969950855847
733.26,738,1201,1197,437164,567378,2026-10-01,2026-10-30,763.04,-4,130214,234901454,52625378,0.241538734792165,93.2427306303519,0.229501320107583
544.05,545,5823,5908,489132,561260,2026-10-01,2026-12-18,763.04,85,72128,529252790,71235277,0.10604762234697,96.1652589493199,0.128510850586181
489.49,490,10973,10968,515731,559368,2026-10-01,2026-12-18,763.04,-5,43637.0000000001,529252790,71235277,0.105690137221572,96.2709490865414,0.0780112555598462
539.09,540,5784,6121,451152,557011,2026-10-01,2026-12-18,763.04,337,105859,529252790,71235277,0.105244792379838,96.3761938789213,0.190048311433706
762.38,774,457,474,440548,550788,2026-10-01,2026-10-09,763.04,17,110240,87098388,26450019,0.632374505025282,93.2961801772956,0.200149603840316
757.7,759,2413,4234,209931,550420,2026-10-01,2026-10-02,763.04,1821,340489,38516943,13375764,1.42903345159038,91.1933794953561,0.618598524762908
763.87,783,283,283,520720,541379,2026-10-01,2026-10-16,763.04,0,20659,353058462,80809152,0.1533397604842,97.5612432708099,0.0381599581808677
663.21,665,2642,2940,420078,526260,2026-10-01,2026-11-20,763.04,298,106182,451091708,86025104,0.11666363860539,96.844132191408,0.201767187321856
747.5,761,289,389,342754,525150,2026-10-01,2026-11-20,763.04,100,182396,451091708,86025104,0.116417568908183,96.9605497603161,0.347321717604494
747.52,756,576,615,393984,521520,2026-10-01,2026-10-30,763.04,39,127536,234901454,52625378,0.222016505696044,93.464747136048,0.24454670961804
529.16,530,6194,6194,433580,520296,2026-10-01,2026-12-18,763.04,0,86716.0000000001,529252790,71235277,0.0983076537017405,96.474501532623,0.166666666666667
747.08,749,2636,2705,366404,519360,2026-10-01,2026-10-09,763.04,69,152956,87098388,26450019,0.596291173609321,93.8924713509049,0.294508626001232
735.84,741,992,1000,410688,516000,2026-10-01,2026-10-30,763.04,8,105312,234901454,52625378,0.219666584098709,93.6844137201467,0.204093023255814
725.46,730,960,1126,376320,511204,2026-10-01,2026-11-06,763.04,166,134884,17322238,6830610,2.95114291813794,45.3253095818219,0.263855525387125
749.56,752,1922,2093,320974,510692,2026-10-01,2026-10-09,763.04,171,189718,87098388,26450019,0.586339209860003,94.4788105607649,0.371492014756448
649.81,650,26885,26868,457045,510492,2026-10-01,2026-10-16,763.04,-17,53446.9999999999,353058462,80809152,0.144591350992743,97.7058346218027,0.104697037367872
747.6,754,816,795,374544,508800,2026-10-01,2026-10-23,763.04,-21,134256,90832255,18310549,0.560153438885779,89.6077489213496,0.263867924528302
748.55,760,405,443,392040,507235,2026-10-01,2026-11-06,763.04,38,115195,17322238,6830610,2.92823017441511,48.253539756237,0.227103807899691
760.73,784,216,217,370656,504959,2026-10-01,2026-10-16,763.04,1,134303,353058462,80809152,0.14302418844163,97.8488588102443,0.26596812810545
740.77,757,278,310,386698,503130,2026-10-01,2026-12-18,763.04,32,116432,529252790,71235277,0.0950642130767039,96.5695657456997,0.231415339971777
762.01,785,217,217,493458,498883,2026-10-01,2026-10-30,763.04,0,5425,234901454,52625378,0.212379698594799,93.8967934187415,0.0108742931709439
752.53,761,457,575,300249,487025,2026-10-01,2026-10-23,763.04,118,186776,90832255,18310549,0.536180677227489,90.1439295985771,0.383503926903136
731.09,743,387,408,414477,485928,2026-10-01,2026-12-18,763.04,21,71451,529252790,71235277,0.0918139704091121,96.6613797161088,0.147040302267002
764.25,778,344,349,390440,479875,2026-10-01,2026-10-09,763.04,5,89435,87098388,26450019,0.550957383964443,95.0297679447294,0.186371450898672
756.09,779,102,209,227664,478819,2026-10-01,2026-12-18,763.04,107,251155,529252790,71235277,0.0904707559501009,96.7518504720589,0.524530146046836
734.09,740,739,807,383541,476937,2026-10-01,2026-11-06,763.04,68,93396,17322238,6830610,2.75332205919351,51.0068618154306,0.195824605765541
649.43,650,8316,8366,432432,476862,2026-10-01,2026-10-30,763.04,50,44430,234901454,52625378,0.203005129121082,94.0997985478626,0.0931716093964292
716.97,718,4624,4593,323680,473079,2026-10-01,2026-10-16,763.04,-31,149399,353058462,80809152,0.133994522414251,97.9828533326586,0.315801377782569
674.68,675,14696,14777,367400,472864,2026-10-01,2026-10-16,763.04,81,105464,353058462,80809152,0.133933625984016,98.1167869586426,0.2230324152399
729.8,735,855,909,370215,472680,2026-10-01,2026-11-06,763.04,54,102465,17322238,6830610,2.72874671275155,53.7356085281821,0.216774562071592
724.98,728,1545,1553,438780,469006,2026-10-01,2026-10-30,763.04,8,30226.0000000001,234901454,52625378,0.199660747949223,94.2994592958118,0.0644469367129633
753.58,776,138,209,288834,468578,2026-10-01,2026-12-18,763.04,71,179744,529252790,71235277,0.0885357637887936,96.8403862358477,0.383594620319349
553.87,555,4144,4144,381248,468272,2026-10-01,2026-12-18,763.04,0,87024,529252790,71235277,0.088477946427075,96.9288641822748,0.185840707964602
762.96,781,253,255,424534,460020,2026-10-01,2026-10-23,763.04,2,35486,90832255,18310549,0.506450049049206,90.6503796476263,0.0771401243424199
686.66,688,3431,3431,373979,459754,2026-10-01,2026-10-30,763.04,0,85775,234901454,52625378,0.195722075011081,94.4951813708228,0.186567164179104
599.19,600,5563,5625,394973,455625,2026-10-01,2026-11-20,763.04,62,60652,451091708,86025104,0.101004960170981,97.0615547204871,0.133118244170096
747.98,762,237,322,290325,451444,2026-10-01,2026-11-20,763.04,85,161119,451091708,86025104,0.100078097644836,97.161632818132,0.356896979470322
693.68,695,3198,3412,370968,450384,2026-10-01,2026-10-30,763.04,214,79416,234901454,52625378,0.191733168241692,94.6869145390646,0.17632953213258
687.62,689,3252,3253,315444,448914,2026-10-01,2026-10-30,763.04,1,133470,234901454,52625378,0.191107373903271,94.8780219129678,0.297317526296796
732.88,746,319,342,361746,448704,2026-10-01,2026-12-18,763.04,23,86958,529252790,71235277,0.0847806584071102,97.0136448406819,0.193798138639281
734.27,739,923,948,341510,448404,2026-10-01,2026-10-30,763.04,25,106894,234901454,52625378,0.190890261581778,95.0689121745496,0.238387703945549
762.5,795,132,137,376200,445250,2026-10-01,2026-10-30,763.04,5,69050,234901454,52625378,0.189547570871996,95.2584597454216,0.15508141493543
754.3,768,195,323,239850,442510,2026-10-01,2026-11-06,763.04,128,202660,17322238,6830610,2.55457753207178,56.2901860602539,0.457978350771734
741.69,753,132,389,119856,439959,2026-10-01,2026-11-20,763.04,257,320103,451091708,86025104,0.0975320521741889,97.2591648703062,0.727574614907298
524.22,525,5644,5622,395080,438516,2026-10-01,2026-12-18,763.04,-22,43436,529252790,71235277,0.082855680364009,97.0965005210459,0.0990522580704011
669.74,670,16859,16848,387757,438048,2026-10-01,2026-10-16,763.04,-11,50291.0000000001,353058462,80809152,0.124072369634919,98.2408593282775,0.114807053108335
762.8,776,326,331,318502,436920,2026-10-01,2026-10-09,763.04,5,118418,87098388,26450019,0.501639594064588,95.531407538794,0.271029021331136
742.12,759,290,255,423980,430440,2026-10-01,2026-12-18,763.04,-35,6459.99999999994,529252790,71235277,0.0813297554841421,97.1778302765301,0.0150078988941547
762.7,780,229,245,288311,423850,2026-10-01,2026-10-09,763.04,16,135539,87098388,26450019,0.486633575813137,96.0180411146071,0.319780582753333
757.4,778,205,205,372895,422300,2026-10-01,2026-10-30,763.04,0,49405,234901454,52625378,0.179777516404815,95.4382372618264,0.116990291262136
747.87,768,134,209,240530,420717,2026-10-01,2026-12-18,763.04,75,180187,529252790,71235277,0.079492637157378,97.2573229136874,0.428285522096802
756.13,757,4878,4784,312192,416208,2026-10-01,2026-10-02,763.04,-94,104016,38516943,13375764,1.08058419901081,92.2739636943669,0.249913504786069
728.57,736,494,556,302822,413108,2026-10-01,2026-11-20,763.04,62,110286,451091708,86025104,0.0915796040303184,97.3507444743365,0.266966507547663
749.91,757,574,577,309386,409093,2026-10-01,2026-10-23,763.04,3,99707.0000000001,90832255,18310549,0.450382961427083,91.1007626090534,0.243726976506565
735.04,749,298,293,352236,409028,2026-10-01,2026-12-18,763.04,-5,56792,529252790,71235277,0.0772840517288534,97.3346069654163,0.138846240355184
744.94,745,68531,68136,753841,408816,2026-10-01,2026-10-02,763.04,-395,-345025,38516943,13375764,1.06139264479011,93.335356339157,-0.84396158663066
409.75,410,16343,16338,375889,408450,2026-10-01,2026-12-18,763.04,-5,32560.9999999999,529252790,71235277,0.0771748411567183,97.411781806573,0.0797184477904271
713.15,714,4758,4745,285480,403325,2026-10-01,2026-10-16,763.04,-13,117845,353058462,80809152,0.114237454532388,98.3550967828099,0.29218372280419
563.75,565,3208,3173,330424,396625,2026-10-01,2026-12-18,763.04,-35,66201,529252790,71235277,0.0749405591229855,97.486722365696,0.166910809959029
762.34,779,234,234,369252,389844,2026-10-01,2026-10-09,763.04,0,20592,87098388,26450019,0.447590373314372,96.4656314879215,0.0528211284513806
469.95,470,77564,77574,310256,387870,2026-10-01,2026-10-30,763.04,10,77614,234901454,52625378,0.165120306151873,95.6033575679783,0.200103127336479
753.45,763,343,406,254849,387730,2026-10-01,2026-10-23,763.04,63,132881,90832255,18310549,0.426863783135187,91.5276263921885,0.342715291568875
718.29,720,2204,2258,299744,386118,2026-10-01,2026-10-23,763.04,54,86374,90832255,18310549,0.425089083167648,91.9527154753562,0.223698454876489
766.5,782,247,248,382850,384400,2026-10-01,2026-10-16,763.04,1,1550,353058462,80809152,0.108877152475671,98.4639739352856,0.00403225806451613
736.89,742,628,750,270668,383250,2026-10-01,2026-10-30,763.04,122,112582,234901454,52625378,0.163153523945407,95.7665110919237,0.293756033920418
654.39,655,207,6221,11385,379481,2026-10-01,2026-10-30,763.04,6014,368096,234901454,52625378,0.161549021318531,95.9280601132422,0.969998497948514
744.16,762,206,212,321772,378208,2026-10-01,2026-12-18,763.04,6,56436,529252790,71235277,0.0714607475191581,97.5581831132152,0.149219477113123
749.71,761,174,328,168606,370312,2026-10-01,2026-11-06,763.04,154,201706,17322238,6830610,2.13778381292302,58.4279698731769,0.54469204346605
752.25,765,181,290,191498,369750,2026-10-01,2026-11-06,763.04,109,178252,17322238,6830610,2.1345394284503,60.5625093016272,0.482087897227857
756.4,774,47,210,81028,369600,2026-10-01,2026-11-20,763.04,163,288572,451091708,86025104,0.0819345586374645,97.4326790329739,0.780768398268398
749.87,772,147,166,282240,367358,2026-10-01,2026-12-18,763.04,19,85118,529252790,71235277,0.0694106874712933,97.6275938006864,0.23170313427229
744.4,746,2092,2287,225936,365920,2026-10-01,2026-10-09,763.04,195,139984,87098388,26450019,0.420122585965655,96.8857540738871,0.382553563620464
749.82,750,18201,20055,364020,360990,2026-10-01,2026-10-02,763.04,1854,-3030,38516943,13375764,0.937223912084612,94.2725802512417,-0.00839358430981468
764.55,790,141,141,358845,358845,2026-10-01,2026-10-23,763.04,0,0,90832255,18310549,0.395063405615109,92.3477788809713,0
710.08,711,3892,3898,260764,358616,2026-10-01,2026-10-16,763.04,6,97852,353058462,80809152,0.101574112674858,98.5655480479604,0.272860106632164
745.63,758,296,286,316128,353782,2026-10-01,2026-11-20,763.04,-10,37654,451091708,86025104,0.0784279546100635,97.511106987584,0.106432774985726
751.55,754,1623,1443,318108,353535,2026-10-01,2026-10-09,763.04,-180,35427.0000000001,87098388,26450019,0.405903034623328,97.2916571085104,0.1002079002079
717.38,723,122,629,56242,353498,2026-10-01,2026-11-20,763.04,507,297256,451091708,86025104,0.0783649962370845,97.5894719838211,0.840898675522917
729.43,737,423,460,267759,348220,2026-10-01,2026-11-20,763.04,37,80461,451091708,86025104,0.0771949459110873,97.6666669297322,0.231063695364999
732.03,736,832,877,295360,348169,2026-10-01,2026-10-30,763.04,45,52809,234901454,52625378,0.148219176199735,96.076279289442,0.151676341087231
745.68,759,221,259,235144,344988,2026-10-01,2026-11-20,763.04,38,109844,451091708,86025104,0.0764784618918333,97.743145391624,0.318399480561643
760.16,793,104,105,312000,344820,2026-10-01,2026-10-30,763.04,1,32820,234901454,52625378,0.146793471955265,96.2230727613972,0.0951800939620672
728.15,732,702,888,209898,341880,2026-10-01,2026-10-30,763.04,186,131982,234901454,52625378,0.145541883278424,96.3686146446756,0.386047736047736
738.76,749,172,329,149640,336896,2026-10-01,2026-11-20,763.04,157,187256,451091708,86025104,0.0746845916307555,97.8178299832548,0.555827317629179
736.47,751,174,225,224808,326925,2026-10-01,2026-12-18,763.04,51,102117,529252790,71235277,0.0617710489537523,97.6893648496402,0.312356044964441
729.53,731,2157,2210,269625,324870,2026-10-01,2026-10-16,763.04,53,55245,353058462,80809152,0.0920159222808828,98.6575639702413,0.170052636439191
469.53,470,6897,6897,282777,324159,2026-10-01,2026-12-18,763.04,0,41381.9999999999,529252790,71235277,0.0612484253507667,97.750613274991,0.127659574468085
737.2,738,4080,4047,216240,323760,2026-10-01,2026-10-09,763.04,-33,107520,87098388,26450019,0.371717556931134,97.6633746654416,0.332097850259452
731,744,238,249,265846,323700,2026-10-01,2026-12-18,763.04,11,57854,529252790,71235277,0.0611616993081888,97.8117749742992,0.178727216558542
514.29,515,4555,4555,277855,323405,2026-10-01,2026-12-18,763.04,0,45550,529252790,71235277,0.0611059603483621,97.8728809346475,0.140845070422535
769.76,812,75,75,316800,316800,2026-10-01,2026-12-18,763.04,0,0,529252790,71235277,0.0598579744851227,97.9327389091326,0
715.24,718,1123,1140,229092,314640,2026-10-01,2026-10-30,763.04,17,85548,234901454,52625378,0.133945531048096,96.5025601757237,0.271891685736079
747.05,753,518,524,247086,311780,2026-10-01,2026-10-23,763.04,6,64694,90832255,18310549,0.343248111587673,92.691026992559,0.207498877413561
745.28,755,274,320,222488,311040,2026-10-01,2026-11-06,763.04,46,88552,17322238,6830610,1.79561093664687,62.3581202382741,0.284696502057613
723.33,734,282,291,254082,310497,2026-10-01,2026-12-18,763.04,9,56415,529252790,71235277,0.0586670502010958,97.9914059593337,0.181692576739872
534.08,535,3351,3373,264729,310316,2026-10-01,2026-12-18,763.04,22,45587.0000000001,529252790,71235277,0.0586328510426936,98.0500388103764,0.146905090295054
720.86,731,154,304,137368,308256,2026-10-01,2026-12-18,763.04,150,170888,529252790,71235277,0.0582436230520391,98.1082824334285,0.55437039343922
713.58,716,1222,1269,234624,307098,2026-10-01,2026-10-30,763.04,47,72474,234901454,52625378,0.130734822952607,96.6332949986763,0.235996326905418
694.56,695,7054,6976,253944,306944,2026-10-01,2026-10-16,763.04,-78,53000,353058462,80809152,0.0869385761953498,98.7445025464366,0.172669933277731
739.7,744,529,712,177215,306160,2026-10-01,2026-10-23,763.04,183,128945,90832255,18310549,0.337060882172308,93.0280878747313,0.421168669976483
760.46,815,518,56,2424758,305424,2026-10-01,2026-12-18,763.04,-462,-2119334,529252790,71235277,0.0577085290377024,98.1659909624662,-6.93898973230656
614.04,615,3142,3142,245076,301632,2026-10-01,2026-11-20,763.04,0,56556,451091708,86025104,0.0668671125295879,97.8846970957844,0.1875
742.81,747,775,719,266600,301261,2026-10-01,2026-10-23,763.04,-56,34661,90832255,18310549,0.33166742364813,93.3597552983794,0.115053060303192
729.81,734,712,711,244928,297909,2026-10-01,2026-10-30,763.04,-1,52981,234901454,52625378,0.126822969771826,96.7601179684482,0.177842898334726
704.6,712,395,402,244110,297480,2026-10-01,2026-12-18,763.04,7,53370,529252790,71235277,0.0562075449805376,98.2221985074467,0.179407018959258
741.52,758,155,180,219790,296640,2026-10-01,2026-12-18,763.04,25,76850,529252790,71235277,0.0560488306542513,98.278247338101,0.259068230852211
720.23,723,1062,1069,233640,296113,2026-10-01,2026-10-30,763.04,7,62473,234901454,52625378,0.126058393831824,96.88617636228,0.210976890578934
711.07,713,1504,1528,263200,294904,2026-10-01,2026-10-30,763.04,24,31704,234901454,52625378,0.125543709916755,97.0117200721968,0.107506171499878
753.52,766,88,234,100144,292032,2026-10-01,2026-11-06,763.04,146,191888,17322238,6830610,1.68587915718512,64.0439993954592,0.657078676309446
684.7,685,9590,9704,268520,291120,2026-10-01,2026-10-16,763.04,114,22600,353058462,80809152,0.0824565989300661,98.8269591453667,0.0776312173674086
643.65,645,2184,2149,255528,290115,2026-10-01,2026-11-20,763.04,-35,34587,451091708,86025104,0.0643139731577598,97.9490110689421,0.119218241042345
744.68,763,147,157,231525,287624,2026-10-01,2026-12-18,763.04,10,56099,529252790,71235277,0.0543452968854449,98.3325926349864,0.195042833699552
721.34,727,287,507,143500,286962,2026-10-01,2026-11-20,763.04,220,143462,451091708,86025104,0.0636150022070457,98.0126260711491,0.499933789142813
710.95,719,348,356,241860,286580,2026-10-01,2026-12-18,763.04,8,44720,529252790,71235277,0.0541480376513462,98.3867406726377,0.156047177053528
633.85,635,2492,2489,259168,286235,2026-10-01,2026-11-20,763.04,-3,27067,451091708,86025104,0.0634538376395959,98.0760799087887,0.0945621604625569
732.48,737,604,629,212004,284308,2026-10-01,2026-10-30,763.04,25,72304,234901454,52625378,0.121032882154914,97.1327529543517,0.25431574208253
509.29,510,3926,3927,227708,278817,2026-10-01,2026-12-18,763.04,1,51109,529252790,71235277,0.0526812527525835,98.4394219253903,0.183306613298328
760.34,778,157,157,277262,277262,2026-10-01,2026-11-06,763.04,0,0,17322238,6830610,1.60061303856927,65.6446124340285,0
734.72,738,847,836,205821,274208,2026-10-01,2026-10-23,763.04,-11,68387,90832255,18310549,0.301883950805801,93.6616392491852,0.249398267008986
753.72,772,75,150,117750,274200,2026-10-01,2026-11-20,763.04,75,156450,451091708,86025104,0.0607858657424047,98.1368657745312,0.570568927789934
730.95,739,307,340,202313,273700,2026-10-01,2026-11-20,763.04,33,71387.0000000001,451091708,86025104,0.0606750235364557,98.1975407980676,0.260822067957618
754.11,776,48,125,84528,273625,2026-10-01,2026-11-20,763.04,77,189097,451091708,86025104,0.0606583972055634,98.2581991952732,0.691080858839653
654.8,655,13558,13655,244044,273100,2026-10-01,2026-10-16,763.04,97,29056,353058462,80809152,0.0773526283587561,98.9043117737255,0.106393262541194
644.15,645,312,3201,21528,272085,2026-10-01,2026-11-06,763.04,2889,250557,17322238,6830610,1.57072660010791,67.2153390341364,0.920877666905563
707.19,708,3353,3350,167650,271350,2026-10-01,2026-10-16,763.04,-3,103700,353058462,80809152,0.0768569597405656,98.981168733466,0.382163257785148
659.78,660,12236,12236,232484,269192,2026-10-01,2026-10-16,763.04,0,36708,353058462,80809152,0.0762457295245341,99.0574144629906,0.136363636363636
737.22,752,171,182,215802,268996,2026-10-01,2026-12-18,763.04,11,53194,529252790,71235277,0.0508256177544194,98.4902475431448,0.197750152418623
755.28,756,3148,3723,163696,268056,2026-10-01,2026-10-02,763.04,575,104360,38516943,13375764,0.695943081464175,94.9685233327058,0.389321634285373
694.17,695,3241,3218,226870,267094,2026-10-01,2026-10-23,763.04,-23,40224,90832255,18310549,0.294051931222009,93.9556911804072,0.150598665638315
753.55,773,49,137,77763,266465,2026-10-01,2026-11-20,763.04,88,188702,451091708,86025104,0.0590711368163744,98.3172703320896,0.708168052089393
738.08,745,326,374,195600,258808,2026-10-01,2026-11-06,763.04,48,63208,17322238,6830610,1.49407946017137,68.7094184943077,0.244227380915582
740.02,756,130,161,179530,257278,2026-10-01,2026-12-18,763.04,31,77748,529252790,71235277,0.0486115529027254,98.5388590960475,0.302194513327995
729.21,733,622,677,189088,256583,2026-10-01,2026-10-30,763.04,55,67495,234901454,52625378,0.109230060363952,97.2419830147156,0.263053281004587
725.89,729,695,818,185565,254398,2026-10-01,2026-10-30,763.04,123,68833,234901454,52625378,0.108299883065007,97.3502828977806,0.270572095692576
699.11,700,2825,2854,228825,254006,2026-10-01,2026-10-23,763.04,29,25181,90832255,18310549,0.279642952825513,94.2353341332328,0.0991354534932246
762.75,780,140,147,215600,253575,2026-10-01,2026-10-23,763.04,7,37975,90832255,18310549,0.279168451779602,94.5145025850123,0.14975845410628
738.25,742,664,672,185256,252000,2026-10-01,2026-10-23,763.04,8,66744,90832255,18310549,0.277434486240598,94.7919370712529,0.264857142857143
691.58,693,1761,1756,190188,249352,2026-10-01,2026-10-30,763.04,-5,59164,234901454,52625378,0.10615174821353,97.4564346459942,0.237271006448715
741.92,752,183,247,169641,248976,2026-10-01,2026-11-20,763.04,64,79335,451091708,86025104,0.055194098136692,98.3724644302262,0.318645170618855
727.24,731,672,660,204960,248160,2026-10-01,2026-10-30,763.04,-12,43200,234901454,52625378,0.105644301375844,97.56207894737,0.174081237911025
559.5,560,4824,4826,197784,241300,2026-10-01,2026-11-20,763.04,2,43516,451091708,86025104,0.0534924485909637,98.4259568788172,0.18033982594281
746.58,752,414,445,195408,241190,2026-10-01,2026-10-23,763.04,31,45782,90832255,18310549,0.265533427525277,95.0574704987782,0.189817156598532
741.3,746,491,507,167922,238290,2026-10-01,2026-10-23,763.04,16,70368,90832255,18310549,0.262340729072508,95.3198112278507,0.295304041294221
696.2,698,1338,1313,168588,236340,2026-10-01,2026-10-30,763.04,-25,67752,234901454,52625378,0.10061240404242,97.6626913514124,0.286671744097487
703.92,705,2185,2186,194465,236088,2026-10-01,2026-10-23,763.04,1,41623,90832255,18310549,0.259916480109406,95.5797277079601,0.176302904001898
743.4,748,514,509,198404,234140,2026-10-01,2026-10-23,763.04,-5,35736,90832255,18310549,0.257771867493546,95.8374995754537,0.152626633637994
737.83,748,190,230,153140,233910,2026-10-01,2026-11-20,763.04,40,80770,451091708,86025104,0.0518542007870382,98.4778110796042,0.345303749305288
746.53,757,219,222,187026,232434,2026-10-01,2026-11-06,763.04,3,45408,17322238,6830610,1.34182430699774,70.0512428013055,0.1953586824647
724.73,731,351,368,200070,230736,2026-10-01,2026-11-20,763.04,17,30666,451091708,86025104,0.0511505744636742,98.5289616540679,0.132905138339921
765.67,791,92,91,224940,230503,2026-10-01,2026-10-30,763.04,-1,5562.99999999997,234901454,52625378,0.0981275322374122,97.7608188836498,0.0241341761278594
718.52,728,236,243,191396,230364,2026-10-01,2026-12-18,763.04,7,38968.0000000001,529252790,71235277,0.0435262703102614,98.5823853663577,0.169158375440607
766.36,786,117,117,229788,229788,2026-10-01,2026-10-16,763.04,0,0,353058462,80809152,0.0650849716781466,99.1224994346687,0
721.9,732,93,226,82398,228260,2026-10-01,2026-12-18,763.04,133,145862,529252790,71235277,0.0431287287120395,98.6255140950698,0.639016910540612
424.72,425,8141,8141,203525,227948,2026-10-01,2026-12-18,763.04,0,24423,529252790,71235277,0.0430697776765617,98.6685838727463,0.107142857142857
729.3,741,176,192,181456,224640,2026-10-01,2026-12-18,763.04,16,43183.9999999999,529252790,71235277,0.0424447455439961,98.7110286182903,0.192236467236467
759.94,783,96,96,175488,221376,2026-10-01,2026-10-30,763.04,0,45888,234901454,52625378,0.0942420731035577,97.8550609567534,0.207285342584562
764.56,785,114,107,210900,218708,2026-10-01,2026-10-23,763.04,-7,7808,90832255,18310549,0.240782308002812,96.0782818834565,0.0357005687949229
514.73,515,8064,8065,201600,217755,2026-10-01,2026-11-20,763.04,1,16155,451091708,86025104,0.0482728891128276,98.5772345431807,0.0741888820004134
714.84,717,990,997,200970,215352,2026-10-01,2026-10-30,763.04,7,14382,234901454,52625378,0.0916775934473356,97.9467385502007,0.066783684386493
733.27,742,217,245,161231,213885,2026-10-01,2026-11-20,763.04,28,52654,451091708,86025104,0.0474149704387827,98.6246495136195,0.246179021436753
738.86,746,198,299,121176,213486,2026-10-01,2026-11-06,763.04,101,92310,17322238,6830610,1.23243890310247,71.2836817044079,0.432393693263259
730.66,738,256,288,169728,211392,2026-10-01,2026-11-20,763.04,32,41664,451091708,86025104,0.0468623111999212,98.6715118248195,0.197093551316985
681.84,683,1819,1822,156434,211352,2026-10-01,2026-10-30,763.04,3,54918,234901454,52625378,0.0899747517101363,98.0367133019109,0.259841402021273
474.53,475,4489,4496,206494,211312,2026-10-01,2026-12-18,763.04,7,4818,529252790,71235277,0.0399264782335866,98.7509550965239,0.0228004088740819
623.9,625,1946,1915,184870,210650,2026-10-01,2026-11-20,763.04,-31,25780,451091708,86025104,0.046697821366293,98.7182096461857,0.122383099928792
733.67,747,47,157,53674,209281,2026-10-01,2026-12-18,763.04,110,155607,529252790,71235277,0.0395427296661015,98.79049782619,0.743531424257338
703.72,711,258,287,161508,208936,2026-10-01,2026-12-18,763.04,29,47428,529252790,71235277,0.0394775434249482,98.829975369615,0.226997740935023
718.56,724,346,379,161928,206176,2026-10-01,2026-11-20,763.04,33,44248,451091708,86025104,0.0457060053074618,98.7639156514932,0.214612758031973
707.92,712,356,504,131008,205632,2026-10-01,2026-11-20,763.04,148,74624,451091708,86025104,0.0455854089873893,98.8095010604806,0.362900715841892
609.1,610,2272,2272,161312,204480,2026-10-01,2026-11-20,763.04,0,43168,451091708,86025104,0.0453300285448829,98.8548310890255,0.211111111111111
714.98,724,131,226,100477,203852,2026-10-01,2026-12-18,763.04,95,103375,529252790,71235277,0.038516943859663,98.8684923134746,0.507108098031906
745.7,751,307,383,135080,202990,2026-10-01,2026-10-23,763.04,76,67910,90832255,18310549,0.223477882388806,96.3017597658453,0.334548499926105
752.64,753,4441,5583,142112,200988,2026-10-01,2026-10-02,763.04,1142,58876,38516943,13375764,0.521817113055935,95.4903404457618,0.292932911417597
722.52,733,103,191,91155,200168,2026-10-01,2026-12-18,763.04,88,109013,529252790,71235277,0.0378208681715216,98.9063131816462,0.544607529675073
679.08,680,2144,2170,175808,199640,2026-10-01,2026-10-30,763.04,26,23832,234901454,52625378,0.0849888311036168,98.1217021330145,0.119374874774594
752.68,781,39,70,89700,198240,2026-10-01,2026-12-18,763.04,31,108540,529252790,71235277,0.0374565810035692,98.9437697626497,0.547518159806295
753.8,767,71,150,83425,198000,2026-10-01,2026-11-06,763.04,79,114575,17322238,6830610,1.14303936939326,72.4267210738012,0.578661616161616
738.15,753,131,132,169907,196020,2026-10-01,2026-12-18,763.04,1,26113,529252790,71235277,0.0370371217126697,98.9808068843624,0.133215998367513
725.88,737,220,175,210540,194600,2026-10-01,2026-12-18,763.04,-45,-15940,529252790,71235277,0.0367688189229952,99.0175757032854,-0.08191161356629
549.59,550,4638,4690,171606,192290,2026-10-01,2026-11-20,763.04,52,20684,451091708,86025104,0.0426276955638475,98.8974587845893,0.107566696136045
744.14,756,87,162,85608,192132,2026-10-01,2026-11-20,763.04,75,106524,451091708,86025104,0.0425926694267677,98.9400514540161,0.554431328461683
765.54,787,120,89,257520,190994,2026-10-01,2026-10-16,763.04,-31,-66526,353058462,80809152,0.0540969897500998,99.1765964244188,-0.348314606741573
724.96,736,126,173,119070,190992,2026-10-01,2026-12-18,763.04,47,71922,529252790,71235277,0.0360871031024702,99.0536628063879,0.376570746418698
733.7,737,571,571,129617,188430,2026-10-01,2026-10-23,763.04,0,58813,90832255,18310549,0.207448334294904,96.5092081001402,0.312121212121212
708.2,709,2350,2348,119850,187840,2026-10-01,2026-10-16,763.04,-2,67990,353058462,80809152,0.0532036532805153,99.2298000776993,0.361956984667802
751.4,764,113,149,115373,187740,2026-10-01,2026-11-06,763.04,36,72367,17322238,6830610,1.0838091475247,73.5105302213259,0.385463939490785
762.65,780,564,108,755760,187380,2026-10-01,2026-10-02,763.04,-456,-568380,38516943,13375764,0.486487206422379,95.9768276521841,-3.03330131284022
755.13,769,52,133,63180,184471,2026-10-01,2026-11-06,763.04,81,121291,17322238,6830610,1.0649374520775,74.5754676734034,0.657507142044007
730.08,733,638,630,135256,183960,2026-10-01,2026-10-23,763.04,-8,48704,90832255,18310549,0.202527174955637,96.7117352750958,0.264753207218961
748.02,759,191,167,175338,183366,2026-10-01,2026-11-06,763.04,-24,8028,17322238,6830610,1.05855836872811,75.6340260421315,0.0437812898792579
736.72,744,238,248,137088,180544,2026-10-01,2026-11-06,763.04,10,43456,17322238,6830610,1.0422671712512,76.6762932133827,0.240694789081886
730.87,734,561,573,113322,179349,2026-10-01,2026-10-23,763.04,12,66027,90832255,18310549,0.197450784415734,96.9091860595116,0.368148135757657
766,796,59,59,177000,177000,2026-10-01,2026-10-30,763.04,0,0,234901454,52625378,0.0753507468710688,98.1970528798855,0
745.53,747,1117,1193,128455,175371,2026-10-01,2026-10-09,763.04,76,46916,87098388,26450019,0.201348158131239,97.8647228235728,0.267524277103968
739.61,751,148,152,134680,173128,2026-10-01,2026-11-20,763.04,4,38448,451091708,86025104,0.0383797788630599,98.9784312328791,0.222078462178273
750.65,763,148,140,152884,172900,2026-10-01,2026-11-06,763.04,-8,20016,17322238,6830610,0.998138924081288,77.674432137464,0.115766338924234
711.87,714,778,809,141596,172317,2026-10-01,2026-10-30,763.04,31,30721,234901454,52625378,0.0733571449072427,98.2704100247928,0.178281887451615
737.86,741,547,547,159177,171758,2026-10-01,2026-10-23,763.04,0,12581,90832255,18310549,0.189093620982987,97.0982796804946,0.0732484076433123
716.53,720,400,491,119600,170377,2026-10-01,2026-11-06,763.04,91,50777,17322238,6830610,0.983573831510686,78.6580059689747,0.298027315893577
753.55,754,3531,3770,130647,169650,2026-10-01,2026-10-02,763.04,239,39003,38516943,13375764,0.440455515901145,96.4172831680853,0.229902740937224
755.21,774,89,90,131631,169110,2026-10-01,2026-11-06,763.04,1,37479,17322238,6830610,0.97625953413179,79.6342655031065,0.221624977825084
728.99,734,233,336,98326,168336,2026-10-01,2026-11-06,763.04,103,70010,17322238,6830610,0.971791289324162,80.6060567924306,0.415894401672845
484.55,485,3690,3689,180810,166005,2026-10-01,2026-12-18,763.04,-1,-14805,529252790,71235277,0.0313659187323321,99.0850287251202,-0.0891840607210626
706.73,714,213,228,137811,165756,2026-10-01,2026-12-18,763.04,15,27945,529252790,71235277,0.0313188712713258,99.1163475963915,0.168591182219648
712.93,718,267,321,111606,162747,2026-10-01,2026-11-20,763.04,54,51141,451091708,86025104,0.0360784729831478,99.0145097058623,0.314236207119025
394.79,395,7637,7647,129829,160587,2026-10-01,2026-12-18,763.04,10,30758,529252790,71235277,0.0303422113277854,99.1466898077193,0.191534806678
738.77,754,87,105,115014,159915,2026-10-01,2026-12-18,763.04,18,44901,529252790,71235277,0.0302152398667563,99.1769050475861,0.280780414595254
744.82,757,107,131,108284,159558,2026-10-01,2026-11-20,763.04,24,51274,451091708,86025104,0.0353715213936054,99.0498812272559,0.321350230010404
729.45,732,646,624,123386,159120,2026-10-01,2026-10-23,763.04,-22,35734,90832255,18310549,0.175180061311921,97.2734597418065,0.22457264957265
729.98,730,67618,79356,270472,158712,2026-10-01,2026-10-02,763.04,11738,-111760,38516943,13375764,0.412057623576201,96.8293407916615,-0.704168556882907
734.12,748,113,114,133679,158232,2026-10-01,2026-12-18,763.04,1,24553,529252790,71235277,0.0298972443773041,99.2068022919634,0.155170888315891
674.01,675,1467,1597,111492,158103,2026-10-01,2026-10-30,763.04,130,46611,234901454,52625378,0.067306096794105,98.3377161215869,0.294814140149143
744.15,749,303,325,112716,157625,2026-10-01,2026-10-23,763.04,22,44909,90832255,18310549,0.173534170212993,97.4469939120195,0.284910388580491
726.68,729,666,679,123210,157528,2026-10-01,2026-10-23,763.04,13,34318,90832255,18310549,0.173427379954401,97.6204212919739,0.217853334010462
732.44,741,90,184,64800,157504,2026-10-01,2026-11-20,763.04,94,92704,451091708,86025104,0.0349161816115671,99.0847974088675,0.588581877285656
739.99,741,1350,1554,91800,156954,2026-10-01,2026-10-09,763.04,204,65154,87098388,26450019,0.180203105481126,98.044925929054,0.415115256699415
716.81,722,277,302,124650,156738,2026-10-01,2026-11-20,763.04,25,32088,451091708,86025104,0.0347463713520533,99.1195437802195,0.204723806607204
746.89,747,14377,14181,186901,155991,2026-10-01,2026-10-02,763.04,-196,-30910,38516943,13375764,0.404993200005514,97.234333991667,-0.198152457513574
704.22,708,269,411,90384,155358,2026-10-01,2026-11-20,763.04,142,64974,451091708,86025104,0.0344404468636342,99.1539842270832,0.418221140848878
711.45,716,148,341,60088,155155,2026-10-01,2026-11-20,763.04,193,95067,451091708,86025104,0.0343954449280189,99.1883796720112,0.612722761109858
424.99,425,154945,154945,154945,154945,2026-10-01,2026-10-16,763.04,0,0,353058462,80809152,0.0438864994545861,99.2736865771539,0
379.84,380,9657,9663,154512,154608,2026-10-01,2026-12-18,763.04,6,96,529252790,71235277,0.0292125054267546,99.2360147973901,0.000620925178515989
770.36,814,35,35,152740,152740,2026-10-01,2026-12-18,763.04,0,0,529252790,71235277,0.0288595549963941,99.2648743523865,0
746.23,748,758,859,99298,152043,2026-10-01,2026-10-09,763.04,101,52745,87098388,26450019,0.174564654399804,98.2194905834537,0.34690844037542
742.4,754,108,130,106380,150800,2026-10-01,2026-11-20,763.04,22,44420,451091708,86025104,0.0334300093142036,99.2218096813254,0.294562334217507
239.97,240,49943,49943,149829,149829,2026-10-01,2026-12-18,763.04,0,0,529252790,71235277,0.0283095342775614,99.2931838866641,0
673.61,675,573,1048,67041,145672,2026-10-01,2026-11-06,763.04,475,78631,17322238,6830610,0.84095369201139,81.447010484442,0.539781152177495
718.58,721,608,601,137408,145442,2026-10-01,2026-10-30,763.04,-7,8033.99999999997,234901454,52625378,0.0619161769854349,98.3996322985723,0.0552385143218601
664.73,665,5430,5381,108600,145287,2026-10-01,2026-10-16,763.04,-49,36687,353058462,80809152,0.0411509751605954,99.3148375523145,0.252513989551715
700.5,701,2889,2904,121338,145200,2026-10-01,2026-10-16,763.04,15,23862,353058462,80809152,0.041126333349291,99.3559638856638,0.164338842975207
709.05,717,168,182,112896,144690,2026-10-01,2026-12-18,763.04,14,31794,529252790,71235277,0.0273385427028169,99.3205224293669,0.219738751814223
737.82,747,129,157,102168,144126,2026-10-01,2026-11-20,763.04,28,41958,451091708,86025104,0.031950487549197,99.2537601688746,0.291120269763957
678.61,680,940,1027,114680,142753,2026-10-01,2026-11-06,763.04,87,28073,17322238,6830610,0.824102520702002,82.271113005144,0.19665436102919
742.95,753,37,142,26270,142710,2026-10-01,2026-11-06,763.04,105,116440,17322238,6830610,0.823854284879356,83.0949672900234,0.81592039800995
721.49,724,586,564,83212,141564,2026-10-01,2026-10-23,763.04,-22,58352,90832255,18310549,0.155852125437159,97.776273417411,0.412195190867735
374.83,375,8309,8315,116326,141355,2026-10-01,2026-12-18,763.04,6,25029,529252790,71235277,0.026708409038335,99.3472308384052,0.177064836758516
755.4,777,11,65,19767,140400,2026-10-01,2026-11-20,763.04,54,120633,451091708,86025104,0.0311244914304654,99.284884660305,0.859209401709402
599.89,600,12691,12683,114219,139513,2026-10-01,2026-10-16,763.04,-8,25294,353058462,80809152,0.0395155519597771,99.3954794376236,0.181302100879488
716.54,719,601,562,128614,138252,2026-10-01,2026-10-30,763.04,-39,9637.99999999999,234901454,52625378,0.0588553189628192,98.4584876175352,0.0697132772039463
414.73,415,5039,5039,115897,136053,2026-10-01,2026-12-18,763.04,0,20156,529252790,71235277,0.0257066193264659,99.3729374577317,0.148148148148148
709.34,714,241,284,90857,132344,2026-10-01,2026-11-20,763.04,43,41487,451091708,86025104,0.0293386018082159,99.3142232621133,0.313478510548268
692.88,695,603,624,101907,132288,2026-10-01,2026-11-06,763.04,21,30381,17322238,6830610,0.763688848981292,83.8586561390047,0.229658018867925
699.36,701,802,799,109072,131036,2026-10-01,2026-10-30,763.04,-3,21964,234901454,52625378,0.0557833924689117,98.5142710100041,0.167618059159315
699.3,706,181,189,101722,126630,2026-10-01,2026-12-18,763.04,8,24908,529252790,71235277,0.0239261846876613,99.3968636424194,0.196699044460239
738.97,743,278,312,86180,125736,2026-10-01,2026-10-23,763.04,34,39556,90832255,18310549,0.138426597468047,97.9147000148791,0.314595660749507
589.24,590,1654,1654,97586,125704,2026-10-01,2026-11-20,763.04,0,28118,451091708,86025104,0.0278666173132138,99.3420898794265,0.223684210526316
719.41,722,476,482,102816,124838,2026-10-01,2026-10-30,763.04,6,22022,234901454,52625378,0.0531448391971214,98.5674158492012,0.176404620388023
725.97,731,241,247,92303,124241,2026-10-01,2026-11-06,763.04,6,31938,17322238,6830610,0.71723411258984,84.5758902515945,0.257064898061027
717.66,727,111,132,90132,123288,2026-10-01,2026-12-18,763.04,21,33156,529252790,71235277,0.0232947284037936,99.4201583708232,0.268931282849912
674.52,675,2571,2566,118266,123168,2026-10-01,2026-10-23,763.04,-5,4901.99999999999,90832255,18310549,0.135599407941595,98.0502994228207,0.0397992985190958
504.34,505,1848,1848,116424,121968,2026-10-01,2026-12-18,763.04,0,5544,529252790,71235277,0.0230453201767722,99.4432036909999,0.0454545454545455
715.58,721,163,224,71720,121408,2026-10-01,2026-11-20,763.04,61,49688,451091708,86025104,0.0269142610797005,99.3690041405062,0.409264628360569
721.33,724,453,449,115062,119883,2026-10-01,2026-10-30,763.04,-4,4820.99999999999,234901454,52625378,0.0510354439951657,98.6184512931963,0.0402142088536322
735.93,739,350,387,89600,118809,2026-10-01,2026-10-23,763.04,37,29209,90832255,18310549,0.130800451887933,98.1810998747086,0.245848378489845
707.02,709,520,593,80600,117414,2026-10-01,2026-10-30,763.04,73,36814,234901454,52625378,0.0499843649328795,98.6684356581292,0.313540122983631
718.12,719,1328,1330,91632,117040,2026-10-01,2026-10-16,763.04,2,25408,353058462,80809152,0.03315031718458,99.4286297548081,0.217088174982912
734.93,743,105,145,78435,117015,2026-10-01,2026-11-20,763.04,40,38580,451091708,86025104,0.025940401458233,99.3949445419644,0.329701320343546
727.24,733,165,203,70125,116928,2026-10-01,2026-11-06,763.04,38,46803,17322238,6830610,0.675016703961694,85.2509069555562,0.400271962233169
724.63,729,267,266,97455,116242,2026-10-01,2026-11-06,763.04,-1,18787,17322238,6830610,0.671056476651574,85.9219634322078,0.161619724368129
705.84,713,153,162,96237,115992,2026-10-01,2026-12-18,763.04,9,19755,529252790,71235277,0.0219161811126211,99.4651198721125,0.170313469894476
736.26,737,1540,1540,90860,113960,2026-10-01,2026-10-09,763.04,0,23100,87098388,26450019,0.13084053863316,98.3503311220869,0.202702702702703
759.22,775,70,72,110950,113616,2026-10-01,2026-11-06,763.04,2,2665.99999999999,17322238,6830610,0.655896772691843,86.5778602048996,0.0234650049288831
714.14,723,41,128,31078,113408,2026-10-01,2026-12-18,763.04,87,82330,529252790,71235277,0.0214279456136641,99.4865478177262,0.72596289503386
703.28,704,1569,1569,73743,112968,2026-10-01,2026-10-16,763.04,0,39225,353058462,80809152,0.0319969671198534,99.460626721928,0.347222222222222
709.85,712,416,515,68224,110725,2026-10-01,2026-10-30,763.04,99,42501,234901454,52625378,0.047136787837848,98.7155724459671,0.383842853917363
720.15,721,1302,1298,138012,110330,2026-10-01,2026-10-16,763.04,-4,-27682,353058462,80809152,0.0312497820828325,99.4918765040108,-0.250901839934741
742.84,744,848,943,81408,109388,2026-10-01,2026-10-09,763.04,95,27980,87098388,26450019,0.125591302562339,98.4759224246493,0.255786740775953
669.4,670,1806,1819,72240,109140,2026-10-01,2026-10-23,763.04,13,36900,90832255,18310549,0.120155554874202,98.3012554295828,0.338097855964816
729.53,730,2562,2322,97356,109134,2026-10-01,2026-10-09,763.04,-240,11778,87098388,26450019,0.125299678336182,98.6012221029854,0.107922370663588
762.21,784,11,50,23969,108950,2026-10-01,2026-11-20,763.04,39,84981,451091708,86025104,0.0241525166762764,99.4190970586407,0.78
459.61,460,2779,2779,108381,108381,2026-10-01,2026-12-18,763.04,0,0,529252790,71235277,0.0204781159490912,99.5070259336753,0
704.8,709,243,257,83349,107940,2026-10-01,2026-11-20,763.04,14,24591,451091708,86025104,0.0239286154202595,99.4430256740609,0.227821011673152
564.47,565,2030,2029,87290,107537,2026-10-01,2026-11-20,763.04,-1,20247,451091708,86025104,0.0238392766022647,99.4668649506632,0.188279382910068
751.72,752,2925,3813,81900,106764,2026-10-01,2026-10-02,763.04,888,24864,38516943,13375764,0.277187106983023,97.51152109865,0.232887490165224
762.76,805,26,25,106340,105600,2026-10-01,2026-11-20,763.04,-1,-739.999999999986,451091708,86025104,0.0234098738964184,99.4902748245596,-0.00700757575757562
745.79,756,90,103,69930,105163,2026-10-01,2026-11-06,763.04,13,35233,17322238,6830610,0.607098228300523,87.1849584332001,0.335032283217482
716.19,717,1293,1293,85338,104733,2026-10-01,2026-10-16,763.04,0,19395,353058462,80809152,0.0296644922222541,99.5215409962331,0.185185185185185
684.35,685,1615,1603,87210,104195,2026-10-01,2026-10-23,763.04,-12,16985,90832255,18310549,0.114711453546981,98.4159668831298,0.163011660828255
289.93,290,14826,14826,103782,103782,2026-10-01,2026-12-18,763.04,0,0,529252790,71235277,0.0196091550126736,99.526635088688,0
723.03,726,352,346,92928,102762,2026-10-01,2026-10-30,763.04,-6,9834,234901454,52625378,0.0437468556495185,98.7593193016166,0.0956968529222864
708.09,716,84,129,57288,102039,2026-10-01,2026-12-18,763.04,45,44751,529252790,71235277,0.0192798227856295,99.5459149114736,0.438567606503396
738.34,739,1433,1527,96011,100782,2026-10-01,2026-10-09,763.04,94,4771,87098388,26450019,0.115710522679249,98.7169326256647,0.0473398027425532
711.87,715,292,318,77380,99534,2026-10-01,2026-11-06,763.04,26,22154,17322238,6830610,0.574602427238328,87.7595608604385,0.222577209797657
758.95,830,17,14,112540,99470,2026-10-01,2026-10-16,763.04,-3,-13070,353058462,80809152,0.0281738042579475,99.549714800491,-0.131396400924902
724.65,727,423,423,67680,99405,2026-10-01,2026-10-23,763.04,0,31725,90832255,18310549,0.109437996447407,98.5254048795772,0.319148936170213
699.44,703,266,279,80332,99324,2026-10-01,2026-11-20,763.04,13,18992,451091708,86025104,0.0220185825273472,99.512293407087,0.19121259715678
762.77,778,359,65,402798,98995,2026-10-01,2026-10-02,763.04,-294,-303803,38516943,13375764,0.25701676272699,97.768537861377,-3.06887216526087
733.41,736,379,381,90581,98679,2026-10-01,2026-10-23,763.04,2,8098,90832255,18310549,0.108638720903714,98.6340436004809,0.0820640663160348
629.55,630,2052,2162,84132,97290,2026-10-01,2026-10-30,763.04,110,13158,234901454,52625378,0.0414173681530298,98.8007366697696,0.135245143385754
767.57,797,36,33,105948,97119,2026-10-01,2026-10-30,763.04,-3,-8829,234901454,52625378,0.0413445716687646,98.8420812414384,-0.0909090909090909
619.63,620,2598,2618,83136,96866,2026-10-01,2026-10-30,763.04,20,13730,234901454,52625378,0.0412368669288867,98.8833181083673,0.14174220056573
494.47,495,1815,1815,101640,96195,2026-10-01,2026-12-18,763.04,0,-5445.00000000001,529252790,71235277,0.0181756245441805,99.5640905360178,-0.0566037735849058
469.84,470,5961,5961,95376,95376,2026-10-01,2026-11-20,763.04,0,0,451091708,86025104,0.0211433724691743,99.5334367795562,0
764.66,860,10,10,95340,95340,2026-10-01,2026-10-30,763.04,0,0,234901454,52625378,0.0405872328061452,98.9239053411734,0
419.76,420,4638,3954,125226,94896,2026-10-01,2026-12-18,763.04,-684,-30330,529252790,71235277,0.0179301841753163,99.5820207201931,-0.319613050075873
644.83,645,5544,5544,83160,94248,2026-10-01,2026-10-16,763.04,0,11088,353058462,80809152,0.0266947291012671,99.5764095295923,0.117647058823529
700.33,702,529,564,67712,94188,2026-10-01,2026-10-30,763.04,35,26476,234901454,52625378,0.0400968143858318,98.9640021555592,0.281097379708668
725.77,728,415,414,72625,92322,2026-10-01,2026-10-23,763.04,-1,19697,90832255,18310549,0.101640105709145,98.7356837061901,0.213351097246593
765.93,789,107,40,246849,92280,2026-10-01,2026-10-16,763.04,-67,-154569,353058462,80809152,0.0261373143352106,99.6025468439275,-1.675
762.29,787,37,37,91427,91427,2026-10-01,2026-12-18,763.04,0,0,529252790,71235277,0.0172747317968791,99.59929545199,0
726.91,738,65,82,63505,90938,2026-10-01,2026-12-18,763.04,17,27433,529252790,71235277,0.0171823373855053,99.6164777893755,0.301667069871781
706.24,707,1195,1195,53775,90820,2026-10-01,2026-10-16,763.04,0,37045,353058462,80809152,0.0257237850880345,99.6282706290155,0.407894736842105
604.33,605,1356,1353,90852,90651,2026-10-01,2026-11-20,763.04,-3,-201,451091708,86025104,0.0200959136229567,99.5535326931791,-0.00221729490022173
479.83,480,5312,5314,90304,90338,2026-10-01,2026-11-20,763.04,2,34,451091708,86025104,0.0200265264020326,99.5735592195811,0.000376364320662401
639.85,640,5981,5980,77753,89700,2026-10-01,2026-10-16,763.04,-1,11947,353058462,80809152,0.0254065571723926,99.6536771861879,0.133188405797101
702.35,703,1378,1378,75790,89570,2026-10-01,2026-10-16,763.04,0,13780,353058462,80809152,0.0253697360750413,99.679046922263,0.153846153846154
727.5,732,97,198,38509,89100,2026-10-01,2026-11-06,763.04,101,50591,17322238,6830610,0.514367716226968,88.2739285766654,0.567800224466891
694.4,696,543,544,62445,87040,2026-10-01,2026-10-30,763.04,1,24595,234901454,52625378,0.0370538362014566,99.0010559917607,0.282571231617647
569.44,570,1552,1550,71392,86800,2026-10-01,2026-11-20,763.04,-2,15408,451091708,86025104,0.0192422069527379,99.5928014265339,0.177511520737327
724.17,726,499,474,82834,86742,2026-10-01,2026-10-23,763.04,-25,3908.00000000001,90832255,18310549,0.0954969135138173,98.8311806197039,0.0450531461114571
767.94,792,36,36,86616,86616,2026-10-01,2026-10-23,763.04,0,0,90832255,18310549,0.095358196270697,98.9265388159746,0
697.44,699,615,555,78105,86580,2026-10-01,2026-10-30,763.04,-60,8475,234901454,52625378,0.0368580094016787,99.0379140011624,0.0978863478863479
763.4,784,42,42,68502,86520,2026-10-01,2026-10-23,763.04,0,18018,90832255,18310549,0.0952525069426054,99.0217913229172,0.208252427184466
747.5,758,71,82,62551,86100,2026-10-01,2026-11-06,763.04,11,23549,17322238,6830610,0.497048937902828,88.7709775145683,0.273507549361208
735.31,736,1099,1228,57148,84732,2026-10-01,2026-10-09,763.04,129,27584,87098388,26450019,0.0972830863413913,98.8142157120061,0.325544068356701
742.01,743,819,855,73710,84645,2026-10-01,2026-10-09,763.04,36,10935,87098388,26450019,0.0971831993032982,98.9113989113094,0.129186602870813
722.75,727,193,199,70059,84575,2026-10-01,2026-11-06,763.04,6,14516,17322238,6830610,0.488245225588056,89.2592227401563,0.171634643807272
733.41,734,1418,1420,60974,83780,2026-10-01,2026-10-09,763.04,2,22806,87098388,26450019,0.0961900695567408,99.0075889808661,0.272212938648842
749.89,762,65,69,63635,83559,2026-10-01,2026-11-06,763.04,4,19924,17322238,6830610,0.482379932662281,89.7416026728186,0.238442298256322
712.36,717,135,180,55350,83520,2026-10-01,2026-11-20,763.04,45,28170,451091708,86025104,0.0185150820817128,99.6113165086156,0.337284482758621
762.15,781,45,44,67500,82940,2026-10-01,2026-10-09,763.04,-1,15440,87098388,26450019,0.0952256429820492,99.1028146238482,0.18615866891729
695.71,702,109,130,58097,81770,2026-10-01,2026-12-18,763.04,21,23673,529252790,71235277,0.0154500838814662,99.631927873257,0.289507154213037
389.8,390,4008,4008,68136,80160,2026-10-01,2026-12-18,763.04,0,12024,529252790,71235277,0.0151458814227507,99.6470737546797,0.15
705.26,706,1073,1082,53650,80068,2026-10-01,2026-10-16,763.04,9,26418,353058462,80809152,0.0226783970978721,99.7017253193609,0.329944547134935
702.74,705,247,351,49153,79326,2026-10-01,2026-11-06,763.04,104,30173,17322238,6830610,0.457943136446919,90.1995458092655,0.380367092756473
728.14,739,56,72,56392,78192,2026-10-01,2026-12-18,763.04,16,21800,529252790,71235277,0.0147740364297371,99.6618477911094,0.278800900347862
711.38,712,1288,1258,72128,77996,2026-10-01,2026-10-16,763.04,-30,5867.99999999999,353058462,80809152,0.0220915254539346,99.7238168448148,0.0752346274167904
712.3,713,1117,1114,67020,77980,2026-10-01,2026-10-16,763.04,-3,10960,353058462,80809152,0.0220869936265683,99.7459038384414,0.140548858681713
707.22,710,234,280,54990,77840,2026-10-01,2026-11-06,763.04,46,22850,17322238,6830610,0.449364568250361,90.6489103775159,0.293550873586845
689.37,690,1226,1227,76012,77301,2026-10-01,2026-10-23,763.04,1,1289,90832255,18310549,0.0851030286543035,99.1068943515715,0.016675075354782
764.38,793,27,27,77274,77274,2026-10-01,2026-11-20,763.04,0,0,451091708,86025104,0.0171304412449985,99.6284469498606,0
734.67,741,110,121,55660,76593,2026-10-01,2026-11-06,763.04,11,20933,17322238,6830610,0.442165729393627,91.0910761069095,0.273301737756714
682.74,684,595,594,51765,74844,2026-10-01,2026-10-30,763.04,-1,23079,234901454,52625378,0.031861871744736,99.0697758729071,0.308361391694725
663.09,664,820,821,50020,74711,2026-10-01,2026-10-30,763.04,1,24691,234901454,52625378,0.0318052522569741,99.1015811251641,0.33048680917134
702.05,706,167,188,54776,74260,2026-10-01,2026-11-20,763.04,21,19484,451091708,86025104,0.0164622844275382,99.6449092342881,0.262375437651495
760.93,781,35,37,70245,74259,2026-10-01,2026-11-20,763.04,2,4014,451091708,86025104,0.0164620627431263,99.6613712970312,0.0540540540540541
761.33,786,30,30,74010,74010,2026-10-01,2026-11-20,763.04,0,0,451091708,86025104,0.0164068633245637,99.6777781603558,0
299.92,300,9219,9219,64533,73752,2026-10-01,2026-12-18,763.04,0,9218.99999999999,529252790,71235277,0.013935117847938,99.6757829089574,0.125
764.71,784,0,38,0,73302,2026-10-01,2026-10-02,763.04,38,73302,38516943,13375764,0.190311053501832,97.9588489148789,1
579.76,580,3750,3041,71250,72984,2026-10-01,2026-10-30,763.04,-709,1733.99999999999,234901454,52625378,0.0310700503369383,99.132651175501,0.0237586320289377
700.29,707,90,108,52110,72468,2026-10-01,2026-12-18,763.04,18,20358,529252790,71235277,0.0136925116634718,99.6894754206208,0.280923994038748
708.71,713,131,167,50566,71643,2026-10-01,2026-11-20,763.04,36,21077,451091708,86025104,0.0158821363216014,99.6936602966774,0.294194827128959
747.86,748,4869,5106,73035,71484,2026-10-01,2026-10-02,763.04,237,-1551,38516943,13375764,0.185591052747878,98.1444399676267,-0.0216971630015108
762.88,788,29,28,72848,70336,2026-10-01,2026-10-16,763.04,-1,-2512,353058462,80809152,0.0199219131023122,99.7658257515437,-0.0357142857142857
757.94,778,34,35,62390,70210,2026-10-01,2026-11-20,763.04,1,7819.99999999998,451091708,86025104,0.0155644625593517,99.7092247592368,0.11138014527845
709.08,711,360,364,63360,69888,2026-10-01,2026-10-30,763.04,4,6528,234901454,52625378,0.0297520508323461,99.1624032263334,0.0934065934065934
702.48,709,105,107,61635,69764,2026-10-01,2026-12-18,763.04,2,8129,529252790,71235277,0.0131816026893311,99.7026570233102,0.116521415056476
704.13,706,333,372,48285,69564,2026-10-01,2026-10-30,763.04,39,21279,234901454,52625378,0.0296141206516329,99.192017346985,0.305890978092117
766.64,810,19,16,87780,69376,2026-10-01,2026-10-16,763.04,-3,-18404,353058462,80809152,0.0196500034603334,99.785475755004,-0.26527905904059
739.7,749,45,74,30420,68820,2026-10-01,2026-11-06,763.04,29,38400,17322238,6830610,0.397292774755779,91.4883688816653,0.557977332170881
765.89,850,8,8,69000,67288,2026-10-01,2026-10-16,763.04,0,-1712,353058462,80809152,0.0190585999890296,99.804534354993,-0.0254428724289621
727.59,728,1677,1640,50310,67240,2026-10-01,2026-10-09,763.04,-37,16930,87098388,26450019,0.0772000510503134,99.1800146748985,0.251784651992861
739.61,748,73,79,44457,66281,2026-10-01,2026-11-06,763.04,6,21824,17322238,6830610,0.382635315367449,91.8710041970327,0.329264796849776
703.22,707,175,175,58625,66150,2026-10-01,2026-11-20,763.04,0,7525,451091708,86025104,0.0146644238470462,99.7238891830838,0.113756613756614
539.57,540,1534,1537,50622,66091,2026-10-01,2026-11-20,763.04,3,15469,451091708,86025104,0.0146513444667442,99.7385405275506,0.234056074200723
706.04,708,287,335,43624,65660,2026-10-01,2026-10-30,763.04,48,22036,234901454,52625378,0.0279521471161264,99.2199694941012,0.335607675906183
429.73,430,2435,2420,68180,65340,2026-10-01,2026-12-18,763.04,-15,-2839.99999999999,529252790,71235277,0.0123457072375566,99.7150027305477,-0.0434649525558615
584.34,585,834,986,45870,65076,2026-10-01,2026-11-20,763.04,152,19206,451091708,86025104,0.0144263347886679,99.7529668623392,0.295131845841785
672.21,673,820,820,77080,64780,2026-10-01,2026-10-30,763.04,0,-12300,234901454,52625378,0.0275775219339426,99.2475470160351,-0.189873417721519
199.98,200,32335,32335,64670,64670,2026-10-01,2026-12-18,763.04,0,0,529252790,71235277,0.0122191136677806,99.7272218442155,0
719.01,721,318,319,45474,63481,2026-10-01,2026-10-23,763.04,1,18007,90832255,18310549,0.0698881691311088,99.1767825207026,0.283659677698839
695.55,697,436,437,51012,63365,2026-10-01,2026-10-30,763.04,1,12353,234901454,52625378,0.0269751416694083,99.2745221577045,0.194949893474316
702.24,704,344,360,46784,63360,2026-10-01,2026-10-30,763.04,16,16576,234901454,52625378,0.0269730131172368,99.3014951708217,0.261616161616162
748.86,749,3701,4512,74020,63168,2026-10-01,2026-10-02,763.04,811,-10852,38516943,13375764,0.164000554249594,98.3084405218763,-0.171795845997974
716.9,726,60,69,47640,62790,2026-10-01,2026-12-18,763.04,9,15150,529252790,71235277,0.0118638958899017,99.7390857401054,0.241280458671763
384.82,385,3419,3472,54704,62496,2026-10-01,2026-12-18,763.04,53,7791.99999999999,529252790,71235277,0.0118083458757015,99.7508940859811,0.124679979518689
712.43,721,65,72,46735,61704,2026-10-01,2026-12-18,763.04,7,14969,529252790,71235277,0.0116587009394887,99.7625527869206,0.242593673019577
728.6,731,256,256,45824,61440,2026-10-01,2026-10-23,763.04,0,15616,90832255,18310549,0.0676411699786601,99.2444236906812,0.254166666666667
769.05,830,8,10,48760,60950,2026-10-01,2026-12-18,763.04,2,12190,529252790,71235277,0.0115162359370841,99.7740690228577,0.2
723.73,728,115,142,42205,60634,2026-10-01,2026-11-06,763.04,27,18429,17322238,6830610,0.350035601635308,92.2210397986681,0.303938384404789
549.95,550,11877,12058,35631,60290,2026-10-01,2026-10-16,763.04,181,24659,353058462,80809152,0.0170764919946884,99.8216108469877,0.40900646873445
706.61,711,111,137,41070,60143,2026-10-01,2026-11-20,763.04,26,19073,451091708,86025104,0.0133327655847755,99.766299627924,0.317127512761252
762.91,789,23,23,60007,60007,2026-10-01,2026-10-23,763.04,0,0,90832255,18310549,0.066063536570792,99.310487227252,0
729.94,736,71,99,31169,59994,2026-10-01,2026-11-06,763.04,28,28825,17322238,6830610,0.346340928926158,92.5673807275942,0.48046471313798
767.8,795,20,22,54400,59840,2026-10-01,2026-11-06,763.04,2,5440,17322238,6830610,0.345451898305519,92.9128326258997,0.0909090909090909
745.91,746,6629,6633,72919,59697,2026-10-01,2026-10-02,763.04,4,-13222,38516943,13375764,0.154988935648398,98.4634294575247,-0.221485166758799
770.42,813,14,14,59612,59612,2026-10-01,2026-12-18,763.04,0,0,529252790,71235277,0.0112634266887851,99.7853324495465,0
574.4,575,987,986,54285,59160,2026-10-01,2026-11-20,763.04,-1,4875,451091708,86025104,0.0131148498078799,99.7794144777319,0.0824036511156187
697.43,701,158,164,46610,58548,2026-10-01,2026-11-20,763.04,6,11938,451091708,86025104,0.0129791789477983,99.7923936566797,0.203901072624172
761.65,820,0,10,0,58350,2026-10-01,2026-11-20,763.04,10,58350,451091708,86025104,0.0129352854342426,99.8053289421139,1
659.35,660,857,876,50563,56940,2026-10-01,2026-10-30,763.04,19,6377,234901454,52625378,0.024239952129032,99.3257351229508,0.111995082543028
649.65,650,1537,1622,44573,56770,2026-10-01,2026-10-23,763.04,85,12197,90832255,18310549,0.0624998245392014,99.3729870517912,0.214849392284657
765.82,786,28,28,56504,56504,2026-10-01,2026-10-30,763.04,0,0,234901454,52625378,0.0240543423796772,99.3497894653304,0
634.4,635,934,936,56040,56160,2026-10-01,2026-11-06,763.04,2,120,17322238,6830610,0.324207530227907,93.2370401561276,0.00213675213675214
742.97,752,55,62,40205,55986,2026-10-01,2026-11-06,763.04,7,15781,17322238,6830610,0.323203041085107,93.5602431972127,0.281874039938556
714.26,719,95,117,40090,55458,2026-10-01,2026-11-20,763.04,22,15368,451091708,86025104,0.0122941741150338,99.8176231162289,0.27711060622453
697.97,704,42,91,22806,54873,2026-10-01,2026-12-18,763.04,49,32067,529252790,71235277,0.0103680133646532,99.7957004629111,0.584385763490241
474.83,475,3219,3219,54723,54723,2026-10-01,2026-11-20,763.04,0,0,451091708,86025104,0.0121312360722889,99.8297543523012,0
698.36,702,121,149,36542,54236,2026-10-01,2026-11-20,763.04,28,17694,451091708,86025104,0.0120232757636946,99.8417776280649,0.326240873220739
444.71,445,1850,1850,53650,53650,2026-10-01,2026-12-18,763.04,0,0,529252790,71235277,0.0101369328634054,99.8058373957745,0
689.57,691,365,375,37230,53625,2026-10-01,2026-10-30,763.04,10,16395,234901454,52625378,0.022828722039328,99.3726181873698,0.305734265734266
750.78,751,1926,2411,44298,53042,2026-10-01,2026-10-02,763.04,485,8743.99999999999,38516943,13375764,0.137710825077681,98.6011402826024,0.16485049583349
679.49,680,1068,1034,52332,52734,2026-10-01,2026-10-23,763.04,-34,402.000000000007,90832255,18310549,0.058056469037348,99.4310435208286,0.00762316532028686
619.87,620,4012,4042,44132,52546,2026-10-01,2026-10-16,763.04,30,8414,353058462,80809152,0.0148830875493929,99.8364939345371,0.160126365470255
744.63,754,44,56,32252,52472,2026-10-01,2026-11-06,763.04,12,20220,17322238,6830610,0.302916978741431,93.8631601759542,0.385348376276871
664.2,665,652,655,39120,52400,2026-10-01,2026-10-30,763.04,3,13280,234901454,52625378,0.0223072267573107,99.3949254141271,0.253435114503817
369.95,370,11634,10460,58170,52300,2026-10-01,2026-11-20,763.04,-1174,-5870.00000000001,451091708,86025104,0.0115940947422603,99.8533717228072,-0.112237093690249
662.13,663,602,601,36722,52287,2026-10-01,2026-10-30,763.04,-1,15565,234901454,52625378,0.0222591214782349,99.4171845356053,0.297683936733796
701.54,702,1254,1130,52668,51980,2026-10-01,2026-10-16,763.04,-124,-687.999999999985,353058462,80809152,0.0147227741563096,99.8512167086934,-0.0132358599461328
700.2,704,104,133,32656,50540,2026-10-01,2026-11-20,763.04,29,17884,451091708,86025104,0.01120393017732,99.8645756529845,0.353858330035615
739.9,747,66,71,41712,50410,2026-10-01,2026-11-06,763.04,5,8698,17322238,6830610,0.291013205106638,94.1541733810608,0.172545129934537
767,788,14,24,29400,50400,2026-10-01,2026-10-23,763.04,10,21000,90832255,18310549,0.0554868972481196,99.4865304180767,0.416666666666667
761.85,782,26,25,45344,50375,2026-10-01,2026-10-23,763.04,-1,5030.99999999999,90832255,18310549,0.0554593739855957,99.5419897920623,0.0998709677419352
464.6,465,1235,1235,49400,49400,2026-10-01,2026-12-18,763.04,0,0,529252790,71235277,0.00933391395064729,99.8151713097252,0
594.25,595,651,652,40362,48900,2026-10-01,2026-11-20,763.04,1,8538,451091708,86025104,0.0108403677418074,99.8754160207263,0.174601226993865
664.51,665,1177,997,43549,48853,2026-10-01,2026-10-23,763.04,-180,5304,90832255,18310549,0.0537837577631426,99.5957735498254,0.108570609788549
714.8,715,2456,2409,41752,48180,2026-10-01,2026-10-09,763.04,-47,6427.99999999999,87098388,26450019,0.0553167528198111,99.2353314277183,0.133416355334163
714.88,718,150,153,40350,47736,2026-10-01,2026-11-06,763.04,3,7386,17322238,6830610,0.275576400693721,94.4297497817545,0.154725992961287
735.66,742,72,75,39024,47550,2026-10-01,2026-11-06,763.04,3,8526,17322238,6830610,0.274502636437624,94.7042524181922,0.179305993690852
770.39,793,22,21,49742,47481,2026-10-01,2026-10-23,763.04,-1,-2260.99999999999,90832255,18310549,0.0522732811158327,99.6480468309413,-0.0476190476190475
756.45,780,10,20,17000,47100,2026-10-01,2026-11-06,763.04,10,30100,17322238,6830610,0.271904819689003,94.9761572378812,0.639065817409766
710.06,718,51,59,34884,46846,2026-10-01,2026-12-18,763.04,8,11962,529252790,71235277,0.0088513468204863,99.8240226565457,0.255347308201341
719.77,720,2035,2035,44770,46805,2026-10-01,2026-10-09,763.04,0,2035,87098388,26450019,0.0537380783671909,99.2890695060855,0.0434782608695652
544.54,545,977,1006,34195,46276,2026-10-01,2026-11-20,763.04,29,12081,451091708,86025104,0.0102586678449873,99.8856746885713,0.26106405047973
760.31,786,18,18,28170,46242,2026-10-01,2026-10-23,763.04,0,18072,90832255,18310549,0.0509092282251498,99.6989560591664,0.390813546126898
701.28,703,234,267,31824,45924,2026-10-01,2026-10-30,763.04,33,14100,234901454,52625378,0.0195503259847851,99.4367348615901,0.307029004442122
713.5,722,46,54,33764,45900,2026-10-01,2026-12-18,763.04,8,12136,529252790,71235277,0.00867260425778766,99.8326952608035,0.264400871459695
720.36,724,104,126,32448,45864,2026-10-01,2026-11-06,763.04,22,13416,17322238,6830610,0.264769483019458,95.2409267209006,0.292517006802721
359.87,360,3478,3485,41736,45305,2026-10-01,2026-12-18,763.04,7,3569.00000000001,529252790,71235277,0.00856018161000153,99.8412554424134,0.0787771769120408
699.88,700,3963,3746,51519,44952,2026-10-01,2026-10-09,763.04,-217,-6567.00000000001,87098388,26450019,0.0516105992684962,99.340680105354,-0.146089161772558
679.86,681,394,394,32702,44916,2026-10-01,2026-10-30,763.04,0,12214,234901454,52625378,0.0191212098670109,99.4558560714571,0.271929824561404
755.98,773,25,26,41800,44252,2026-10-01,2026-11-06,763.04,1,2452,17322238,6830610,0.255463526133286,95.4963902470339,0.0554099249751424
369.85,370,2870,2890,40180,43350,2026-10-01,2026-12-18,763.04,20,3170,529252790,71235277,0.00819079291013279,99.8494462353236,0.0731257208765859
364.95,365,8594,8594,42970,42970,2026-10-01,2026-11-20,763.04,0,0,451091708,86025104,0.00952577917925284,99.8952004677506,0
731.66,738,57,67,26505,42478,2026-10-01,2026-11-06,763.04,10,15973,17322238,6830610,0.245222355217611,95.7416126022515,0.376029944912661
728.62,729,1073,1077,38628,40926,2026-10-01,2026-10-09,763.04,4,2298,87098388,26450019,0.0469882404712243,99.3876683458252,0.0561501246151591
709.83,710,2422,2405,36330,40885,2026-10-01,2026-10-09,763.04,-17,4555,87098388,26450019,0.0469411672693644,99.4346095130946,0.111410052586523
721.36,723,310,246,46500,40344,2026-10-01,2026-10-23,763.04,-64,-6156,90832255,18310549,0.0444159401305186,99.7433719992969,-0.152587745389649
604.63,605,1089,1089,29403,40293,2026-10-01,2026-10-30,763.04,0,10890,234901454,52625378,0.0171531505292428,99.4730092219864,0.27027027027027
688.34,690,213,241,32589,40006,2026-10-01,2026-11-06,763.04,28,7417,17322238,6830610,0.230951681878519,95.97256428413,0.185397190421437
758.06,783,16,16,41264,39904,2026-10-01,2026-12-18,763.04,0,-1360,529252790,71235277,0.00753968628110586,99.8569859216047,-0.0340817963111468
464.87,465,3053,3063,39689,39819,2026-10-01,2026-11-20,763.04,10,130,451091708,86025104,0.00882725159736255,99.9040277193479,0.00326477309826967
609.65,610,1135,1136,32915,39760,2026-10-01,2026-10-30,763.04,1,6845,234901454,52625378,0.016926246867761,99.4899354688541,0.172157947686117
701.58,708,48,61,28368,39162,2026-10-01,2026-12-18,763.04,13,10794,529252790,71235277,0.00739948862621962,99.8643854102309,0.275624329707369
624.63,625,962,1049,31746,38813,2026-10-01,2026-10-30,763.04,87,7067,234901454,52625378,0.0165230990864791,99.5064585679406,0.182078169685415
529.65,530,1107,1107,30996,38745,2026-10-01,2026-11-20,763.04,0,7749,451091708,86025104,0.0085891625389842,99.9126168818869,0.2
743.93,744,4951,5434,44559,38038,2026-10-01,2026-10-02,763.04,483,-6520.99999999999,38516943,13375764,0.0987565394273372,98.6998968220297,-0.171433829328566
434.67,435,1128,1129,31584,37257,2026-10-01,2026-12-18,763.04,1,5673,529252790,71235277,0.00703954720767745,99.8714249574386,0.152266688139142
760.42,787,14,14,29750,37212,2026-10-01,2026-10-23,763.04,0,7462,90832255,18310549,0.0409678258015283,99.7843398250985,0.200526711813394
735.85,743,33,52,17721,37180,2026-10-01,2026-11-06,763.04,19,19459,17322238,6830610,0.214637392697179,96.1872016768272,0.523372781065089
743.09,751,19,47,13642,37177,2026-10-01,2026-11-06,763.04,28,23535,17322238,6830610,0.214620073918855,96.4018217507461,0.633052693869866
763.45,785,332,17,545144,36635,2026-10-01,2026-10-09,763.04,-315,-508509,87098388,26450019,0.0420616280521748,99.4766711411467,-13.8804149037805
684.92,686,337,336,38755,36288,2026-10-01,2026-10-30,763.04,-1,-2466.99999999999,234901454,52625378,0.015448180239872,99.5219067481805,-0.067983906525573
764.75,810,9,8,40725,36200,2026-10-01,2026-11-20,763.04,-1,-4525,451091708,86025104,0.00802497571070404,99.9206418575976,-0.125
149.99,150,35477,36080,35477,36080,2026-10-01,2026-12-18,763.04,603,603,529252790,71235277,0.00681715820525009,99.8782421156438,0.0167128603104213
634.85,635,2400,2397,31200,35955,2026-10-01,2026-10-16,763.04,-3,4755,353058462,80809152,0.0101838658097366,99.8614005745032,0.132248644138506
764.56,800,210,10,664650,35440,2026-10-01,2026-10-30,763.04,-200,-629210,234901454,52625378,0.0150871777915857,99.536993925972,-17.7542325056433
677.87,679,311,312,26124,35256,2026-10-01,2026-10-30,763.04,1,9131.99999999999,234901454,52625378,0.0150088470716746,99.5520027730437,0.259019741320626
721.46,726,64,77,21376,34958,2026-10-01,2026-11-06,763.04,13,13582,17322238,6830610,0.201809950885099,96.6036317016312,0.388523370902226
439.48,440,672,672,34944,34944,2026-10-01,2026-12-18,763.04,0,0,529252790,71235277,0.0066025159735105,99.8848446316173,0
685.78,687,286,286,31174,34892,2026-10-01,2026-10-30,763.04,0,3718,234901454,52625378,0.0148538884735894,99.5668566615173,0.10655737704918
344.89,345,3157,3157,34727,34727,2026-10-01,2026-12-18,763.04,0,0,529252790,71235277,0.00656151477255321,99.8914061463899,0
634.49,635,679,679,26481,34629,2026-10-01,2026-10-30,763.04,0,8148,234901454,52625378,0.0147419266293686,99.5815985881467,0.235294117647059
665.11,666,385,388,28490,34532,2026-10-01,2026-10-30,763.04,3,6042,234901454,52625378,0.0147006327172415,99.5962992208639,0.174968145488243
717.62,721,58,102,17980,34476,2026-10-01,2026-11-06,763.04,44,16496,17322238,6830610,0.199027400501021,96.8026591021322,0.478477781645202
694.94,701,50,56,25900,33936,2026-10-01,2026-12-18,763.04,6,8035.99999999999,529252790,71235277,0.00641205878196693,99.8978182051719,0.236798679867987
692.54,694,231,232,25179,33872,2026-10-01,2026-10-30,763.04,1,8693,234901454,52625378,0.0144196638306036,99.6107188846945,0.256642654700047
731.16,737,47,58,22372,33872,2026-10-01,2026-11-06,763.04,11,11500,17322238,6830610,0.19554055313176,96.9981996552639,0.339513462446859
764.31,795,12,11,36828,33759,2026-10-01,2026-10-16,763.04,-1,-3069,353058462,80809152,0.00956187250371016,99.8709624470069,-0.0909090909090909
725.64,726,922,924,25816,33264,2026-10-01,2026-10-09,763.04,2,7448,87098388,26450019,0.0381912923577874,99.5148624335045,0.223905723905724
765.06,802,9,9,33246,33246,2026-10-01,2026-10-30,763.04,0,0,234901454,52625378,0.0141531690987319,99.6248720537933,0
696.86,703,45,54,24210,33156,2026-10-01,2026-12-18,763.04,9,8946,529252790,71235277,0.0062646811932725,99.9040828863651,0.269815418023887
723.76,724,1363,1380,34075,33120,2026-10-01,2026-10-09,763.04,17,-955,87098388,26450019,0.0380259620878402,99.5528883955924,-0.0288345410628019
639.49,640,643,644,27006,32844,2026-10-01,2026-10-30,763.04,1,5838,234901454,52625378,0.0139820335041434,99.6388540872974,0.177749360613811
652.32,653,528,479,26400,32572,2026-10-01,2026-10-30,763.04,-49,6172,234901454,52625378,0.0138662402660139,99.6527203275634,0.189487903720987
324.9,325,3251,3251,29259,32510,2026-10-01,2026-12-18,763.04,0,3251.00000000001,529252790,71235277,0.00614262231853327,99.9102255086837,0.1
752.94,771,13,18,16796,32508,2026-10-01,2026-11-06,763.04,5,15712,17322238,6830610,0.187666281920385,97.1858659371843,0.4833271810016
651.32,652,474,474,32232,32232,2026-10-01,2026-10-30,763.04,0,0,234901454,52625378,0.0137214987183519,99.6664418262818,0
609.91,610,3574,3574,32166,32166,2026-10-01,2026-10-16,763.04,0,0,353058462,80809152,0.00911067244155162,99.8800731194484,0
680.93,682,300,300,26100,32100,2026-10-01,2026-10-30,763.04,0,6000,234901454,52625378,0.0136653049410243,99.6801071312228,0.186915887850467
554.61,555,799,804,31161,31356,2026-10-01,2026-11-20,763.04,5,195,451091708,86025104,0.00695113641947061,99.9275929940171,0.00621890547263682
753.55,782,11,11,25047,31295,2026-10-01,2026-12-18,763.04,0,6248,529252790,71235277,0.00591305338229771,99.916138562066,0.199648506151142
644.36,645,485,486,22310,31104,2026-10-01,2026-10-30,763.04,1,8794,234901454,52625378,0.0132412973484617,99.6933484285712,0.282728909465021
720.48,722,170,204,23120,31008,2026-10-01,2026-10-23,763.04,34,7888,90832255,18310549,0.034137652973605,99.8184774780721,0.254385964912281
655.32,656,456,455,30552,30940,2026-10-01,2026-10-30,763.04,-1,388,234901454,52625378,0.0131714808372365,99.7065199094085,0.0125404007756949
429.89,430,2792,2792,30712,30712,2026-10-01,2026-11-20,763.04,0,0,451091708,86025104,0.00680837165820836,99.9344013656753,0
718.41,722,63,85,19908,30515,2026-10-01,2026-11-06,763.04,22,10607,17322238,6830610,0.176160840187047,97.3620267773714,0.347599541209241
704.87,705,2372,2346,35580,30498,2026-10-01,2026-10-09,763.04,-26,-5082,87098388,26450019,0.0350155734225529,99.5879039690149,-0.16663387763132
676.95,678,288,290,22176,30450,2026-10-01,2026-10-30,763.04,2,8274,234901454,52625378,0.0129628827244296,99.7194827921329,0.271724137931035
594.99,595,30322,30322,30322,30322,2026-10-01,2026-10-02,763.04,0,0,38516943,13375764,0.0787237969534602,98.7786206189832,0
663.84,665,57,261,5301,30276,2026-10-01,2026-11-06,763.04,204,24975,17322238,6830610,0.174781110847224,97.5368078882186,0.824910820451843
712.41,716,69,84,17733,30156,2026-10-01,2026-11-06,763.04,15,12423,17322238,6830610,0.174088359714259,97.7108962479329,0.411957819339435
753.4,772,3,16,3975,29760,2026-10-01,2026-11-06,763.04,13,25785,17322238,6830610,0.171802280975472,97.8826985289083,0.866431451612903
768.11,791,13,13,29757,29757,2026-10-01,2026-10-23,763.04,0,0,90832255,18310549,0.0327603889169106,99.851237866989,0
454.64,455,819,819,29484,29484,2026-10-01,2026-12-18,763.04,0,0,529252790,71235277,0.00557087285264949,99.9217094349186,0
629.32,630,423,425,25380,28900,2026-10-01,2026-11-06,763.04,2,3520,17322238,6830610,0.166837564522552,98.0495360934309,0.121799307958478
719.42,723,63,80,19467,28640,2026-10-01,2026-11-06,763.04,17,9173,17322238,6830610,0.16533660373446,98.2148726971653,0.320286312849162
762.93,810,6,6,28242,28242,2026-10-01,2026-10-30,763.04,0,0,234901454,52625378,0.0120229140854956,99.7315057062184,0
274.95,275,5547,5541,27735,27705,2026-10-01,2026-12-18,763.04,-6,-30.0000000000036,529252790,71235277,0.00523473858305027,99.9269441735017,-0.00108283703302666
758.72,776,16,16,27648,27648,2026-10-01,2026-11-06,763.04,0,0,17322238,6830610,0.159609861035277,98.3744825582006,0
614.49,615,540,540,26460,27540,2026-10-01,2026-11-06,763.04,0,1079.99999999999,17322238,6830610,0.158986385015608,98.5334689432162,0.0392156862745095
574.79,575,1307,1306,27447,27426,2026-10-01,2026-10-30,763.04,-1,-20.9999999999964,234901454,52625378,0.011675534371107,99.7431812405895,-0.000765696784073374
739.97,740,9349,9139,65443,27417,2026-10-01,2026-10-02,763.04,-210,-38026,38516943,13375764,0.0711816615352885,98.8498022805185,-1.38694970273918
604.9,605,2573,2697,23157,26970,2026-10-01,2026-10-16,763.04,124,3813,353058462,80809152,0.00763896150434146,99.8877120809528,0.141379310344828
639.19,640,326,331,21842,26811,2026-10-01,2026-11-06,763.04,5,4969,17322238,6830610,0.154777921882842,98.6882468650991,0.185334377680803
656.48,657,506,505,26312,26260,2026-10-01,2026-10-30,763.04,-1,-51.9999999999964,234901454,52625378,0.0111791560047134,99.7543603965942,-0.00198019801980184
726.72,727,932,931,27960,26068,2026-10-01,2026-10-09,763.04,-1,-1892,87098388,26450019,0.0299293713679293,99.6178333403829,-0.0725794077029307
229.97,230,8617,8617,25851,25851,2026-10-01,2026-12-18,763.04,0,0,529252790,71235277,0.0048844333914612,99.9318286068931,0
404.79,405,1263,1229,25260,25809,2026-10-01,2026-12-18,763.04,-34,548.999999999993,529252790,71235277,0.00487649767514688,99.9367051045683,0.021271649424619
764.27,850,3,3,25719,25719,2026-10-01,2026-12-18,763.04,0,0,529252790,71235277,0.00485949256875906,99.941564597137,0
741.95,742,5347,5121,37429,25605,2026-10-01,2026-10-02,763.04,-226,-11824,38516943,13375764,0.0664772383415787,98.9162795188601,-0.461784807654755
624.29,625,360,360,22320,25560,2026-10-01,2026-11-06,763.04,0,3240,17322238,6830610,0.147555991321676,98.8358028564208,0.126760563380282
767.02,790,11,11,27544,25278,2026-10-01,2026-10-09,763.04,0,-2266,87098388,26450019,0.0290223511369694,99.6468556915198,-0.0896431679721497
354.87,355,1930,1940,23160,25220,2026-10-01,2026-12-18,763.04,10,2060,529252790,71235277,0.00476520870111993,99.9463298058382,0.0816812053925456
643.38,644,401,406,28070,25172,2026-10-01,2026-10-30,763.04,5,-2898,234901454,52625378,0.0107159830521952,99.7650763796464,-0.115127919911012
614.65,615,716,718,22912,25130,2026-10-01,2026-10-30,763.04,2,2218,234901454,52625378,0.0106981032139546,99.7757744828604,0.0882610425785913
642.37,643,394,394,19700,24822,2026-10-01,2026-10-30,763.04,0,5122,234901454,52625378,0.0105669844001902,99.7863414672606,0.206349206349206
694.9,695,2734,2454,30074,24540,2026-10-01,2026-10-09,763.04,-280,-5534,87098388,26450019,0.0281750335034903,99.6750307250233,-0.225509372453138
647.41,648,413,413,24367,24367,2026-10-01,2026-10-30,763.04,0,0,234901454,52625378,0.0103732861525838,99.7967147534132,0
339.9,340,2410,2410,24100,24100,2026-10-01,2026-12-18,763.04,0,0,529252790,71235277,0.00455358959940485,99.9508833954376,0
730.98,731,1685,12043,8425,24086,2026-10-01,2026-10-02,763.04,10358,15661,38516943,13375764,0.0625335193397877,98.9788130381999,0.650211741260483
732.87,739,35,39,16695,23907,2026-10-01,2026-11-06,763.04,4,7212,17322238,6830610,0.138013344465074,98.9738162008858,0.301668967248086
640.41,641,351,404,15444,23836,2026-10-01,2026-10-30,763.04,53,8392,234901454,52625378,0.0101472339119706,99.8068619873251,0.352072495385132
658.96,660,188,226,16168,23504,2026-10-01,2026-11-06,763.04,38,7336,17322238,6830610,0.135686855243532,99.1095030561294,0.31211708645337
364.88,365,1952,1952,23424,23424,2026-10-01,2026-12-18,763.04,0,0,529252790,71235277,0.00442586235586968,99.9553092577934,0
589.76,590,970,972,21340,23328,2026-10-01,2026-10-30,763.04,2,1988,234901454,52625378,0.00993097301134628,99.8167929603365,0.0852194787379973
394.93,395,3306,3306,19836,23142,2026-10-01,2026-11-20,763.04,0,3306,451091708,86025104,0.00513022066014124,99.9395315863354,0.142857142857143
645.36,646,141,361,6345,23104,2026-10-01,2026-10-30,763.04,220,16759,234901454,52625378,0.00983561387406312,99.8266285742105,0.725372229916898
762.54,779,256,14,280064,23044,2026-10-01,2026-10-02,763.04,-242,-257020,38516943,13375764,0.0598282163774005,99.0386412545772,-11.1534455823642
689.92,690,2815,2845,30965,22760,2026-10-01,2026-10-09,763.04,30,-8205,87098388,26450019,0.0261313676666438,99.7011620926899,-0.360500878734622
279.95,280,4538,4506,22690,22530,2026-10-01,2026-12-18,763.04,-32,-160,529252790,71235277,0.00425694496575068,99.9595662027592,-0.00710164225477142
666.27,667,307,308,23946,22484,2026-10-01,2026-10-30,763.04,1,-1462,234901454,52625378,0.00957167340479723,99.8362002476153,-0.0650240170788116
732.43,733,401,392,16441,22344,2026-10-01,2026-10-09,763.04,-9,5903,87098388,26450019,0.0256537468867966,99.7268158395767,0.264187253848908
589.93,590,3178,3191,34958,22337,2026-10-01,2026-10-16,763.04,13,-12621,353058462,80809152,0.00632671424258343,99.8940387951954,-0.565026637417737
740.95,741,4667,4414,28002,22070,2026-10-01,2026-10-02,763.04,-253,-5932,38516943,13375764,0.0572994590977794,99.095940713675,-0.268781150883552
534.67,535,666,668,21978,22044,2026-10-01,2026-11-20,763.04,2,66,451091708,86025104,0.00488681117587735,99.9444183975113,0.0029940119760479
763.57,800,6,6,19476,21858,2026-10-01,2026-10-02,763.04,0,2382,38516943,13375764,0.0567490519691555,99.1526897656442,0.108976118583585
399.99,400,21695,21695,21695,21695,2026-10-01,2026-10-16,763.04,0,0,353058462,80809152,0.00614487466951012,99.9001836698648,0
767.72,811,5,5,21640,21640,2026-10-01,2026-12-18,763.04,0,0,529252790,71235277,0.0040887833581378,99.9636549861173,0
771.2,825,4,4,21520,21520,2026-10-01,2026-10-30,763.04,0,0,234901454,52625378,0.0091612885461322,99.8453615361615,0
731.62,732,463,562,19909,21356,2026-10-01,2026-10-09,763.04,99,1447,87098388,26450019,0.0245193975346593,99.7513352371114,0.0677561341075108
249.96,250,4936,5336,14808,21344,2026-10-01,2026-12-18,763.04,400,6536,529252790,71235277,0.00403285545268453,99.96768784157,0.306221889055472
764.5,782,17,12,28084,21000,2026-10-01,2026-10-09,763.04,-5,-7084,87098388,26450019,0.02411066436729,99.7754459014787,-0.337333333333333
259.96,260,5243,5243,20972,20972,2026-10-01,2026-12-18,763.04,0,0,529252790,71235277,0.00396256767961488,99.9716504092496,0
690.45,692,127,135,13462,20925,2026-10-01,2026-10-30,763.04,8,7463,234901454,52625378,0.00890799083772381,99.8542695269992,0.356654719235364
761.11,782,10,10,20890,20890,2026-10-01,2026-11-20,763.04,0,0,451091708,86025104,0.00463098736454717,99.9490493848759,0
734.98,735,4291,10343,21455,20686,2026-10-01,2026-10-02,763.04,6052,-769,38516943,13375764,0.05370623520148,99.2063960008457,-0.0371749008991588
658.35,659,314,314,17898,20410,2026-10-01,2026-10-30,763.04,0,2512,234901454,52625378,0.0086887499640594,99.8629582769632,0.123076923076923
294.92,295,2503,2503,20024,20024,2026-10-01,2026-12-18,763.04,0,0,529252790,71235277,0.00378344722566318,99.9754338564753,0
720.78,721,896,909,22400,19998,2026-10-01,2026-10-09,763.04,13,-2402,87098388,26450019,0.0229602412389079,99.7984061427176,-0.12011201120112
683.35,685,100,118,13300,19470,2026-10-01,2026-11-06,763.04,18,6170,17322238,6830610,0.112398871323671,99.221901927453,0.316897791474063
449.85,450,1262,1272,12620,19080,2026-10-01,2026-11-20,763.04,10,6460,451091708,86025104,0.00422973857901197,99.9532791234549,0.338574423480084
763.21,795,6,6,15798,19074,2026-10-01,2026-10-02,763.04,0,3276,38516943,13375764,0.0495210640159059,99.2559170648616,0.171752123309217
648.29,649,183,266,8967,18886,2026-10-01,2026-10-30,763.04,83,9919,234901454,52625378,0.00803996726218647,99.8709982442254,0.525203854707191
539.96,540,4655,4708,18620,18832,2026-10-01,2026-10-16,763.04,53,212,353058462,80809152,0.00533396081015047,99.905517630675,0.0112574341546304
763,810,4,4,18800,18800,2026-10-01,2026-10-09,763.04,0,0,87098388,26450019,0.0215847852430977,99.8199909279607,0
730.61,731,491,482,20622,18798,2026-10-01,2026-10-09,763.04,-9,-1824,87098388,26450019,0.0215824889893485,99.84157341695,-0.0970315991062879
758.06,781,8,8,14720,18352,2026-10-01,2026-11-06,763.04,0,3632,17322238,6830610,0.105944739934874,99.3278466673879,0.197907585004359
309.92,310,2214,2214,17712,17712,2026-10-01,2026-12-18,763.04,0,0,529252790,71235277,0.00334660493712277,99.9787804614124,0
499.98,500,7303,8803,14606,17606,2026-10-01,2026-10-16,763.04,1500,3000,353058462,80809152,0.00498670953820674,99.9105043402132,0.17039645575372
669.94,670,2904,2911,17424,17466,2026-10-01,2026-10-09,763.04,7,42.0000000000036,87098388,26450019,0.0200531839923375,99.8616266009424,0.00240467193404349
764.71,782,17,10,26384,17290,2026-10-01,2026-10-02,763.04,-7,-9094,38516943,13375764,0.0448893361033351,99.3008064009649,-0.525968768074031
673.19,674,215,213,16125,17253,2026-10-01,2026-10-30,763.04,-2,1128,234901454,52625378,0.00734478212297486,99.8783430263484,0.0653799339245349
499.91,500,1874,1901,13118,17109,2026-10-01,2026-10-30,763.04,27,3991,234901454,52625378,0.00728347982043568,99.8856265061688,0.233269039686715
715.84,719,50,54,13750,17064,2026-10-01,2026-11-06,763.04,4,3314,17322238,6830610,0.0985092111077102,99.4263558784956,0.194210032817628
676.13,677,196,196,19404,17052,2026-10-01,2026-10-30,763.04,0,-2352,234901454,52625378,0.00725921432568059,99.8928857204945,-0.137931034482759
674.93,675,2317,2335,20853,16345,2026-10-01,2026-10-09,763.04,18,-4508,87098388,26450019,0.0187661337658741,99.8803927347083,-0.275802997858672
762.25,777,363,11,386595,16225,2026-10-01,2026-10-02,763.04,-352,-370370,38516943,13375764,0.0421243191600123,99.3429307201249,-22.8271186440678
429.99,430,15749,15749,15749,15749,2026-10-01,2026-10-16,763.04,0,0,353058462,80809152,0.00446073432450403,99.9149650745377,0
524.67,525,477,477,15741,15741,2026-10-01,2026-11-20,763.04,0,0,451091708,86025104,0.00348953432768487,99.9567686577826,0
728.98,729,1765,7858,7060,15716,2026-10-01,2026-10-02,763.04,6093,8656,38516943,13375764,0.0408028227993068,99.3837335429242,0.550776278951387
661.39,662,246,256,15006,15616,2026-10-01,2026-10-30,763.04,10,610,234901454,52625378,0.00664789414202604,99.8995336146366,0.0390625
554.97,555,5124,5124,15372,15372,2026-10-01,2026-10-02,763.04,0,0,38516943,13375764,0.0399097093453133,99.4236432522695,0
646.41,647,257,257,15163,15163,2026-10-01,2026-10-30,763.04,0,0,234901454,52625378,0.00645504731528822,99.9059886619519,0
768.74,799,5,5,15130,15130,2026-10-01,2026-11-20,763.04,0,0,451091708,86025104,0.00335408515201525,99.9601227429346,0
319.91,320,1677,1677,15093,15093,2026-10-01,2026-12-18,763.04,0,0,529252790,71235277,0.00285175634123724,99.9816322177536,0
765.94,840,2,2,15100,14812,2026-10-01,2026-10-30,763.04,0,-288,234901454,52625378,0.00630562295284898,99.9122942849047,-0.0194436943019174
721.76,722,601,604,14424,14496,2026-10-01,2026-10-09,763.04,3,72.0000000000018,87098388,26450019,0.0166432471746779,99.8970359818829,0.00496688741721867
594.92,595,1784,1789,14272,14312,2026-10-01,2026-10-16,763.04,5,40,353058462,80809152,0.00405371957916703,99.9190187941169,0.00279485746226942
409.99,410,14221,14221,14221,14221,2026-10-01,2026-10-16,763.04,0,0,353058462,80809152,0.00402794481102113,99.9230467389279,0
659.55,660,317,316,10778,14220,2026-10-01,2026-10-23,763.04,-1,3442,90832255,18310549,0.0156552317235766,99.8668930987126,0.242053445850914
653.25,654,189,189,13608,14175,2026-10-01,2026-10-30,763.04,0,567.000000000002,234901454,52625378,0.0060344454062,99.9183287303109,0.0400000000000001
735.98,736,986,6940,3944,13880,2026-10-01,2026-10-02,763.04,5954,9936,38516943,13375764,0.0360360893646207,99.4596793416342,0.715850144092219
459.84,460,853,853,11089,13648,2026-10-01,2026-11-20,763.04,0,2559,451091708,86025104,0.00302554885358256,99.9631482917881,0.1875
668.07,669,146,146,11096,13578,2026-10-01,2026-10-30,763.04,0,2482,234901454,52625378,0.005780296276923,99.9241090265878,0.182795698924731
670.14,671,139,156,9730,13416,2026-10-01,2026-10-30,763.04,17,3686,234901454,52625378,0.00571133118656643,99.9298203577744,0.274746571258199
579.92,580,1639,1643,9834,13144,2026-10-01,2026-10-16,763.04,4,3310,353058462,80809152,0.00372289618142618,99.9267696351093,0.251825928180158
639.65,640,375,375,9375,13125,2026-10-01,2026-10-23,763.04,0,3750,90832255,18310549,0.0144497128250312,99.8813428115376,0.285714285714286
722.63,723,315,346,7560,12802,2026-10-01,2026-10-09,763.04,31,5242,87098388,26450019,0.0146983202490498,99.911734302132,0.409467270738947
713.83,717,41,40,10496,12680,2026-10-01,2026-11-06,763.04,-1,2184,17322238,6830610,0.0732007030500332,99.4995565815456,0.172239747634069
409.92,410,1525,1545,13725,12360,2026-10-01,2026-11-20,763.04,20,-1365,451091708,86025104,0.00274001933105806,99.9658883111192,-0.110436893203884
624.74,625,465,473,13020,12298,2026-10-01,2026-10-23,763.04,8,-722.000000000002,90832255,18310549,0.0135392433007416,99.8948820548383,-0.0587087331273379
584.93,585,1742,1735,12194,12145,2026-10-01,2026-10-16,763.04,-7,-49,353058462,80809152,0.00343994021024201,99.9302095753196,-0.00403458213256484
654.58,655,267,288,8010,12096,2026-10-01,2026-10-23,763.04,21,4086,90832255,18310549,0.0133168553395487,99.9081989101779,0.337797619047619
584.79,585,570,569,12540,11949,2026-10-01,2026-10-30,763.04,-1,-591,234901454,52625378,0.00508681397944859,99.9349071717538,-0.0494602058749686
761.35,785,5,5,10315,11825,2026-10-01,2026-11-06,763.04,0,1510,17322238,6830610,0.0682648512276532,99.5678214327733,0.1276955602537
614.91,615,1304,1308,13040,11772,2026-10-01,2026-10-16,763.04,4,-1268,353058462,80809152,0.00333429198476484,99.9335438673043,-0.107713217804961
742.95,743,2288,2342,18304,11710,2026-10-01,2026-10-02,763.04,54,-6594,38516943,13375764,0.0304022050763478,99.4900815467105,-0.563108454312553
684.92,685,1458,1451,14580,11608,2026-10-01,2026-10-09,763.04,-7,-2972,87098388,26450019,0.0133274567607382,99.9250617588927,-0.256030323914542
419.93,420,1046,1638,7322,11466,2026-10-01,2026-11-20,763.04,592,4144,451091708,86025104,0.00254183346682134,99.968430144586,0.361416361416361
354.99,355,11300,11300,11300,11300,2026-10-01,2026-10-16,763.04,0,0,353058462,80809152,0.0032006030774586,99.9367444703818,0
650.26,651,151,152,7248,11248,2026-10-01,2026-10-30,763.04,1,4000,234901454,52625378,0.00478839096500441,99.9396955627188,0.355618776671408
329.9,330,1114,1124,10026,11240,2026-10-01,2026-12-18,763.04,10,1214,529252790,71235277,0.00212374884221206,99.9837559665959,0.108007117437722
768.56,791,147,5,329868,11220,2026-10-01,2026-10-16,763.04,-142,-318648,353058462,80809152,0.00317794394062703,99.9399224143224,-28.4
699.99,700,10990,11207,21980,11207,2026-10-01,2026-10-02,763.04,217,-10773,38516943,13375764,0.0290962862758864,99.5191778329864,-0.961274203622736
464.97,465,3710,3710,11130,11130,2026-10-01,2026-10-16,763.04,0,0,353058462,80809152,0.00315245241169152,99.9430748667341,0
554.96,555,1788,2779,7152,11116,2026-10-01,2026-10-16,763.04,991,3964,353058462,80809152,0.003148487062746,99.9462233537969,0.356603094638359
760.67,815,2,2,10426,10866,2026-10-01,2026-11-20,763.04,0,440,451091708,86025104,0.0024088228196826,99.9708389674057,0.0404932817964292
559.99,560,10799,10798,10799,10798,2026-10-01,2026-10-02,763.04,-1,-1,38516943,13375764,0.0280344159192488,99.5472122489056,-9.26097425449157e-05
369.99,370,10620,10620,10620,10620,2026-10-01,2026-10-16,763.04,0,0,353058462,80809152,0.00300800041439029,99.9492313542112,0
763.74,815,2,2,10252,10252,2026-10-01,2026-10-16,763.04,0,0,353058462,80809152,0.00290376838496509,99.9521351225962,0
758.43,784,4,4,10568,10228,2026-10-01,2026-12-18,763.04,0,-340,529252790,71235277,0.00193253586816236,99.985688502464,-0.03324208056316
599.57,600,82,237,3116,10191,2026-10-01,2026-11-06,763.04,155,7075,17322238,6830610,0.0588318899671047,99.6266533227404,0.694240015700128
219.97,220,3304,3304,9912,9912,2026-10-01,2026-12-18,763.04,0,0,529252790,71235277,0.00187282905017846,99.9875613315142,0
534.93,535,18,1398,108,9786,2026-10-01,2026-10-23,763.04,1380,9678,90832255,18310549,0.0107737058823432,99.9189726160602,0.988963825873697
549.84,550,612,611,7956,9776,2026-10-01,2026-10-30,763.04,-1,1820,234901454,52625378,0.00416174520571507,99.9438573079246,0.186170212765957
209.98,210,4816,4816,9632,9632,2026-10-01,2026-12-18,763.04,0,0,529252790,71235277,0.00181992427474969,99.989381255789,0
299.98,300,4717,4718,9434,9436,2026-10-01,2026-11-20,763.04,1,2,451091708,86025104,0.0020918141106686,99.9729307815164,0.000211954217888936
374.94,375,2207,1566,11035,9396,2026-10-01,2026-11-20,763.04,-641,-1639,451091708,86025104,0.00208294673419268,99.9750137282506,-0.174435930183057
757.45,788,4,3,10160,9165,2026-10-01,2026-11-20,763.04,-1,-995,451091708,86025104,0.00203173763504427,99.9770454658856,-0.108565193671577
504.72,505,319,319,7656,8932,2026-10-01,2026-11-20,763.04,0,1276,451091708,86025104,0.00198008516707206,99.9790255510527,0.142857142857143
724.98,725,3496,4427,10488,8854,2026-10-01,2026-10-02,763.04,931,-1634,38516943,13375764,0.0229872864001694,99.5701995353058,-0.184549356223176
675.04,676,85,91,8160,8736,2026-10-01,2026-10-30,763.04,6,576.000000000001,234901454,52625378,0.00371900635404326,99.9475763142786,0.065934065934066
359.96,360,2079,2151,8316,8604,2026-10-01,2026-11-20,763.04,72,288,451091708,86025104,0.00190737267996955,99.9809329237327,0.0334728033472803
763.6,785,0,4,0,8560,2026-10-01,2026-10-02,763.04,4,8560,38516943,13375764,0.0222239859482099,99.592423521254,1
761.74,783,2,4,4252,8504,2026-10-01,2026-11-20,763.04,2,4252,451091708,86025104,0.00188520423877976,99.9828181279715,0.5
761.67,790,0,3,0,8499,2026-10-01,2026-10-02,763.04,3,8499,38516943,13375764,0.0220656140857285,99.6144891353397,1
763.76,792,38,3,107312,8472,2026-10-01,2026-10-16,763.04,-35,-98840,353058462,80809152,0.00239960259046277,99.9545347251867,-11.6666666666667
314.92,315,1043,1058,8344,8464,2026-10-01,2026-12-18,763.04,15,120,529252790,71235277,0.00159923578296111,99.9909804915719,0.0141776937618147
469.98,470,4216,4216,8432,8432,2026-10-01,2026-10-16,763.04,0,0,353058462,80809152,0.00238827302204698,99.9569229982087,0
714.98,715,4165,4180,8330,8360,2026-10-01,2026-10-02,763.04,15,30,38516943,13375764,0.0217047339400741,99.6361938692798,0.00358851674641148
709.99,710,8146,8145,24438,8145,2026-10-01,2026-10-02,763.04,-1,-16293,38516943,13375764,0.0211465380313282,99.6573404073112,-2.00036832412523
539.86,540,574,574,8610,8036,2026-10-01,2026-10-30,763.04,0,-573.999999999998,234901454,52625378,0.00342100905003338,99.9509973233286,-0.0714285714285712
499.96,500,1958,2000,7832,8000,2026-10-01,2026-10-23,763.04,42,167.999999999999,90832255,18310549,0.00880744400763804,99.9277800600679,0.0209999999999999
554.82,555,443,443,7974,7974,2026-10-01,2026-10-30,763.04,0,0,234901454,52625378,0.00339461500310679,99.9543919383317,0
763.11,783,8,4,15912,7956,2026-10-01,2026-10-09,763.04,-4,-7956,87098388,26450019,0.00913449741457902,99.9341962563073,-1
414.92,415,397,985,2779,7880,2026-10-01,2026-11-20,763.04,588,5101,451091708,86025104,0.00174687316575547,99.9845650011372,0.647335025380711
669.99,670,7684,7878,7684,7878,2026-10-01,2026-10-02,763.04,194,194,38516943,13375764,0.020453336600467,99.6777937439116,0.0246255394770246
544.84,545,481,481,7696,7696,2026-10-01,2026-10-30,763.04,0,0,234901454,52625378,0.00327626750237144,99.9576682058341,0
619.44,620,137,137,7672,7672,2026-10-01,2026-11-06,763.04,0,0,17322238,6830610,0.0442898891009349,99.6709432118413,0
559.8,560,376,376,5640,7520,2026-10-01,2026-10-30,763.04,0,1880,234901454,52625378,0.00320134246593467,99.9608695483,0.25
768.19,805,2,2,7362,7362,2026-10-01,2026-10-30,763.04,0,0,234901454,52625378,0.0031340802173153,99.9640036285174,0
529.88,530,613,611,6130,7332,2026-10-01,2026-10-30,763.04,-2,1202,234901454,52625378,0.00312130890428631,99.9671249374216,0.163938897981451
719.99,720,3480,7113,10440,7113,2026-10-01,2026-10-02,763.04,3633,-3327,38516943,13375764,0.0184671976693477,99.696260941581,-0.467735132855335
671.01,672,65,70,4615,6930,2026-10-01,2026-10-30,763.04,5,2315,234901454,52625378,0.00295017330969778,99.9700751107313,0.334054834054834
374.99,375,6868,6868,6868,6868,2026-10-01,2026-10-16,763.04,0,0,353058462,80809152,0.00194528689698988,99.9588682851057,0
599.83,600,386,398,5404,6766,2026-10-01,2026-10-23,763.04,12,1362,90832255,18310549,0.00744889576945987,99.9352289558373,0.201300620750813
738.96,739,1964,1690,11784,6760,2026-10-01,2026-10-02,763.04,-274,-5024,38516943,13375764,0.0175507178749882,99.713811659456,-0.743195266272189
657.21,658,85,85,6460,6715,2026-10-01,2026-10-30,763.04,0,255.000000000002,234901454,52625378,0.00285864556632332,99.9729337562977,0.0379746835443041
569.95,570,1441,1334,7205,6670,2026-10-01,2026-10-16,763.04,-107,-535,353058462,80809152,0.00188920553333176,99.9607574906391,-0.0802098950524738
634.67,635,140,200,3500,6600,2026-10-01,2026-10-23,763.04,60,3100,90832255,18310549,0.00726614130630138,99.9424950971436,0.46969696969697
254.96,255,1645,1645,6580,6580,2026-10-01,2026-12-18,763.04,0,0,529252790,71235277,0.0012432622225761,99.9922237537945,0
660.16,661,73,78,4234,6552,2026-10-01,2026-10-30,763.04,5,2318,234901454,52625378,0.00278925476553244,99.9757230110632,0.353785103785104
339.97,340,2089,2161,6267,6483,2026-10-01,2026-11-20,763.04,72,216.000000000001,451091708,86025104,0.0014371800423341,99.9860021811795,0.0333179083757521
720.98,721,2182,3221,6546,6442,2026-10-01,2026-10-02,763.04,1039,-103.999999999999,38516943,13375764,0.0167251071820523,99.730536766638,-0.0161440546414156
619.8,620,324,319,6156,6380,2026-10-01,2026-10-23,763.04,-5,224,90832255,18310549,0.00702393659609133,99.9495190337397,0.0351097178683386
599.99,600,6352,6352,6352,6352,2026-10-01,2026-10-02,763.04,0,0,38516943,13375764,0.0164914437783912,99.7470282104164,0
474.98,475,3132,3132,6264,6264,2026-10-01,2026-10-16,763.04,0,0,353058462,80809152,0.00177421041391156,99.962531701053,0
349.99,350,6255,6255,6255,6255,2026-10-01,2026-10-16,763.04,0,0,353058462,80809152,0.00177166126101801,99.964303362314,0
404.99,405,6236,6236,6236,6236,2026-10-01,2026-10-16,763.04,0,0,353058462,80809152,0.00176627971602052,99.96606964203,0
762.73,825,1,1,5550,6227,2026-10-01,2026-11-20,763.04,0,677,451091708,86025104,0.00138042883288823,99.9873826100124,0.108720089930946
762.97,825,1,1,6203,6203,2026-10-01,2026-10-02,763.04,0,0,38516943,13375764,0.0161046010323301,99.7631328114487,0
768.38,789,3,3,6186,6186,2026-10-01,2026-10-09,763.04,0,0,87098388,26450019,0.00710231284647886,99.9412985691538,0
574.95,575,1203,1217,6015,6085,2026-10-01,2026-10-16,763.04,14,69.9999999999991,353058462,80809152,0.00172351059525094,99.9677931526253,0.0115036976170911
509.92,510,742,750,5936,6000,2026-10-01,2026-10-30,763.04,8,64,234901454,52625378,0.00255426260579894,99.978277273669,0.0106666666666667
668.75,670,39,48,3978,6000,2026-10-01,2026-11-06,763.04,9,2022,17322238,6830610,0.0346375566482807,99.7055807684896,0.337
359.99,360,5728,5728,5728,5728,2026-10-01,2026-10-16,763.04,0,0,353058462,80809152,0.00162239419714008,99.9694155468224,0
544.96,545,1358,1425,4074,5700,2026-10-01,2026-10-16,763.04,67,1626,353058462,80809152,0.00161446349924903,99.9710300103216,0.285263157894737
609.78,610,241,255,4820,5610,2026-10-01,2026-10-23,763.04,14,790,90832255,18310549,0.00617622011035617,99.9556952538501,0.140819964349376
641.59,642,135,135,5535,5535,2026-10-01,2026-10-30,763.04,0,0,234901454,52625378,0.00235630725384952,99.9806335809228,0
679.99,680,5475,5459,5475,5459,2026-10-01,2026-10-02,763.04,-16,-16,38516943,13375764,0.0141729835620651,99.7773057950108,-0.00293093973255175
304.92,305,668,668,4676,5344,2026-10-01,2026-12-18,763.04,0,667.999999999999,529252790,71235277,0.00100972542818338,99.9932334792227,0.125
765.3,783,3,3,5310,5310,2026-10-01,2026-10-23,763.04,0,0,90832255,18310549,0.00584594096006975,99.9615411948102,0
761.49,779,3,3,5253,5253,2026-10-01,2026-11-06,763.04,0,0,17322238,6830610,0.0303251808455697,99.7359059493352,0
654.11,655,41,59,3444,5251,2026-10-01,2026-11-06,763.04,18,1807,17322238,6830610,0.0303136349933536,99.7662195843285,0.344124928585031
299.99,300,5236,5236,5236,5236,2026-10-01,2026-10-16,763.04,0,0,353058462,80809152,0.00148304050562595,99.9725130508273,0
644.64,645,128,145,3584,5220,2026-10-01,2026-10-23,763.04,17,1636,90832255,18310549,0.00574685721498382,99.9672880520251,0.313409961685824
768.17,820,26,1,134758,5183,2026-10-01,2026-12-18,763.04,-25,-129575,529252790,71235277,0.00097930518231184,99.994212784405,-25
759.84,777,3,3,5148,5148,2026-10-01,2026-11-06,763.04,0,0,17322238,6830610,0.0297190236042248,99.7959386079328,0
574.66,575,151,151,3926,5134,2026-10-01,2026-11-06,763.04,0,1208,17322238,6830610,0.0296382026387122,99.8255768105715,0.235294117647059
679.93,680,761,728,6088,5096,2026-10-01,2026-10-09,763.04,-33,-991.999999999999,87098388,26450019,0.00585085455312904,99.9471494237069,-0.194662480376766
667.33,668,75,76,5025,5092,2026-10-01,2026-10-30,763.04,1,67,234901454,52625378,0.0021677175314547,99.9828012984543,0.0131578947368421
726.98,727,2289,2520,9156,5040,2026-10-01,2026-10-02,763.04,231,-4116,38516943,13375764,0.0130851506050208,99.7903909456158,-0.816666666666667
674.99,675,5119,5037,5119,5037,2026-10-01,2026-10-02,763.04,-82,-82,38516943,13375764,0.0130773618248987,99.8034683074407,-0.0162795314671431
319.98,320,2456,2456,4912,4912,2026-10-01,2026-10-16,763.04,0,0,353058462,80809152,0.00139127100145811,99.9739043218287,0
764.72,781,8,3,11296,4884,2026-10-01,2026-10-02,763.04,-5,-6412,38516943,13375764,0.0126801340386749,99.8161484414794,-1.31285831285831
519.9,520,496,488,3968,4880,2026-10-01,2026-10-30,763.04,-8,912,234901454,52625378,0.00207746691938314,99.9848787653737,0.186885245901639
564.95,565,972,972,4860,4860,2026-10-01,2026-10-16,763.04,0,0,353058462,80809152,0.00137654256251759,99.9752808643913,0
489.73,490,176,176,4752,4752,2026-10-01,2026-11-20,763.04,0,0,451091708,86025104,0.00105344432533883,99.9884360543378,0
723.98,724,2069,2355,6207,4710,2026-10-01,2026-10-02,763.04,286,-1497,38516943,13375764,0.0122283847915968,99.828376826271,-0.317834394904459
731.98,732,2179,2350,8716,4700,2026-10-01,2026-10-02,763.04,171,-4016,38516943,13375764,0.01220242219119,99.8405792484622,-0.854468085106383
329.99,330,4675,4675,4675,4675,2026-10-01,2026-10-16,763.04,0,0,353058462,80809152,0.0013241433085946,99.9766050076998,0
479.98,480,2302,2302,2302,4604,2026-10-01,2026-10-16,763.04,0,2302,353058462,80809152,0.00130403332465658,99.9779090410245,0.5
389.99,390,4584,4584,4584,4584,2026-10-01,2026-10-16,763.04,0,0,353058462,80809152,0.00129836854044869,99.9792074095649,0
767.24,790,2,2,4552,4552,2026-10-01,2026-11-06,763.04,0,0,17322238,6830610,0.0262783596438289,99.8518551702153,0
764.49,810,1,1,4203,4551,2026-10-01,2026-10-02,763.04,0,348,38516943,13375764,0.0118155794451289,99.8523948279073,0.0764667106130521
444.99,445,4550,4548,4550,4548,2026-10-01,2026-10-16,763.04,-2,-2,353058462,80809152,0.00128817192887449,99.9804955814938,-0.000439753737906772
309.99,310,4501,4501,4501,4501,2026-10-01,2026-10-16,763.04,0,0,353058462,80809152,0.00127485968598594,99.9817704411798,0
284.94,285,749,750,4494,4500,2026-10-01,2026-12-18,763.04,1,6,529252790,71235277,0.000850255319390947,99.9950630397244,0.00133333333333333
524.89,525,403,403,3627,4433,2026-10-01,2026-10-30,763.04,0,806,234901454,52625378,0.00188717435525112,99.9867659397289,0.181818181818182
564.82,565,241,246,3856,4428,2026-10-01,2026-10-30,763.04,5,572,234901454,52625378,0.00188504580307962,99.988650985532,0.129177958446251
771.14,815,1,1,4386,4386,2026-10-01,2026-10-30,763.04,0,0,234901454,52625378,0.00186716596483903,99.9905181514968,0
762.17,806,1,1,4383,4383,2026-10-01,2026-12-18,763.04,0,0,529252790,71235277,0.000828148681086783,99.9958911884055,0
494.78,495,199,199,4378,4378,2026-10-01,2026-11-20,763.04,0,0,451091708,86025104,0.000970534355289014,99.9894065886931,0
484.78,485,197,197,4531,4334,2026-10-01,2026-11-20,763.04,0,-197,451091708,86025104,0.000960780241165506,99.9903673689342,-0.0454545454545455
664.93,665,604,612,4228,4284,2026-10-01,2026-10-09,763.04,8,56,87098388,26450019,0.00491857553092716,99.9520679992378,0.0130718954248366
762.74,784,4,2,6316,4252,2026-10-01,2026-10-09,763.04,-2,-2064,87098388,26450019,0.00488183547093891,99.9569498347088,-0.485418626528692
354.96,355,1038,1038,4152,4152,2026-10-01,2026-11-20,763.04,0,0,451091708,86025104,0.000920433678200088,99.9912878026124,0
524.95,525,25,819,125,4095,2026-10-01,2026-10-23,763.04,794,3970,90832255,18310549,0.00450831040140972,99.9717963624266,0.969474969474969
394.99,395,4063,4063,4063,4063,2026-10-01,2026-10-16,763.04,0,0,353058462,80809152,0.00115080091183312,99.9829212420916,0
762.7,783,2,2,4060,4060,2026-10-01,2026-11-06,763.04,0,0,17322238,6830610,0.0234380799986699,99.875293250214,0
768,808,1,1,4000,4000,2026-10-01,2026-12-18,763.04,0,0,529252790,71235277,0.000755782506125287,99.9966469709116,0
767.12,807,1,1,3988,3988,2026-10-01,2026-12-18,763.04,0,0,529252790,71235277,0.000753515158606911,99.9974004860702,0
694.99,695,4001,3979,8002,3979,2026-10-01,2026-10-02,763.04,-22,-4023,38516943,13375764,0.0103305187018606,99.8627253466092,-1.01105805478764
449.99,450,3942,3954,3942,3954,2026-10-01,2026-10-16,763.04,12,12,353058462,80809152,0.00111992783790012,99.9840411699295,0.00303490136570562
760.05,799,1,1,3102,3895,2026-10-01,2026-10-02,763.04,0,793.000000000001,38516943,13375764,0.0101124328584436,99.8728377794676,0.203594351732991
604.99,605,3881,3881,3881,3881,2026-10-01,2026-10-02,763.04,0,0,38516943,13375764,0.0100760852178741,99.8829138646855,0
304.98,305,1647,1914,3294,3828,2026-10-01,2026-11-20,763.04,267,534,451091708,86025104,0.000848607928745168,99.9921364105412,0.139498432601881
609.49,610,75,75,3900,3825,2026-10-01,2026-11-06,763.04,0,-75,17322238,6830610,0.0220814423632789,99.8973746925773,-0.0196078431372549
384.99,385,3790,3790,3790,3790,2026-10-01,2026-10-16,763.04,0,0,353058462,80809152,0.00107347660739541,99.9851146465369,0
589.84,590,236,235,3068,3760,2026-10-01,2026-10-23,763.04,-1,692,90832255,18310549,0.00413949868358988,99.9759358611101,0.184042553191489
737.97,738,1342,1222,6710,3666,2026-10-01,2026-10-02,763.04,-120,-3044,38516943,13375764,0.00951788930912819,99.8924317539946,-0.830332787779597
349.96,350,913,913,2739,3652,2026-10-01,2026-11-20,763.04,0,913,451091708,86025104,0.000809591472251137,99.9929460020134,0.25
736.98,737,1357,1820,8142,3640,2026-10-01,2026-10-02,763.04,463,-4502,38516943,13375764,0.00945038654807055,99.9018821405427,-1.23681318681319
514.89,515,311,325,2799,3575,2026-10-01,2026-10-30,763.04,14,776,234901454,52625378,0.00152191480262187,99.9920400662995,0.217062937062937
529.96,530,888,893,1776,3572,2026-10-01,2026-10-16,763.04,5,1796,353058462,80809152,0.00101173045952939,99.9861263769965,0.502799552071669
314.99,315,3539,3539,3539,3539,2026-10-01,2026-10-16,763.04,0,0,353058462,80809152,0.00100238356558637,99.987128760562,0
768.65,804,1,1,3535,3535,2026-10-01,2026-10-30,763.04,0,0,234901454,52625378,0.00150488638524988,99.9935449526847,0
454.85,455,208,231,2496,3465,2026-10-01,2026-11-20,763.04,23,969,451091708,86025104,0.000768136487226229,99.9937141385006,0.27965367965368
269.95,270,686,686,4116,3430,2026-10-01,2026-12-18,763.04,0,-686,529252790,71235277,0.000648083499002433,99.9980485695692,-0.2
454.99,455,3839,3373,7678,3373,2026-10-01,2026-10-16,763.04,-466,-4305,353058462,80809152,0.000955365856660872,99.9880841264187,-1.27631188852653
771.34,805,1,1,3366,3366,2026-10-01,2026-10-16,763.04,0,0,353058462,80809152,0.00095338318218811,99.9890375096009,0
604.82,605,201,185,3216,3330,2026-10-01,2026-10-23,763.04,-16,113.999999999999,90832255,18310549,0.00366609856817933,99.9796019596783,0.034234234234234
509.98,510,1625,1644,3250,3288,2026-10-01,2026-10-16,763.04,19,38.0000000000005,353058462,80809152,0.000931290523777334,99.9899688001247,0.0115571776155719
334.9,335,328,328,3936,3280,2026-10-01,2026-12-18,763.04,0,-656,529252790,71235277,0.000619741655022735,99.9986683112242,-0.2
629.74,630,130,126,2860,3276,2026-10-01,2026-10-23,763.04,-4,416,90832255,18310549,0.00360664832112778,99.9832086079994,0.126984126984127
649.95,650,655,654,3275,3270,2026-10-01,2026-10-09,763.04,-1,-4.99999999999955,87098388,26450019,0.00375437488004945,99.9607042095888,-0.00152905198776745
424.91,425,359,359,3231,3231,2026-10-01,2026-11-20,763.04,0,0,451091708,86025104,0.000716262334842121,99.9944304008355,0
763.7,796,0,1,0,3230,2026-10-01,2026-12-18,763.04,1,3230,529252790,71235277,0.000610294373696169,99.9992786055979,1
434.89,435,292,292,3212,3212,2026-10-01,2026-11-20,763.04,0,0,451091708,86025104,0.00071205033101606,99.9951424511665,0
763.3,795,1,1,3002,3170,2026-10-01,2026-10-09,763.04,0,168,87098388,26450019,0.00363956219258616,99.9643437717814,0.0529968454258675
534.86,535,218,219,2180,3066,2026-10-01,2026-10-30,763.04,1,886.000000000001,234901454,52625378,0.00130522819156326,99.9948501808763,0.28897586431833
761.04,791,1,1,2996,2996,2026-10-01,2026-11-20,763.04,0,0,451091708,86025104,0.000664166498046114,99.9958066176645,0
499.86,500,181,209,1991,2926,2026-10-01,2026-11-06,763.04,28,935,17322238,6830610,0.0168915817921449,99.9142662743694,0.319548872180451
379.99,380,2808,2808,2808,2808,2026-10-01,2026-10-16,763.04,0,0,353058462,80809152,0.000795335702787942,99.9907641358275,0
244.97,245,834,906,2502,2718,2026-10-01,2026-12-18,763.04,72,216,529252790,71235277,0.000513554212912132,99.9997921598108,0.0794701986754967
722.99,723,2517,2696,7551,2696,2026-10-01,2026-10-02,763.04,179,-4855,38516943,13375764,0.00699951706966983,99.9088816576123,-1.80081602373887
768.29,795,7,1,18697,2671,2026-10-01,2026-10-23,763.04,-6,-16026,90832255,18310549,0.00294058536805015,99.9861491933675,-6
479.94,480,417,445,2085,2670,2026-10-01,2026-10-30,763.04,28,585,234901454,52625378,0.00113664685958053,99.9959868277359,0.219101123595506
769.36,796,1,1,2664,2664,2026-10-01,2026-10-16,763.04,0,0,353058462,80809152,0.000754549256491125,99.991518685084,0
767.5,794,1,1,2650,2650,2026-10-01,2026-11-20,763.04,0,0,451091708,86025104,0.00058746369152944,99.9963940813561,0
629.97,630,870,870,4350,2610,2026-10-01,2026-10-09,763.04,0,-1740,87098388,26450019,0.00299661114279176,99.9673403829242,-0.666666666666667
760.44,786,2,1,4192,2556,2026-10-01,2026-10-09,763.04,-1,-1636,87098388,26450019,0.00293461229156158,99.9702749952158,-0.640062597809077
649.99,650,2550,2541,2550,2541,2026-10-01,2026-10-02,763.04,-9,-9,38516943,13375764,0.00659709676336463,99.9154787543757,-0.00354191263282172
304.99,305,2490,2490,2490,2490,2026-10-01,2026-10-16,763.04,0,0,353058462,80809152,0.00070526563388247,99.9922239507178,0
439.88,440,218,207,2398,2484,2026-10-01,2026-11-20,763.04,-11,86,451091708,86025104,0.000550664079154388,99.9969447454352,0.034621578099839
614.77,615,107,107,2675,2461,2026-10-01,2026-10-23,763.04,0,-214,90832255,18310549,0.00270938996284965,99.9888585833303,-0.0869565217391304
504.91,505,270,270,2430,2430,2026-10-01,2026-10-30,763.04,0,0,234901454,52625378,0.00103447635534857,99.9970213040912,0
732.98,733,1093,1195,4372,2390,2026-10-01,2026-10-02,763.04,102,-1982,38516943,13375764,0.00620506149722214,99.9216838158729,-0.82928870292887
564.9,565,232,232,2320,2320,2026-10-01,2026-10-23,763.04,0,0,90832255,18310549,0.00255415876221503,99.9914127420926,0
474.94,475,267,386,1335,2316,2026-10-01,2026-10-30,763.04,119,981,234901454,52625378,0.000985945365838391,99.9980072494571,0.423575129533679
619.99,620,2242,2241,2242,2241,2026-10-01,2026-10-02,763.04,-1,-1,38516943,13375764,0.00581821875116101,99.9275020346241,-0.000446229361892013
444.87,445,149,171,1490,2223,2026-10-01,2026-11-20,763.04,22,733,451091708,86025104,0.000492804447649036,99.9974375498829,0.329734592892488
519.98,520,1064,1104,2128,2208,2026-10-01,2026-10-16,763.04,40,80,353058462,80809152,0.000625392176551202,99.9928493428944,0.036231884057971
459.99,460,2104,2198,2104,2198,2026-10-01,2026-10-16,763.04,94,94,353058462,80809152,0.000622559784447257,99.9934719026788,0.0427661510464058
534.97,535,718,726,2154,2178,2026-10-01,2026-10-16,763.04,8,23.9999999999995,353058462,80809152,0.000616895000239365,99.9940887976791,0.0110192837465563
762.27,784,1,1,2173,2173,2026-10-01,2026-11-06,763.04,0,0,17322238,6830610,0.0125445684327856,99.9268108428022,0
609.99,610,2167,2167,2167,2167,2026-10-01,2026-10-02,763.04,0,0,38516943,13375764,0.00562609550815079,99.9331281301323,0
659.96,660,535,541,3210,2164,2026-10-01,2026-10-09,763.04,6,-1046,87098388,26450019,0.0024845465567055,99.9727595417725,-0.483364140480592
764.54,786,1,1,2146,2146,2026-10-01,2026-11-06,763.04,0,0,17322238,6830610,0.0123886994278684,99.93919954223,0
344.95,345,427,426,1708,2130,2026-10-01,2026-11-20,763.04,-1,422,451091708,86025104,0.000472187797342531,99.9979097376802,0.198122065727699
419.99,420,2102,2102,2102,2102,2026-10-01,2026-10-16,763.04,0,0,353058462,80809152,0.000595368820249378,99.9946841664993,0
564.97,565,700,700,2100,2100,2026-10-01,2026-10-09,763.04,0,0,87098388,26450019,0.002411066436729,99.9751706082092,0
704.99,705,2100,2095,4200,2095,2026-10-01,2026-10-02,763.04,-5,-2105,38516943,13375764,0.00543916478522192,99.9385672949175,-1.00477326968974
549.77,550,90,91,1710,2093,2026-10-01,2026-11-06,763.04,1,383,17322238,6830610,0.0120827343441419,99.9512822765742,0.182990922121357
344.98,345,1045,1045,2090,2090,2026-10-01,2026-10-16,763.04,0,0,353058462,80809152,0.000591969949724644,99.995276136449,0
761.17,782,1,1,1669,2083,2026-10-01,2026-11-06,763.04,0,414,17322238,6830610,0.0120250050830614,99.9633072816573,0.198751800288046
504.97,505,550,692,1100,2076,2026-10-01,2026-10-16,763.04,142,976,353058462,80809152,0.00058800460077912,99.9958641410498,0.470134874759152
404.92,405,239,259,2390,2072,2026-10-01,2026-11-20,763.04,20,-318,451091708,86025104,0.000459330101452452,99.9983690677817,-0.153474903474903
644.95,645,421,414,2105,2070,2026-10-01,2026-10-09,763.04,-7,-34.9999999999995,87098388,26450019,0.00237662263049002,99.9775472308397,-0.0169082125603863
624.96,625,965,509,2895,2036,2026-10-01,2026-10-09,763.04,-456,-859,87098388,26450019,0.0023375863167525,99.9798848171564,-0.421905697445973
339.97,340,673,673,2019,2019,2026-10-01,2026-10-16,763.04,0,0,353058462,80809152,0.000571859965786629,99.9964360010156,0
494.92,495,250,250,2250,2000,2026-10-01,2026-10-30,763.04,0,-250,234901454,52625378,0.000851420868599647,99.9988586703257,-0.125
314.97,315,646,646,1938,1938,2026-10-01,2026-11-20,763.04,0,0,451091708,86025104,0.000429624390258133,99.9987986921719,0
721.99,722,1211,1885,3633,1885,2026-10-01,2026-10-02,763.04,674,-1748,38516943,13375764,0.00489395017667939,99.9434612450941,-0.927320954907162
434.99,435,1872,1872,1872,1872,2026-10-01,2026-10-16,763.04,0,0,353058462,80809152,0.000530223801858628,99.9969662248175,0
639.95,640,325,370,1625,1850,2026-10-01,2026-10-09,763.04,45,225,87098388,26450019,0.00212403471807079,99.9820088518745,0.121621621621622
579.99,580,1825,1825,5475,1825,2026-10-01,2026-10-09,763.04,0,-3650,87098388,26450019,0.00209533154620497,99.9841041834207,-2
364.99,365,1815,1815,1815,1815,2026-10-01,2026-10-16,763.04,0,0,353058462,80809152,0.000514079166866138,99.9974803039843,0
549.92,550,221,221,1768,1768,2026-10-01,2026-10-23,763.04,0,0,90832255,18310549,0.00194644512568801,99.9933591872183,0
634.99,635,1723,1722,1723,1722,2026-10-01,2026-10-02,763.04,-1,-1,38516943,13375764,0.00447075979004876,99.9479320048842,-0.000580720092915215
489.93,490,243,243,1701,1701,2026-10-01,2026-10-30,763.04,0,0,234901454,52625378,0.000724133448744,99.9995828037744,0
733.98,734,798,812,3192,1624,2026-10-01,2026-10-02,763.04,14,-1568,38516943,13375764,0.00421632630606224,99.9521483311903,-0.96551724137931
689.99,690,1802,1617,3604,1617,2026-10-01,2026-10-02,763.04,-185,-1987,38516943,13375764,0.00419815248577749,99.956346483676,-1.22881880024737
559.95,560,321,318,1605,1590,2026-10-01,2026-10-16,763.04,-3,-15,353058462,80809152,0.00045035034452736,99.9979306543289,-0.00943396226415094
654.95,655,311,310,1555,1550,2026-10-01,2026-10-09,763.04,-1,-5,87098388,26450019,0.00177959665568093,99.9858837800764,-0.0032258064516129
384.94,385,258,258,1548,1548,2026-10-01,2026-11-20,763.04,0,0,451091708,86025104,0.000343167469617952,99.9991418596415,0
564.69,565,47,48,1128,1488,2026-10-01,2026-11-06,763.04,1,360,17322238,6830610,0.00859011404877361,99.971897395706,0.241935483870968
569.99,570,1485,1485,1485,1485,2026-10-01,2026-10-02,763.04,0,0,38516943,13375764,0.0038554461604079,99.9602019298364,0
319.97,320,486,486,1458,1458,2026-10-01,2026-11-20,763.04,0,0,451091708,86025104,0.000323215872547141,99.9994650755141,0
439.99,440,1411,1411,1411,1411,2026-10-01,2026-10-16,763.04,0,0,353058462,80809152,0.000399650525866733,99.9983303048547,0
509.95,510,213,279,1065,1395,2026-10-01,2026-10-23,763.04,66,330,90832255,18310549,0.00153579804883188,99.9948949852671,0.236559139784946
574.99,575,1371,1371,1371,1371,2026-10-01,2026-10-02,763.04,0,0,38516943,13375764,0.00355947251577053,99.9637614023522,0
629.99,630,1343,1336,1343,1336,2026-10-01,2026-10-02,763.04,-7,-7,38516943,13375764,0.00346860341434677,99.9672300057666,-0.00523952095808383
544.82,545,72,72,1296,1296,2026-10-01,2026-11-06,763.04,0,0,17322238,6830610,0.00748171223602862,99.9793791079421,0
659.99,660,1277,1273,1277,1273,2026-10-01,2026-10-02,763.04,-4,-4,38516943,13375764,0.00330503903178401,99.9705350447983,-0.00314218381775334
579.99,580,1206,1206,1206,1206,2026-10-01,2026-10-02,763.04,0,0,38516943,13375764,0.00313108960905854,99.9736661344074,0
334.99,335,1158,1158,1158,1158,2026-10-01,2026-10-16,763.04,0,0,353058462,80809152,0.000327991005636908,99.9986582958604,0
609.98,610,570,570,2850,1140,2026-10-01,2026-10-09,763.04,0,-1710,87098388,26450019,0.00130886463708146,99.9871926447135,-1.5
414.99,415,1105,1105,1105,1105,2026-10-01,2026-10-16,763.04,0,0,353058462,80809152,0.000312979327485996,99.9989712751879,0
264.96,265,275,275,1100,1100,2026-10-01,2026-12-18,763.04,0,0,529252790,71235277,0.000207840189184454,100,0
499.99,500,1076,1076,1076,1076,2026-10-01,2026-10-02,763.04,0,0,38516943,13375764,0.0027935758037703,99.9764597102112,0
664.99,665,466,1068,466,1068,2026-10-01,2026-10-02,763.04,602,602,38516943,13375764,0.00277280572344488,99.9792325159346,0.563670411985019
727.99,728,524,1051,1572,1051,2026-10-01,2026-10-02,763.04,527,-521,38516943,13375764,0.00272866930275334,99.9819611852374,-0.495718363463368
634.96,635,262,262,1834,1048,2026-10-01,2026-10-09,763.04,0,-786.000000000001,87098388,26450019,0.00120323696461523,99.9883958816781,-0.75
604.97,605,328,328,984,984,2026-10-01,2026-10-09,763.04,0,0,87098388,26450019,0.00112975684463873,99.9895256385227,0
484.93,485,140,140,980,980,2026-10-01,2026-10-30,763.04,0,0,234901454,52625378,0.000417196225613827,100,0
514.98,515,472,479,944,958,2026-10-01,2026-10-16,763.04,7,14,353058462,80809152,0.000271343163557995,99.9992426183514,0.0146137787056367
494.98,495,457,457,1371,914,2026-10-01,2026-10-16,763.04,0,-457,353058462,80809152,0.000258880638300634,99.9995014989897,-0.5
614.99,615,913,910,913,910,2026-10-01,2026-10-02,763.04,-3,-3.00000000000011,38516943,13375764,0.00236259663701764,99.9843237818744,-0.00329670329670342
324.97,325,293,293,879,879,2026-10-01,2026-11-20,763.04,0,0,451091708,86025104,0.000194860598058256,99.9996599361122,0
604.47,605,16,16,752,848,2026-10-01,2026-11-06,763.04,0,96,17322238,6830610,0.00489544133962367,99.9842745492817,0.113207547169811
509.99,510,781,781,781,781,2026-10-01,2026-10-09,763.04,0,0,87098388,26450019,0.000896687089088262,99.9904223256118,0
614.98,615,295,371,885,742,2026-10-01,2026-10-09,763.04,76,-143,87098388,26450019,0.00085191014097758,99.9912742357528,-0.192722371967655
484.98,485,265,365,265,730,2026-10-01,2026-10-16,763.04,100,465,353058462,80809152,0.000206764623588033,99.9997082636133,0.636986301369863
579.89,580,67,65,737,715,2026-10-01,2026-10-23,763.04,-2,-22,90832255,18310549,0.000787165308182649,99.9956821505753,-0.0307692307692308
594.84,595,43,43,774,688,2026-10-01,2026-10-23,763.04,0,-85.9999999999999,90832255,18310549,0.000757440184656871,99.9964395907599,-0.125
644.99,645,681,674,681,674,2026-10-01,2026-10-02,763.04,-7,-7,38516943,13375764,0.00174987926741746,99.9860736611418,-0.0103857566765579
619.97,620,205,223,615,669,2026-10-01,2026-10-09,763.04,18,54,87098388,26450019,0.000768096879129382,99.9920423326319,0.0807174887892377
539.77,540,29,29,580,667,2026-10-01,2026-11-06,763.04,0,86.9999999999999,17322238,6830610,0.0038505417140672,99.9881250909958,0.130434782608695
624.99,625,665,662,665,662,2026-10-01,2026-10-02,763.04,-3,-3,38516943,13375764,0.00171872414692931,99.9877923852887,-0.00453172205438067
499.99,500,633,633,633,633,2026-10-01,2026-10-09,763.04,0,0,87098388,26450019,0.000726764311642599,99.9927690969436,0
504.96,505,85,158,340,632,2026-10-01,2026-10-23,763.04,73,292,90832255,18310549,0.000695788076603405,99.9971353788365,0.462025316455696
684.99,685,567,627,567,627,2026-10-01,2026-10-02,763.04,60,60,38516943,13375764,0.00162785504550556,99.9894202403343,0.0956937799043062
489.98,490,202,302,606,604,2026-10-01,2026-10-16,763.04,100,-2,353058462,80809152,0.000171076483078318,99.9998793400964,-0.0033112582781457
544.89,545,54,54,594,594,2026-10-01,2026-10-23,763.04,0,0,90832255,18310549,0.000653952717567124,99.9977893315541,0
329.97,330,147,195,294,585,2026-10-01,2026-11-20,763.04,48,291,451091708,86025104,0.000129685380960273,99.9997896214931,0.497435897435897
725.99,726,593,582,2372,582,2026-10-01,2026-10-02,763.04,-11,-1790,38516943,13375764,0.00151102334367502,99.9909312636779,-3.07560137457045
559.99,560,565,565,565,565,2026-10-01,2026-10-09,763.04,0,0,87098388,26450019,0.000648691684167565,99.9934177886277,0
309.98,310,279,278,558,556,2026-10-01,2026-11-20,763.04,-1,-2,451091708,86025104,0.000123256533015233,99.9999128780261,-0.00359712230215827
589.98,590,259,276,777,552,2026-10-01,2026-10-09,763.04,17,-225,87098388,26450019,0.000633766034797337,99.9940515546625,-0.407608695652174
524.97,525,181,181,543,543,2026-10-01,2026-10-09,763.04,0,0,87098388,26450019,0.000623432892925642,99.9946749875555,0
539.94,540,86,85,516,510,2026-10-01,2026-10-23,763.04,-1,-6.00000000000006,90832255,18310549,0.000561474555486925,99.9983508061096,-0.0117647058823531
529.98,530,253,253,506,506,2026-10-01,2026-10-09,763.04,0,0,87098388,26450019,0.000580952198564226,99.995255939754,0
544.99,545,240,440,480,440,2026-10-01,2026-10-09,763.04,200,-39.9999999999999,87098388,26450019,0.000505175824838458,99.9957611155789,-0.0909090909090908
554.76,555,7,18,154,432,2026-10-01,2026-11-06,763.04,11,278,17322238,6830610,0.00249390407867621,99.9906189950744,0.643518518518519
599.98,600,220,214,660,428,2026-10-01,2026-10-09,763.04,-6,-232,87098388,26450019,0.000491398302342863,99.9962525138812,-0.542056074766355
324.99,325,426,426,426,426,2026-10-01,2026-10-16,763.04,0,0,353058462,80809152,0.000120659903628085,100,0
554.99,555,421,421,1263,421,2026-10-01,2026-10-09,763.04,0,-842,87098388,26450019,0.000483361414220433,99.9967358752954,-2
639.99,640,420,420,420,420,2026-10-01,2026-10-02,763.04,0,0,38516943,13375764,0.00109042921708506,99.992021692895,0
574.98,575,213,208,426,416,2026-10-01,2026-10-09,763.04,-5,-10,87098388,26450019,0.000477620779847269,99.9972134960753,-0.0240384615384615
569.89,570,37,37,555,407,2026-10-01,2026-10-23,763.04,0,-148,90832255,18310549,0.000448078713888585,99.9987988848235,-0.363636363636364
334.97,335,83,131,415,393,2026-10-01,2026-11-20,763.04,48,-22.0000000000001,451091708,86025104,8.71219738758754e-05,100,-0.0559796437659035
569.98,570,196,196,392,392,2026-10-01,2026-10-09,763.04,0,0,87098388,26450019,0.00045006573485608,99.9976635618101,0
524.99,525,379,376,379,376,2026-10-01,2026-10-02,763.04,-3,-3,38516943,13375764,0.000976193775295199,99.9929978866703,-0.00797872340425532
594.98,595,79,181,158,362,2026-10-01,2026-10-09,763.04,102,204,87098388,26450019,0.000415621928617095,99.9980791837388,0.56353591160221
534.99,535,279,359,279,359,2026-10-01,2026-10-09,763.04,80,80,87098388,26450019,0.000412177547993196,99.9984913612867,0.222841225626741
579.65,580,10,10,320,350,2026-10-01,2026-11-06,763.04,0,30,17322238,6830610,0.00202052413781637,99.9926395192122,0.0857142857142857
539.99,540,348,347,348,347,2026-10-01,2026-10-02,763.04,-1,-1,38516943,13375764,0.000900902234115516,99.9938987889044,-0.00288184438040346
574.89,575,25,31,275,341,2026-10-01,2026-10-23,763.04,6,66,90832255,18310549,0.000375417300825571,99.9991743021243,0.193548387096774
549.99,550,340,340,340,340,2026-10-01,2026-10-02,763.04,0,0,38516943,13375764,0.000882728413830765,99.9947815173183,0
504.99,505,332,332,332,332,2026-10-01,2026-10-09,763.04,0,0,87098388,26450019,0.000381178122378109,99.9988725394091,0
539.99,540,59,315,59,315,2026-10-01,2026-10-09,763.04,256,256,87098388,26450019,0.00036165996550935,99.9992341993746,0.812698412698413
654.99,655,313,313,626,313,2026-10-01,2026-10-02,763.04,0,-313,38516943,13375764,0.00081262939273244,99.995594146711,-1
524.79,525,14,14,294,294,2026-10-01,2026-11-06,763.04,0,0,17322238,6830610,0.00169724027576575,99.994336759488,0
564.99,565,277,277,277,277,2026-10-01,2026-10-02,763.04,0,0,38516943,13375764,0.000719164031268006,99.9963133107422,0
509.99,510,273,273,273,273,2026-10-01,2026-10-02,763.04,0,0,38516943,13375764,0.000708778991105291,99.9970220897334,0
519.96,520,66,66,264,264,2026-10-01,2026-10-09,763.04,0,0,87098388,26450019,0.000303105494903074,99.9995373048695,0
519.99,520,260,260,260,260,2026-10-01,2026-10-02,763.04,0,0,38516943,13375764,0.000675027610576468,99.9976971173439,0
589.57,590,6,6,258,258,2026-10-01,2026-11-06,763.04,0,0,17322238,6830610,0.00148941493587607,99.9958261744239,0
514.99,515,244,244,244,244,2026-10-01,2026-10-09,763.04,0,0,87098388,26450019,0.000280142957410417,99.9998174478269,0
589.99,590,227,227,227,227,2026-10-01,2026-10-02,763.04,0,0,38516943,13375764,0.00058935102923407,99.9982864683732,0
584.82,585,12,12,216,216,2026-10-01,2026-10-23,763.04,0,0,90832255,18310549,0.000237800988206227,99.9994121031125,0
514.99,515,214,214,214,214,2026-10-01,2026-10-02,763.04,0,0,38516943,13375764,0.000555599648705246,99.9988420680219,0
554.85,555,14,14,210,210,2026-10-01,2026-10-23,763.04,0,0,90832255,18310549,0.000231195405200498,99.9996432985177,0
534.99,535,198,198,198,198,2026-10-01,2026-10-02,763.04,0,0,38516943,13375764,0.000514059488054387,99.9993561275099,0
569.65,570,2,5,50,175,2026-10-01,2026-11-06,763.04,3,125,17322238,6830610,0.00101026206890819,99.9968364364928,0.714285714285714
559.89,560,12,11,108,121,2026-10-01,2026-10-23,763.04,-1,13,90832255,18310549,0.000133212590615525,99.9997765111083,0.107438016528926
529.81,530,5,6,75,114,2026-10-01,2026-11-06,763.04,1,39,17322238,6830610,0.000658113576317333,99.9974945500691,0.342105263157895
594.62,595,0,3,0,114,2026-10-01,2026-11-06,763.04,3,114,17322238,6830610,0.000658113576317333,99.9981526636454,1
509.82,510,6,6,108,108,2026-10-01,2026-11-06,763.04,0,0,17322238,6830610,0.000623476019669052,99.9987761396651,0
529.92,530,13,13,104,104,2026-10-01,2026-10-23,763.04,0,0,90832255,18310549,0.000114496772099294,99.9998910078804,0
584.66,585,3,3,102,102,2026-10-01,2026-11-06,763.04,0,0,17322238,6830610,0.000588838463020771,99.9993649781281,0
544.99,545,95,95,95,95,2026-10-01,2026-10-02,763.04,0,0,38516943,13375764,0.000246644703864479,99.9996027722138,0
559.7,560,3,3,72,90,2026-10-01,2026-11-06,763.04,0,18,17322238,6830610,0.00051956334972421,99.9998845414778,0.2
529.99,530,85,85,85,85,2026-10-01,2026-10-02,763.04,0,0,38516943,13375764,0.000220682103457691,99.9998234543173,0
549.99,550,81,81,243,81,2026-10-01,2026-10-09,763.04,0,-162,87098388,26450019,9.29982768452615e-05,99.9999104461038,-2
584.99,585,61,78,122,78,2026-10-01,2026-10-09,763.04,17,-44,87098388,26450019,8.95538962213629e-05,100,-0.564102564102564
514.77,515,3,3,69,69,2026-10-01,2026-10-23,763.04,0,0,90832255,18310549,7.59642045658781e-05,99.999966972085,0
584.99,585,50,50,50,50,2026-10-01,2026-10-02,763.04,0,0,38516943,13375764,0.000129813002033936,99.9999532673193,0
519.9,520,3,3,30,30,2026-10-01,2026-10-23,763.04,0,0,90832255,18310549,3.30279150286426e-05,100,0
534.8,535,0,1,0,20,2026-10-01,2026-11-06,763.04,1,20,17322238,6830610,0.000115458522160936,100,1
504.99,505,18,18,18,18,2026-10-01,2026-10-02,763.04,0,0,38516943,13375764,4.6732680732217e-05,100,0
763.57,783,0,0,0,0,2026-10-01,2026-10-02,763.04,0,0,38516943,13375764,0,100,
760.61,786,0,0,0,0,2026-10-01,2026-10-02,763.04,0,0,38516943,13375764,0,100,
762.4,787,0,0,0,0,2026-10-01,2026-10-02,763.04,0,0,38516943,13375764,0,100,
762.64,788,0,0,0,0,2026-10-01,2026-10-02,763.04,0,0,38516943,13375764,0,100,
762.27,789,0,0,0,0,2026-10-01,2026-10-02,763.04,0,0,38516943,13375764,0,100,
762.67,791,0,0,0,0,2026-10-01,2026-10-02,763.04,0,0,38516943,13375764,0,100,
763.77,792,0,0,0,0,2026-10-01,2026-10-02,763.04,0,0,38516943,13375764,0,100,
763.73,793,0,0,0,0,2026-10-01,2026-10-02,763.04,0,0,38516943,13375764,0,100,
764.38,794,0,0,0,0,2026-10-01,2026-10-02,763.04,0,0,38516943,13375764,0,100,
768.8,796,0,0,0,0,2026-10-01,2026-10-02,763.04,0,0,38516943,13375764,0,100,
766.07,797,0,0,0,0,2026-10-01,2026-10-02,763.04,0,0,38516943,13375764,0,100,
766.51,798,0,0,0,0,2026-10-01,2026-10-02,763.04,0,0,38516943,13375764,0,100,
764.43,801,0,0,0,0,2026-10-01,2026-10-02,763.04,0,0,38516943,13375764,0,100,
760.57,802,0,0,0,0,2026-10-01,2026-10-02,763.04,0,0,38516943,13375764,0,100,
761.44,803,0,0,0,0,2026-10-01,2026-10-02,763.04,0,0,38516943,13375764,0,100,
761.02,804,0,0,0,0,2026-10-01,2026-10-02,763.04,0,0,38516943,13375764,0,100,
761.62,805,0,0,0,0,2026-10-01,2026-10-02,763.04,0,0,38516943,13375764,0,100,
769.02,806,0,0,0,0,2026-10-01,2026-10-02,763.04,0,0,38516943,13375764,0,100,
764.66,807,0,0,0,0,2026-10-01,2026-10-02,763.04,0,0,38516943,13375764,0,100,
760.54,808,0,0,0,0,2026-10-01,2026-10-02,763.04,0,0,38516943,13375764,0,100,
764.12,809,0,0,0,0,2026-10-01,2026-10-02,763.04,0,0,38516943,13375764,0,100,
764.28,811,0,0,0,0,2026-10-01,2026-10-02,763.04,0,0,38516943,13375764,0,100,
763.04,812,0,0,0,0,2026-10-01,2026-10-02,763.04,0,0,38516943,13375764,0,100,
760.49,813,0,0,0,0,2026-10-01,2026-10-02,763.04,0,0,38516943,13375764,0,100,
764.31,814,0,0,0,0,2026-10-01,2026-10-02,763.04,0,0,38516943,13375764,0,100,
762.49,815,0,0,0,0,2026-10-01,2026-10-02,763.04,0,0,38516943,13375764,0,100,
763.23,816,0,0,0,0,2026-10-01,2026-10-02,763.04,0,0,38516943,13375764,0,100,
763.37,817,0,0,0,0,2026-10-01,2026-10-02,763.04,0,0,38516943,13375764,0,100,
763.95,818,0,0,0,0,2026-10-01,2026-10-02,763.04,0,0,38516943,13375764,0,100,
768.28,819,0,0,0,0,2026-10-01,2026-10-02,763.04,0,0,38516943,13375764,0,100,
759.93,820,0,0,0,0,2026-10-01,2026-10-02,763.04,0,0,38516943,13375764,0,100,
763.39,821,0,0,0,0,2026-10-01,2026-10-02,763.04,0,0,38516943,13375764,0,100,
764.02,822,0,0,0,0,2026-10-01,2026-10-02,763.04,0,0,38516943,13375764,0,100,
764.29,823,0,0,0,0,2026-10-01,2026-10-02,763.04,0,0,38516943,13375764,0,100,
763.44,824,0,0,0,0,2026-10-01,2026-10-02,763.04,0,0,38516943,13375764,0,100,
768.2,830,0,0,0,0,2026-10-01,2026-10-02,763.04,0,0,38516943,13375764,0,100,
760.24,835,0,0,0,0,2026-10-01,2026-10-02,763.04,0,0,38516943,13375764,0,100,
762.02,840,0,0,0,0,2026-10-01,2026-10-02,763.04,0,0,38516943,13375764,0,100,
760.6,845,0,0,0,0,2026-10-01,2026-10-02,763.04,0,0,38516943,13375764,0,100,
768.72,850,0,0,0,0,2026-10-01,2026-10-02,763.04,0,0,38516943,13375764,0,100,
766.08,855,0,0,0,0,2026-10-01,2026-10-02,763.04,0,0,38516943,13375764,0,100,
762.77,860,0,0,0,0,2026-10-01,2026-10-02,763.04,0,0,38516943,13375764,0,100,
767.49,865,0,0,0,0,2026-10-01,2026-10-02,763.04,0,0,38516943,13375764,0,100,
768.27,870,0,0,0,0,2026-10-01,2026-10-02,763.04,0,0,38516943,13375764,0,100,
766.97,875,0,0,0,0,2026-10-01,2026-10-02,763.04,0,0,38516943,13375764,0,100,
761.67,880,0,0,0,0,2026-10-01,2026-10-02,763.04,0,0,38516943,13375764,0,100,
767,885,0,0,0,0,2026-10-01,2026-10-02,763.04,0,0,38516943,13375764,0,100,
765.72,890,0,0,0,0,2026-10-01,2026-10-02,763.04,0,0,38516943,13375764,0,100,
765.47,895,0,0,0,0,2026-10-01,2026-10-02,763.04,0,0,38516943,13375764,0,100,
766.68,900,0,0,0,0,2026-10-01,2026-10-02,763.04,0,0,38516943,13375764,0,100,
905,905,0,0,0,0,2026-10-01,2026-10-02,763.04,0,0,38516943,13375764,0,100,
910,910,0,0,0,0,2026-10-01,2026-10-02,763.04,0,0,38516943,13375764,0,100,
915,915,0,0,0,0,2026-10-01,2026-10-02,763.04,0,0,38516943,13375764,0,100,
766.45,920,0,0,0,0,2026-10-01,2026-10-02,763.04,0,0,38516943,13375764,0,100,
763.01,925,0,0,0,0,2026-10-01,2026-10-02,763.04,0,0,38516943,13375764,0,100,
767.32,930,0,0,0,0,2026-10-01,2026-10-02,763.04,0,0,38516943,13375764,0,100,
766.9,787,1,0,2029,0,2026-10-01,2026-10-09,763.04,-1,-2029,87098388,26450019,0,100,-Inf
768.09,788,0,0,0,0,2026-10-01,2026-10-09,763.04,0,0,87098388,26450019,0,100,
770.69,791,0,0,0,0,2026-10-01,2026-10-09,763.04,0,0,87098388,26450019,0,100,
771.32,792,0,0,0,0,2026-10-01,2026-10-09,763.04,0,0,87098388,26450019,0,100,
768.57,793,0,0,0,0,2026-10-01,2026-10-09,763.04,0,0,87098388,26450019,0,100,
768.54,794,0,0,0,0,2026-10-01,2026-10-09,763.04,0,0,87098388,26450019,0,100,
770.8,796,0,0,0,0,2026-10-01,2026-10-09,763.04,0,0,87098388,26450019,0,100,
770.74,797,0,0,0,0,2026-10-01,2026-10-09,763.04,0,0,87098388,26450019,0,100,
770.52,798,0,0,0,0,2026-10-01,2026-10-09,763.04,0,0,87098388,26450019,0,100,
759.55,799,0,0,0,0,2026-10-01,2026-10-09,763.04,0,0,87098388,26450019,0,100,
770.65,800,0,0,0,0,2026-10-01,2026-10-09,763.04,0,0,87098388,26450019,0,100,
801,801,0,0,0,0,2026-10-01,2026-10-09,763.04,0,0,87098388,26450019,0,100,
768.21,802,0,0,0,0,2026-10-01,2026-10-09,763.04,0,0,87098388,26450019,0,100,
756.47,803,0,0,0,0,2026-10-01,2026-10-09,763.04,0,0,87098388,26450019,0,100,
760.39,804,0,0,0,0,2026-10-01,2026-10-09,763.04,0,0,87098388,26450019,0,100,
774.34,805,0,0,0,0,2026-10-01,2026-10-09,763.04,0,0,87098388,26450019,0,100,
761.29,806,0,0,0,0,2026-10-01,2026-10-09,763.04,0,0,87098388,26450019,0,100,
807,807,0,0,0,0,2026-10-01,2026-10-09,763.04,0,0,87098388,26450019,0,100,
808,808,0,0,0,0,2026-10-01,2026-10-09,763.04,0,0,87098388,26450019,0,100,
809,809,0,0,0,0,2026-10-01,2026-10-09,763.04,0,0,87098388,26450019,0,100,
811,811,0,0,0,0,2026-10-01,2026-10-09,763.04,0,0,87098388,26450019,0,100,
812,812,0,0,0,0,2026-10-01,2026-10-09,763.04,0,0,87098388,26450019,0,100,
813,813,0,0,0,0,2026-10-01,2026-10-09,763.04,0,0,87098388,26450019,0,100,
766.19,814,0,0,0,0,2026-10-01,2026-10-09,763.04,0,0,87098388,26450019,0,100,
815,815,0,0,0,0,2026-10-01,2026-10-09,763.04,0,0,87098388,26450019,0,100,
816,816,0,0,0,0,2026-10-01,2026-10-09,763.04,0,0,87098388,26450019,0,100,
817,817,0,0,0,0,2026-10-01,2026-10-09,763.04,0,0,87098388,26450019,0,100,
818,818,0,0,0,0,2026-10-01,2026-10-09,763.04,0,0,87098388,26450019,0,100,
819,819,0,0,0,0,2026-10-01,2026-10-09,763.04,0,0,87098388,26450019,0,100,
820,820,0,0,0,0,2026-10-01,2026-10-09,763.04,0,0,87098388,26450019,0,100,
761.4,821,0,0,0,0,2026-10-01,2026-10-09,763.04,0,0,87098388,26450019,0,100,
756.59,822,0,0,0,0,2026-10-01,2026-10-09,763.04,0,0,87098388,26450019,0,100,
756.59,823,0,0,0,0,2026-10-01,2026-10-09,763.04,0,0,87098388,26450019,0,100,
768.53,824,0,0,0,0,2026-10-01,2026-10-09,763.04,0,0,87098388,26450019,0,100,
756.6,825,0,0,0,0,2026-10-01,2026-10-09,763.04,0,0,87098388,26450019,0,100,
756.6,830,0,0,0,0,2026-10-01,2026-10-09,763.04,0,0,87098388,26450019,0,100,
756.61,835,0,0,0,0,2026-10-01,2026-10-09,763.04,0,0,87098388,26450019,0,100,
756.62,840,0,0,0,0,2026-10-01,2026-10-09,763.04,0,0,87098388,26450019,0,100,
845,845,0,0,0,0,2026-10-01,2026-10-09,763.04,0,0,87098388,26450019,0,100,
850,850,0,0,0,0,2026-10-01,2026-10-09,763.04,0,0,87098388,26450019,0,100,
855,855,0,0,0,0,2026-10-01,2026-10-09,763.04,0,0,87098388,26450019,0,100,
860,860,0,0,0,0,2026-10-01,2026-10-09,763.04,0,0,87098388,26450019,0,100,
865,865,0,0,0,0,2026-10-01,2026-10-09,763.04,0,0,87098388,26450019,0,100,
870,870,0,0,0,0,2026-10-01,2026-10-09,763.04,0,0,87098388,26450019,0,100,
875,875,0,0,0,0,2026-10-01,2026-10-09,763.04,0,0,87098388,26450019,0,100,
761.36,880,0,0,0,0,2026-10-01,2026-10-09,763.04,0,0,87098388,26450019,0,100,
885,885,0,0,0,0,2026-10-01,2026-10-09,763.04,0,0,87098388,26450019,0,100,
890,890,0,0,0,0,2026-10-01,2026-10-09,763.04,0,0,87098388,26450019,0,100,
895,895,0,0,0,0,2026-10-01,2026-10-09,763.04,0,0,87098388,26450019,0,100,
900,900,0,0,0,0,2026-10-01,2026-10-09,763.04,0,0,87098388,26450019,0,100,
905,905,0,0,0,0,2026-10-01,2026-10-09,763.04,0,0,87098388,26450019,0,100,
910,910,0,0,0,0,2026-10-01,2026-10-09,763.04,0,0,87098388,26450019,0,100,
761.48,915,0,0,0,0,2026-10-01,2026-10-09,763.04,0,0,87098388,26450019,0,100,
920,920,0,0,0,0,2026-10-01,2026-10-09,763.04,0,0,87098388,26450019,0,100,
761.59,925,0,0,0,0,2026-10-01,2026-10-09,763.04,0,0,87098388,26450019,0,100,
930,930,0,0,0,0,2026-10-01,2026-10-09,763.04,0,0,87098388,26450019,0,100,
763.8,793,0,0,0,0,2026-10-01,2026-10-16,763.04,0,0,353058462,80809152,0,100,
765.88,794,0,0,0,0,2026-10-01,2026-10-16,763.04,0,0,353058462,80809152,0,100,
768.98,797,0,0,0,0,2026-10-01,2026-10-16,763.04,0,0,353058462,80809152,0,100,
768.99,798,0,0,0,0,2026-10-01,2026-10-16,763.04,0,0,353058462,80809152,0,100,
767.75,799,0,0,0,0,2026-10-01,2026-10-16,763.04,0,0,353058462,80809152,0,100,
767.77,801,0,0,0,0,2026-10-01,2026-10-16,763.04,0,0,353058462,80809152,0,100,
767.74,802,0,0,0,0,2026-10-01,2026-10-16,763.04,0,0,353058462,80809152,0,100,
767.74,803,0,0,0,0,2026-10-01,2026-10-16,763.04,0,0,353058462,80809152,0,100,
767.74,804,0,0,0,0,2026-10-01,2026-10-16,763.04,0,0,353058462,80809152,0,100,
771.21,806,0,0,0,0,2026-10-01,2026-10-16,763.04,0,0,353058462,80809152,0,100,
771.2,807,0,0,0,0,2026-10-01,2026-10-16,763.04,0,0,353058462,80809152,0,100,
808,808,0,0,0,0,2026-10-01,2026-10-16,763.04,0,0,353058462,80809152,0,100,
809,809,0,0,0,0,2026-10-01,2026-10-16,763.04,0,0,353058462,80809152,0,100,
767.64,820,0,0,0,0,2026-10-01,2026-10-16,763.04,0,0,353058462,80809152,0,100,
774.26,825,0,0,0,0,2026-10-01,2026-10-16,763.04,0,0,353058462,80809152,0,100,
761.44,835,0,0,0,0,2026-10-01,2026-10-16,763.04,0,0,353058462,80809152,0,100,
767.65,840,0,0,0,0,2026-10-01,2026-10-16,763.04,0,0,353058462,80809152,0,100,
767.92,845,0,0,0,0,2026-10-01,2026-10-16,763.04,0,0,353058462,80809152,0,100,
765.87,855,0,0,0,0,2026-10-01,2026-10-16,763.04,0,0,353058462,80809152,0,100,
760,860,0,0,0,0,2026-10-01,2026-10-16,763.04,0,0,353058462,80809152,0,100,
765.54,865,0,0,0,0,2026-10-01,2026-10-16,763.04,0,0,353058462,80809152,0,100,
761.45,870,0,0,0,0,2026-10-01,2026-10-16,763.04,0,0,353058462,80809152,0,100,
761.56,875,0,0,0,0,2026-10-01,2026-10-16,763.04,0,0,353058462,80809152,0,100,
765.78,885,0,0,0,0,2026-10-01,2026-10-16,763.04,0,0,353058462,80809152,0,100,
761.57,890,0,0,0,0,2026-10-01,2026-10-16,763.04,0,0,353058462,80809152,0,100,
761.57,895,0,0,0,0,2026-10-01,2026-10-16,763.04,0,0,353058462,80809152,0,100,
900,900,0,0,0,0,2026-10-01,2026-10-16,763.04,0,0,353058462,80809152,0,100,
905,905,0,0,0,0,2026-10-01,2026-10-16,763.04,0,0,353058462,80809152,0,100,
910,910,0,0,0,0,2026-10-01,2026-10-16,763.04,0,0,353058462,80809152,0,100,
915,915,0,0,0,0,2026-10-01,2026-10-16,763.04,0,0,353058462,80809152,0,100,
920,920,0,0,0,0,2026-10-01,2026-10-16,763.04,0,0,353058462,80809152,0,100,
761.49,925,0,0,0,0,2026-10-01,2026-10-16,763.04,0,0,353058462,80809152,0,100,
765.1,930,0,0,0,0,2026-10-01,2026-10-16,763.04,0,0,353058462,80809152,0,100,
761.6,935,0,0,0,0,2026-10-01,2026-10-16,763.04,0,0,353058462,80809152,0,100,
761.5,940,0,0,0,0,2026-10-01,2026-10-16,763.04,0,0,353058462,80809152,0,100,
761.5,945,0,0,0,0,2026-10-01,2026-10-16,763.04,0,0,353058462,80809152,0,100,
761.5,950,0,0,0,0,2026-10-01,2026-10-16,763.04,0,0,353058462,80809152,0,100,
955,955,0,0,0,0,2026-10-01,2026-10-16,763.04,0,0,353058462,80809152,0,100,
761.51,960,0,0,0,0,2026-10-01,2026-10-16,763.04,0,0,353058462,80809152,0,100,
965,965,0,0,0,0,2026-10-01,2026-10-16,763.04,0,0,353058462,80809152,0,100,
761.42,970,0,0,0,0,2026-10-01,2026-10-16,763.04,0,0,353058462,80809152,0,100,
975,975,0,0,0,0,2026-10-01,2026-10-16,763.04,0,0,353058462,80809152,0,100,
980,980,0,0,0,0,2026-10-01,2026-10-16,763.04,0,0,353058462,80809152,0,100,
761.53,985,0,0,0,0,2026-10-01,2026-10-16,763.04,0,0,353058462,80809152,0,100,
773.71,990,0,0,0,0,2026-10-01,2026-10-16,763.04,0,0,353058462,80809152,0,100,
995,995,0,0,0,0,2026-10-01,2026-10-16,763.04,0,0,353058462,80809152,0,100,
749.21,1000,0,0,0,0,2026-10-01,2026-10-16,763.04,0,0,353058462,80809152,0,100,
768.23,794,9,0,23193,0,2026-10-01,2026-10-23,763.04,-9,-23193,90832255,18310549,0,100,-Inf
768.35,796,40,0,110600,0,2026-10-01,2026-10-23,763.04,-40,-110600,90832255,18310549,0,100,-Inf
768.03,797,0,0,0,0,2026-10-01,2026-10-23,763.04,0,0,90832255,18310549,0,100,
768.66,798,0,0,0,0,2026-10-01,2026-10-23,763.04,0,0,90832255,18310549,0,100,
765.45,799,0,0,0,0,2026-10-01,2026-10-23,763.04,0,0,90832255,18310549,0,100,
768.74,800,0,0,0,0,2026-10-01,2026-10-23,763.04,0,0,90832255,18310549,0,100,
771.19,801,0,0,0,0,2026-10-01,2026-10-23,763.04,0,0,90832255,18310549,0,100,
771.23,802,0,0,0,0,2026-10-01,2026-10-23,763.04,0,0,90832255,18310549,0,100,
764.45,803,0,0,0,0,2026-10-01,2026-10-23,763.04,0,0,90832255,18310549,0,100,
804,804,0,0,0,0,2026-10-01,2026-10-23,763.04,0,0,90832255,18310549,0,100,
763.56,805,0,0,0,0,2026-10-01,2026-10-23,763.04,0,0,90832255,18310549,0,100,
768.14,806,0,0,0,0,2026-10-01,2026-10-23,763.04,0,0,90832255,18310549,0,100,
770.76,807,0,0,0,0,2026-10-01,2026-10-23,763.04,0,0,90832255,18310549,0,100,
770.78,808,0,0,0,0,2026-10-01,2026-10-23,763.04,0,0,90832255,18310549,0,100,
771.35,809,0,0,0,0,2026-10-01,2026-10-23,763.04,0,0,90832255,18310549,0,100,
771.13,810,0,0,0,0,2026-10-01,2026-10-23,763.04,0,0,90832255,18310549,0,100,
771.94,811,0,0,0,0,2026-10-01,2026-10-23,763.04,0,0,90832255,18310549,0,100,
771.31,812,0,0,0,0,2026-10-01,2026-10-23,763.04,0,0,90832255,18310549,0,100,
774.67,813,0,0,0,0,2026-10-01,2026-10-23,763.04,0,0,90832255,18310549,0,100,
814,814,0,0,0,0,2026-10-01,2026-10-23,763.04,0,0,90832255,18310549,0,100,
767.06,815,0,0,0,0,2026-10-01,2026-10-23,763.04,0,0,90832255,18310549,0,100,
816,816,0,0,0,0,2026-10-01,2026-10-23,763.04,0,0,90832255,18310549,0,100,
817,817,0,0,0,0,2026-10-01,2026-10-23,763.04,0,0,90832255,18310549,0,100,
818,818,0,0,0,0,2026-10-01,2026-10-23,763.04,0,0,90832255,18310549,0,100,
819,819,0,0,0,0,2026-10-01,2026-10-23,763.04,0,0,90832255,18310549,0,100,
820,820,0,0,0,0,2026-10-01,2026-10-23,763.04,0,0,90832255,18310549,0,100,
757.25,821,0,0,0,0,2026-10-01,2026-10-23,763.04,0,0,90832255,18310549,0,100,
822,822,0,0,0,0,2026-10-01,2026-10-23,763.04,0,0,90832255,18310549,0,100,
823,823,0,0,0,0,2026-10-01,2026-10-23,763.04,0,0,90832255,18310549,0,100,
824,824,0,0,0,0,2026-10-01,2026-10-23,763.04,0,0,90832255,18310549,0,100,
825,825,0,0,0,0,2026-10-01,2026-10-23,763.04,0,0,90832255,18310549,0,100,
830,830,0,0,0,0,2026-10-01,2026-10-23,763.04,0,0,90832255,18310549,0,100,
835,835,0,0,0,0,2026-10-01,2026-10-23,763.04,0,0,90832255,18310549,0,100,
840,840,0,0,0,0,2026-10-01,2026-10-23,763.04,0,0,90832255,18310549,0,100,
845,845,0,0,0,0,2026-10-01,2026-10-23,763.04,0,0,90832255,18310549,0,100,
758.1,850,0,0,0,0,2026-10-01,2026-10-23,763.04,0,0,90832255,18310549,0,100,
855,855,0,0,0,0,2026-10-01,2026-10-23,763.04,0,0,90832255,18310549,0,100,
860,860,0,0,0,0,2026-10-01,2026-10-23,763.04,0,0,90832255,18310549,0,100,
865,865,0,0,0,0,2026-10-01,2026-10-23,763.04,0,0,90832255,18310549,0,100,
870,870,0,0,0,0,2026-10-01,2026-10-23,763.04,0,0,90832255,18310549,0,100,
875,875,0,0,0,0,2026-10-01,2026-10-23,763.04,0,0,90832255,18310549,0,100,
880,880,0,0,0,0,2026-10-01,2026-10-23,763.04,0,0,90832255,18310549,0,100,
885,885,0,0,0,0,2026-10-01,2026-10-23,763.04,0,0,90832255,18310549,0,100,
890,890,0,0,0,0,2026-10-01,2026-10-23,763.04,0,0,90832255,18310549,0,100,
895,895,0,0,0,0,2026-10-01,2026-10-23,763.04,0,0,90832255,18310549,0,100,
761.47,900,0,0,0,0,2026-10-01,2026-10-23,763.04,0,0,90832255,18310549,0,100,
905,905,0,0,0,0,2026-10-01,2026-10-23,763.04,0,0,90832255,18310549,0,100,
910,910,0,0,0,0,2026-10-01,2026-10-23,763.04,0,0,90832255,18310549,0,100,
915,915,0,0,0,0,2026-10-01,2026-10-23,763.04,0,0,90832255,18310549,0,100,
920,920,0,0,0,0,2026-10-01,2026-10-23,763.04,0,0,90832255,18310549,0,100,
925,925,0,0,0,0,2026-10-01,2026-10-23,763.04,0,0,90832255,18310549,0,100,
930,930,0,0,0,0,2026-10-01,2026-10-23,763.04,0,0,90832255,18310549,0,100,
767.83,798,76,0,229292,0,2026-10-01,2026-10-30,763.04,-76,-229292,234901454,52625378,0,100,-Inf
767.72,799,136,0,425408,0,2026-10-01,2026-10-30,763.04,-136,-425408,234901454,52625378,0,100,-Inf
768.35,801,0,0,0,0,2026-10-01,2026-10-30,763.04,0,0,234901454,52625378,0,100,
768.15,803,0,0,0,0,2026-10-01,2026-10-30,763.04,0,0,234901454,52625378,0,100,
768.59,806,0,0,0,0,2026-10-01,2026-10-30,763.04,0,0,234901454,52625378,0,100,
769.65,807,0,0,0,0,2026-10-01,2026-10-30,763.04,0,0,234901454,52625378,0,100,
764.91,808,0,0,0,0,2026-10-01,2026-10-30,763.04,0,0,234901454,52625378,0,100,
767.75,809,0,0,0,0,2026-10-01,2026-10-30,763.04,0,0,234901454,52625378,0,100,
770.09,811,0,0,0,0,2026-10-01,2026-10-30,763.04,0,0,234901454,52625378,0,100,
770.81,812,0,0,0,0,2026-10-01,2026-10-30,763.04,0,0,234901454,52625378,0,100,
771.3,813,0,0,0,0,2026-10-01,2026-10-30,763.04,0,0,234901454,52625378,0,100,
771.34,814,0,0,0,0,2026-10-01,2026-10-30,763.04,0,0,234901454,52625378,0,100,
770.54,816,0,0,0,0,2026-10-01,2026-10-30,763.04,0,0,234901454,52625378,0,100,
770.88,817,0,0,0,0,2026-10-01,2026-10-30,763.04,0,0,234901454,52625378,0,100,
771.63,818,0,0,0,0,2026-10-01,2026-10-30,763.04,0,0,234901454,52625378,0,100,
768.25,819,0,0,0,0,2026-10-01,2026-10-30,763.04,0,0,234901454,52625378,0,100,
759.88,820,0,0,0,0,2026-10-01,2026-10-30,763.04,0,0,234901454,52625378,0,100,
821,821,0,0,0,0,2026-10-01,2026-10-30,763.04,0,0,234901454,52625378,0,100,
822,822,0,0,0,0,2026-10-01,2026-10-30,763.04,0,0,234901454,52625378,0,100,
823,823,0,0,0,0,2026-10-01,2026-10-30,763.04,0,0,234901454,52625378,0,100,
824,824,0,0,0,0,2026-10-01,2026-10-30,763.04,0,0,234901454,52625378,0,100,
766.99,826,1,0,5901,0,2026-10-01,2026-10-30,763.04,-1,-5901,234901454,52625378,0,100,-Inf
827,827,0,0,0,0,2026-10-01,2026-10-30,763.04,0,0,234901454,52625378,0,100,
828,828,0,0,0,0,2026-10-01,2026-10-30,763.04,0,0,234901454,52625378,0,100,
829,829,0,0,0,0,2026-10-01,2026-10-30,763.04,0,0,234901454,52625378,0,100,
768.77,830,0,0,0,0,2026-10-01,2026-10-30,763.04,0,0,234901454,52625378,0,100,
831,831,0,0,0,0,2026-10-01,2026-10-30,763.04,0,0,234901454,52625378,0,100,
832,832,0,0,0,0,2026-10-01,2026-10-30,763.04,0,0,234901454,52625378,0,100,
833,833,0,0,0,0,2026-10-01,2026-10-30,763.04,0,0,234901454,52625378,0,100,
761.56,834,0,0,0,0,2026-10-01,2026-10-30,763.04,0,0,234901454,52625378,0,100,
769.62,835,0,0,0,0,2026-10-01,2026-10-30,763.04,0,0,234901454,52625378,0,100,
765.92,845,0,0,0,0,2026-10-01,2026-10-30,763.04,0,0,234901454,52625378,0,100,
773.69,850,0,0,0,0,2026-10-01,2026-10-30,763.04,0,0,234901454,52625378,0,100,
767.13,855,0,0,0,0,2026-10-01,2026-10-30,763.04,0,0,234901454,52625378,0,100,
765.74,865,0,0,0,0,2026-10-01,2026-10-30,763.04,0,0,234901454,52625378,0,100,
870,870,0,0,0,0,2026-10-01,2026-10-30,763.04,0,0,234901454,52625378,0,100,
761.56,875,0,0,0,0,2026-10-01,2026-10-30,763.04,0,0,234901454,52625378,0,100,
880,880,0,0,0,0,2026-10-01,2026-10-30,763.04,0,0,234901454,52625378,0,100,
885,885,0,0,0,0,2026-10-01,2026-10-30,763.04,0,0,234901454,52625378,0,100,
890,890,0,0,0,0,2026-10-01,2026-10-30,763.04,0,0,234901454,52625378,0,100,
895,895,0,0,0,0,2026-10-01,2026-10-30,763.04,0,0,234901454,52625378,0,100,
754.98,900,0,0,0,0,2026-10-01,2026-10-30,763.04,0,0,234901454,52625378,0,100,
905,905,0,0,0,0,2026-10-01,2026-10-30,763.04,0,0,234901454,52625378,0,100,
910,910,0,0,0,0,2026-10-01,2026-10-30,763.04,0,0,234901454,52625378,0,100,
915,915,0,0,0,0,2026-10-01,2026-10-30,763.04,0,0,234901454,52625378,0,100,
920,920,0,0,0,0,2026-10-01,2026-10-30,763.04,0,0,234901454,52625378,0,100,
925,925,0,0,0,0,2026-10-01,2026-10-30,763.04,0,0,234901454,52625378,0,100,
770.02,930,0,0,0,0,2026-10-01,2026-10-30,763.04,0,0,234901454,52625378,0,100,
505,505,0,0,0,0,2026-10-01,2026-11-06,763.04,0,0,17322238,6830610,0,100,
515,515,0,0,0,0,2026-10-01,2026-11-06,763.04,0,0,17322238,6830610,0,100,
520,520,0,0,0,0,2026-10-01,2026-11-06,763.04,0,0,17322238,6830610,0,100,
787,787,0,0,0,0,2026-10-01,2026-11-06,763.04,0,0,17322238,6830610,0,100,
788,788,0,0,0,0,2026-10-01,2026-11-06,763.04,0,0,17322238,6830610,0,100,
789,789,0,0,0,0,2026-10-01,2026-11-06,763.04,0,0,17322238,6830610,0,100,
791,791,0,0,0,0,2026-10-01,2026-11-06,763.04,0,0,17322238,6830610,0,100,
792,792,0,0,0,0,2026-10-01,2026-11-06,763.04,0,0,17322238,6830610,0,100,
793,793,0,0,0,0,2026-10-01,2026-11-06,763.04,0,0,17322238,6830610,0,100,
794,794,0,0,0,0,2026-10-01,2026-11-06,763.04,0,0,17322238,6830610,0,100,
796,796,0,0,0,0,2026-10-01,2026-11-06,763.04,0,0,17322238,6830610,0,100,
797,797,0,0,0,0,2026-10-01,2026-11-06,763.04,0,0,17322238,6830610,0,100,
798,798,0,0,0,0,2026-10-01,2026-11-06,763.04,0,0,17322238,6830610,0,100,
799,799,0,0,0,0,2026-10-01,2026-11-06,763.04,0,0,17322238,6830610,0,100,
763.8,800,1,0,3163,0,2026-10-01,2026-11-06,763.04,-1,-3163,17322238,6830610,0,100,-Inf
801,801,0,0,0,0,2026-10-01,2026-11-06,763.04,0,0,17322238,6830610,0,100,
802,802,0,0,0,0,2026-10-01,2026-11-06,763.04,0,0,17322238,6830610,0,100,
803,803,0,0,0,0,2026-10-01,2026-11-06,763.04,0,0,17322238,6830610,0,100,
804,804,0,0,0,0,2026-10-01,2026-11-06,763.04,0,0,17322238,6830610,0,100,
805,805,0,0,0,0,2026-10-01,2026-11-06,763.04,0,0,17322238,6830610,0,100,
770.86,806,0,0,0,0,2026-10-01,2026-11-06,763.04,0,0,17322238,6830610,0,100,
807,807,0,0,0,0,2026-10-01,2026-11-06,763.04,0,0,17322238,6830610,0,100,
808,808,0,0,0,0,2026-10-01,2026-11-06,763.04,0,0,17322238,6830610,0,100,
809,809,0,0,0,0,2026-10-01,2026-11-06,763.04,0,0,17322238,6830610,0,100,
810,810,0,0,0,0,2026-10-01,2026-11-06,763.04,0,0,17322238,6830610,0,100,
771.36,811,0,0,0,0,2026-10-01,2026-11-06,763.04,0,0,17322238,6830610,0,100,
761.66,812,0,0,0,0,2026-10-01,2026-11-06,763.04,0,0,17322238,6830610,0,100,
813,813,0,0,0,0,2026-10-01,2026-11-06,763.04,0,0,17322238,6830610,0,100,
814,814,0,0,0,0,2026-10-01,2026-11-06,763.04,0,0,17322238,6830610,0,100,
815,815,0,0,0,0,2026-10-01,2026-11-06,763.04,0,0,17322238,6830610,0,100,
820,820,0,0,0,0,2026-10-01,2026-11-06,763.04,0,0,17322238,6830610,0,100,
825,825,0,0,0,0,2026-10-01,2026-11-06,763.04,0,0,17322238,6830610,0,100,
830,830,0,0,0,0,2026-10-01,2026-11-06,763.04,0,0,17322238,6830610,0,100,
835,835,0,0,0,0,2026-10-01,2026-11-06,763.04,0,0,17322238,6830610,0,100,
840,840,0,0,0,0,2026-10-01,2026-11-06,763.04,0,0,17322238,6830610,0,100,
845,845,0,0,0,0,2026-10-01,2026-11-06,763.04,0,0,17322238,6830610,0,100,
850,850,0,0,0,0,2026-10-01,2026-11-06,763.04,0,0,17322238,6830610,0,100,
855,855,0,0,0,0,2026-10-01,2026-11-06,763.04,0,0,17322238,6830610,0,100,
860,860,0,0,0,0,2026-10-01,2026-11-06,763.04,0,0,17322238,6830610,0,100,
865,865,0,0,0,0,2026-10-01,2026-11-06,763.04,0,0,17322238,6830610,0,100,
870,870,0,0,0,0,2026-10-01,2026-11-06,763.04,0,0,17322238,6830610,0,100,
875,875,0,0,0,0,2026-10-01,2026-11-06,763.04,0,0,17322238,6830610,0,100,
880,880,0,0,0,0,2026-10-01,2026-11-06,763.04,0,0,17322238,6830610,0,100,
885,885,0,0,0,0,2026-10-01,2026-11-06,763.04,0,0,17322238,6830610,0,100,
890,890,0,0,0,0,2026-10-01,2026-11-06,763.04,0,0,17322238,6830610,0,100,
895,895,0,0,0,0,2026-10-01,2026-11-06,763.04,0,0,17322238,6830610,0,100,
900,900,0,0,0,0,2026-10-01,2026-11-06,763.04,0,0,17322238,6830610,0,100,
905,905,0,0,0,0,2026-10-01,2026-11-06,763.04,0,0,17322238,6830610,0,100,
910,910,0,0,0,0,2026-10-01,2026-11-06,763.04,0,0,17322238,6830610,0,100,
915,915,0,0,0,0,2026-10-01,2026-11-06,763.04,0,0,17322238,6830610,0,100,
920,920,0,0,0,0,2026-10-01,2026-11-06,763.04,0,0,17322238,6830610,0,100,
925,925,0,0,0,0,2026-10-01,2026-11-06,763.04,0,0,17322238,6830610,0,100,
930,930,0,0,0,0,2026-10-01,2026-11-06,763.04,0,0,17322238,6830610,0,100,
789,789,0,0,0,0,2026-10-01,2026-11-20,763.04,0,0,451091708,86025104,0,100,
792,792,0,0,0,0,2026-10-01,2026-11-20,763.04,0,0,451091708,86025104,0,100,
796,796,0,0,0,0,2026-10-01,2026-11-20,763.04,0,0,451091708,86025104,0,100,
797,797,0,0,0,0,2026-10-01,2026-11-20,763.04,0,0,451091708,86025104,0,100,
798,798,0,0,0,0,2026-10-01,2026-11-20,763.04,0,0,451091708,86025104,0,100,
768.21,830,0,0,0,0,2026-10-01,2026-11-20,763.04,0,0,451091708,86025104,0,100,
762.66,835,0,0,0,0,2026-10-01,2026-11-20,763.04,0,0,451091708,86025104,0,100,
773.5,840,0,0,0,0,2026-10-01,2026-11-20,763.04,0,0,451091708,86025104,0,100,
845,845,0,0,0,0,2026-10-01,2026-11-20,763.04,0,0,451091708,86025104,0,100,
749.51,850,0,0,0,0,2026-10-01,2026-11-20,763.04,0,0,451091708,86025104,0,100,
855,855,0,0,0,0,2026-10-01,2026-11-20,763.04,0,0,451091708,86025104,0,100,
860,860,0,0,0,0,2026-10-01,2026-11-20,763.04,0,0,451091708,86025104,0,100,
746.86,865,0,0,0,0,2026-10-01,2026-11-20,763.04,0,0,451091708,86025104,0,100,
870,870,0,0,0,0,2026-10-01,2026-11-20,763.04,0,0,451091708,86025104,0,100,
875,875,0,0,0,0,2026-10-01,2026-11-20,763.04,0,0,451091708,86025104,0,100,
880,880,0,0,0,0,2026-10-01,2026-11-20,763.04,0,0,451091708,86025104,0,100,
885,885,0,0,0,0,2026-10-01,2026-11-20,763.04,0,0,451091708,86025104,0,100,
890,890,0,0,0,0,2026-10-01,2026-11-20,763.04,0,0,451091708,86025104,0,100,
895,895,0,0,0,0,2026-10-01,2026-11-20,763.04,0,0,451091708,86025104,0,100,
767,900,0,0,0,0,2026-10-01,2026-11-20,763.04,0,0,451091708,86025104,0,100,
761.35,905,0,0,0,0,2026-10-01,2026-11-20,763.04,0,0,451091708,86025104,0,100,
910,910,0,0,0,0,2026-10-01,2026-11-20,763.04,0,0,451091708,86025104,0,100,
915,915,0,0,0,0,2026-10-01,2026-11-20,763.04,0,0,451091708,86025104,0,100,
760.93,920,0,0,0,0,2026-10-01,2026-11-20,763.04,0,0,451091708,86025104,0,100,
925,925,0,0,0,0,2026-10-01,2026-11-20,763.04,0,0,451091708,86025104,0,100,
930,930,0,0,0,0,2026-10-01,2026-11-20,763.04,0,0,451091708,86025104,0,100,
935,935,0,0,0,0,2026-10-01,2026-11-20,763.04,0,0,451091708,86025104,0,100,
940,940,0,0,0,0,2026-10-01,2026-11-20,763.04,0,0,451091708,86025104,0,100,
945,945,0,0,0,0,2026-10-01,2026-11-20,763.04,0,0,451091708,86025104,0,100,
761.62,950,0,0,0,0,2026-10-01,2026-11-20,763.04,0,0,451091708,86025104,0,100,
955,955,0,0,0,0,2026-10-01,2026-11-20,763.04,0,0,451091708,86025104,0,100,
764.18,960,0,0,0,0,2026-10-01,2026-11-20,763.04,0,0,451091708,86025104,0,100,
965,965,0,0,0,0,2026-10-01,2026-11-20,763.04,0,0,451091708,86025104,0,100,
970,970,0,0,0,0,2026-10-01,2026-11-20,763.04,0,0,451091708,86025104,0,100,
975,975,0,0,0,0,2026-10-01,2026-11-20,763.04,0,0,451091708,86025104,0,100,
980,980,0,0,0,0,2026-10-01,2026-11-20,763.04,0,0,451091708,86025104,0,100,
985,985,0,0,0,0,2026-10-01,2026-11-20,763.04,0,0,451091708,86025104,0,100,
990,990,0,0,0,0,2026-10-01,2026-11-20,763.04,0,0,451091708,86025104,0,100,
762.15,995,0,0,0,0,2026-10-01,2026-11-20,763.04,0,0,451091708,86025104,0,100,
762.19,1000,0,0,0,0,2026-10-01,2026-11-20,763.04,0,0,451091708,86025104,0,100,
786,786,0,0,0,0,2026-10-01,2026-12-18,763.04,0,0,529252790,71235277,0,100,
788,788,0,0,0,0,2026-10-01,2026-12-18,763.04,0,0,529252790,71235277,0,100,
755.93,789,0,0,0,0,2026-10-01,2026-12-18,763.04,0,0,529252790,71235277,0,100,
791,791,0,0,0,0,2026-10-01,2026-12-18,763.04,0,0,529252790,71235277,0,100,
792,792,0,0,0,0,2026-10-01,2026-12-18,763.04,0,0,529252790,71235277,0,100,
793,793,0,0,0,0,2026-10-01,2026-12-18,763.04,0,0,529252790,71235277,0,100,
794,794,0,0,0,0,2026-10-01,2026-12-18,763.04,0,0,529252790,71235277,0,100,
797,797,0,0,0,0,2026-10-01,2026-12-18,763.04,0,0,529252790,71235277,0,100,
798,798,0,0,0,0,2026-10-01,2026-12-18,763.04,0,0,529252790,71235277,0,100,
799,799,0,0,0,0,2026-10-01,2026-12-18,763.04,0,0,529252790,71235277,0,100,
801,801,0,0,0,0,2026-10-01,2026-12-18,763.04,0,0,529252790,71235277,0,100,
802,802,0,0,0,0,2026-10-01,2026-12-18,763.04,0,0,529252790,71235277,0,100,
759.77,803,0,0,0,0,2026-10-01,2026-12-18,763.04,0,0,529252790,71235277,0,100,
804,804,0,0,0,0,2026-10-01,2026-12-18,763.04,0,0,529252790,71235277,0,100,
809,809,0,0,0,0,2026-10-01,2026-12-18,763.04,0,0,529252790,71235277,0,100,
816,816,0,0,0,0,2026-10-01,2026-12-18,763.04,0,0,529252790,71235277,0,100,
817,817,0,0,0,0,2026-10-01,2026-12-18,763.04,0,0,529252790,71235277,0,100,
818,818,0,0,0,0,2026-10-01,2026-12-18,763.04,0,0,529252790,71235277,0,100,
819,819,0,0,0,0,2026-10-01,2026-12-18,763.04,0,0,529252790,71235277,0,100,
821,821,0,0,0,0,2026-10-01,2026-12-18,763.04,0,0,529252790,71235277,0,100,
822,822,0,0,0,0,2026-10-01,2026-12-18,763.04,0,0,529252790,71235277,0,100,
823,823,0,0,0,0,2026-10-01,2026-12-18,763.04,0,0,529252790,71235277,0,100,
824,824,0,0,0,0,2026-10-01,2026-12-18,763.04,0,0,529252790,71235277,0,100,
769.16,825,0,0,0,0,2026-10-01,2026-12-18,763.04,0,0,529252790,71235277,0,100,
771.06,835,0,0,0,0,2026-10-01,2026-12-18,763.04,0,0,529252790,71235277,0,100,
770.79,840,0,0,0,0,2026-10-01,2026-12-18,763.04,0,0,529252790,71235277,0,100,
773.26,845,0,0,0,0,2026-10-01,2026-12-18,763.04,0,0,529252790,71235277,0,100,
764.25,855,0,0,0,0,2026-10-01,2026-12-18,763.04,0,0,529252790,71235277,0,100,
771.29,860,0,0,0,0,2026-10-01,2026-12-18,763.04,0,0,529252790,71235277,0,100,
765.29,865,0,0,0,0,2026-10-01,2026-12-18,763.04,0,0,529252790,71235277,0,100,
771.94,870,0,0,0,0,2026-10-01,2026-12-18,763.04,0,0,529252790,71235277,0,100,
765.29,875,0,0,0,0,2026-10-01,2026-12-18,763.04,0,0,529252790,71235277,0,100,
765.29,880,0,0,0,0,2026-10-01,2026-12-18,763.04,0,0,529252790,71235277,0,100,
765.31,885,0,0,0,0,2026-10-01,2026-12-18,763.04,0,0,529252790,71235277,0,100,
890,890,0,0,0,0,2026-10-01,2026-12-18,763.04,0,0,529252790,71235277,0,100,
895,895,0,0,0,0,2026-10-01,2026-12-18,763.04,0,0,529252790,71235277,0,100,
770.36,900,0,0,0,0,2026-10-01,2026-12-18,763.04,0,0,529252790,71235277,0,100,
777.91,905,0,0,0,0,2026-10-01,2026-12-18,763.04,0,0,529252790,71235277,0,100,
657.68,910,0,0,0,0,2026-10-01,2026-12-18,763.04,0,0,529252790,71235277,0,100,
915,915,0,0,0,0,2026-10-01,2026-12-18,763.04,0,0,529252790,71235277,0,100,
920,920,0,0,0,0,2026-10-01,2026-12-18,763.04,0,0,529252790,71235277,0,100,
671.95,925,0,0,0,0,2026-10-01,2026-12-18,763.04,0,0,529252790,71235277,0,100,
738.5,930,0,0,0,0,2026-10-01,2026-12-18,763.04,0,0,529252790,71235277,0,100,
687.45,935,0,0,0,0,2026-10-01,2026-12-18,763.04,0,0,529252790,71235277,0,100,
940,940,0,0,0,0,2026-10-01,2026-12-18,763.04,0,0,529252790,71235277,0,100,
945,945,0,0,0,0,2026-10-01,2026-12-18,763.04,0,0,529252790,71235277,0,100,
950,950,0,0,0,0,2026-10-01,2026-12-18,763.04,0,0,529252790,71235277,0,100,
955,955,0,0,0,0,2026-10-01,2026-12-18,763.04,0,0,529252790,71235277,0,100,
960,960,0,0,0,0,2026-10-01,2026-12-18,763.04,0,0,529252790,71235277,0,100,
766.57,965,0,0,0,0,2026-10-01,2026-12-18,763.04,0,0,529252790,71235277,0,100,
766.59,970,0,0,0,0,2026-10-01,2026-12-18,763.04,0,0,529252790,71235277,0,100,
975,975,0,0,0,0,2026-10-01,2026-12-18,763.04,0,0,529252790,71235277,0,100,
766.93,980,0,0,0,0,2026-10-01,2026-12-18,763.04,0,0,529252790,71235277,0,100,
985,985,0,0,0,0,2026-10-01,2026-12-18,763.04,0,0,529252790,71235277,0,100,
990,990,0,0,0,0,2026-10-01,2026-12-18,763.04,0,0,529252790,71235277,0,100,
760.65,995,0,0,0,0,2026-10-01,2026-12-18,763.04,0,0,529252790,71235277,0,100,
760.66,1000,0,0,0,0,2026-10-01,2026-12-18,763.04,0,0,529252790,71235277,0,100,
